Make,Year,Model,Category
Acura,2003,CL,Coupe
Acura,2002,CL,Coupe
Acura,2001,CL,Coupe
Acura,1999,CL,Coupe
Acura,1998,CL,Coupe
Acura,1997,CL,Coupe
Acura,2021,ILX,Sedan
Acura,2019,ILX,Sedan
Acura,2018,ILX,Sedan
Acura,2017,ILX,Sedan
Acura,2016,ILX,Sedan
Acura,2015,ILX,Sedan
Acura,2014,ILX,Sedan
Acura,2013,ILX,Sedan
Acura,2001,Integra,"Hatchback, Sedan"
Acura,2000,Integra,"Sedan, Hatchback"
Acura,1999,Integra,"Sedan, Hatchback"
Acura,1998,Integra,"Hatchback, Sedan"
Acura,1997,Integra,"Coupe, Sedan"
Acura,1996,Integra,"Sedan, Hatchback"
Acura,1995,Integra,"Sedan, Hatchback"
Acura,1994,Integra,"Hatchback, Sedan"
Acura,1993,Integra,"Hatchback, Sedan"
Acura,1995,Legend,"Coupe, Sedan"
Acura,1994,Legend,"Coupe, Sedan"
Acura,1993,Legend,"Sedan, Coupe"
Acura,1992,Legend,"Sedan, Coupe"
Acura,2026,MDX,SUV
Acura,2025,MDX,SUV
Acura,2024,MDX,SUV
Acura,2023,MDX,SUV
Acura,2022,MDX,SUV
Acura,2020,MDX,SUV
Acura,2019,MDX,SUV
Acura,2018,MDX,SUV
Acura,2017,MDX,SUV
Acura,2016,MDX,SUV
Acura,2015,MDX,SUV
Acura,2014,MDX,SUV
Acura,2013,MDX,SUV
Acura,2012,MDX,SUV
Acura,2011,MDX,SUV
Acura,2010,MDX,SUV
Acura,2009,MDX,SUV
Acura,2008,MDX,SUV
Acura,2007,MDX,SUV
Acura,2006,MDX,SUV
Acura,2005,MDX,SUV
Acura,2004,MDX,SUV
Acura,2003,MDX,SUV
Acura,2002,MDX,SUV
Acura,2001,MDX,SUV
Acura,2019,MDX Sport Hybrid,SUV
Acura,2018,MDX Sport Hybrid,SUV
Acura,2017,MDX Sport Hybrid,SUV
Acura,2019,NSX,Coupe
Acura,2018,NSX,Coupe
Acura,2017,NSX,Coupe
Acura,2005,NSX,Coupe
Acura,2004,NSX,Coupe
Acura,2003,NSX,Coupe
Acura,2002,NSX,Coupe
Acura,2001,NSX,"Coupe, Convertible"
Acura,2000,NSX,"Coupe, Convertible"
Acura,1999,NSX,"Convertible, Coupe"
Acura,1998,NSX,"Coupe, Convertible"
Acura,1997,NSX,"Coupe, Convertible"
Acura,1996,NSX,"Coupe, Convertible"
Acura,1995,NSX,Convertible
Acura,1994,NSX,Coupe
Acura,1993,NSX,Coupe
Acura,1992,NSX,Coupe
Acura,2021,RDX,SUV
Acura,2020,RDX,SUV
Acura,2019,RDX,SUV
Acura,2018,RDX,SUV
Acura,2017,RDX,SUV
Acura,2016,RDX,SUV
Acura,2015,RDX,SUV
Acura,2014,RDX,SUV
Acura,2013,RDX,SUV
Acura,2012,RDX,SUV
Acura,2011,RDX,SUV
Acura,2010,RDX,SUV
Acura,2009,RDX,SUV
Acura,2008,RDX,SUV
Acura,2007,RDX,SUV
Acura,2012,RL,Sedan
Acura,2011,RL,Sedan
Acura,2010,RL,Sedan
Acura,2009,RL,Sedan
Acura,2008,RL,Sedan
Acura,2007,RL,Sedan
Acura,2006,RL,Sedan
Acura,2005,RL,Sedan
Acura,2004,RL,Sedan
Acura,2003,RL,Sedan
Acura,2002,RL,Sedan
Acura,2001,RL,Sedan
Acura,2000,RL,Sedan
Acura,1999,RL,Sedan
Acura,1998,RL,Sedan
Acura,1997,RL,Sedan
Acura,1996,RL,Sedan
Acura,2020,RLX,Sedan
Acura,2019,RLX,Sedan
Acura,2018,RLX,Sedan
Acura,2017,RLX,Sedan
Acura,2016,RLX,Sedan
Acura,2015,RLX,Sedan
Acura,2014,RLX,Sedan
Acura,2019,RLX Sport Hybrid,Sedan
Acura,2018,RLX Sport Hybrid,Sedan
Acura,2017,RLX Sport Hybrid,Sedan
Acura,2016,RLX Sport Hybrid,Sedan
Acura,2014,RLX Sport Hybrid,Sedan
Acura,2006,RSX,Coupe
Acura,2005,RSX,Coupe
Acura,2004,RSX,Coupe
Acura,2003,RSX,Coupe
Acura,2002,RSX,Coupe
Acura,1999,SLX,SUV
Acura,1998,SLX,SUV
Acura,1997,SLX,SUV
Acura,1996,SLX,SUV
Acura,2014,TL,Sedan
Acura,2013,TL,Sedan
Acura,2012,TL,Sedan
Acura,2011,TL,Sedan
Acura,2010,TL,Sedan
Acura,2009,TL,Sedan
Acura,2008,TL,Sedan
Acura,2007,TL,Sedan
Acura,2006,TL,Sedan
Acura,2005,TL,Sedan
Acura,2004,TL,Sedan
Acura,2003,TL,Sedan
Acura,2002,TL,Sedan
Acura,2001,TL,Sedan
Acura,2000,TL,Sedan
Acura,1999,TL,Sedan
Acura,1998,TL,Sedan
Acura,1997,TL,Sedan
Acura,1996,TL,Sedan
Acura,1995,TL,Sedan
Acura,2021,TLX,Sedan
Acura,2020,TLX,Sedan
Acura,2019,TLX,Sedan
Acura,2018,TLX,Sedan
Acura,2017,TLX,Sedan
Acura,2016,TLX,Sedan
Acura,2015,TLX,Sedan
Acura,2014,TSX,"Sedan, Wagon"
Acura,2013,TSX,"Sedan, Wagon"
Acura,2012,TSX,"Wagon, Sedan"
Acura,2011,TSX,"Sedan, Wagon"
Acura,2010,TSX,Sedan
Acura,2009,TSX,Sedan
Acura,2008,TSX,Sedan
Acura,2007,TSX,Sedan
Acura,2006,TSX,Sedan
Acura,2005,TSX,Sedan
Acura,2004,TSX,Sedan
Acura,1994,Vigor,Sedan
Acura,1993,Vigor,Sedan
Acura,1992,Vigor,Sedan
Acura,2013,ZDX,SUV
Acura,2012,ZDX,SUV
Acura,2011,ZDX,SUV
Acura,2010,ZDX,SUV
Alfa Romeo,1995,164,Sedan
Alfa Romeo,1994,164,Sedan
Alfa Romeo,1993,164,Sedan
Alfa Romeo,1992,164,Sedan
Alfa Romeo,2018,4C,Coupe
Alfa Romeo,2017,4C,Coupe
Alfa Romeo,2016,4C,Coupe
Alfa Romeo,2015,4C,Coupe
Alfa Romeo,2019,4C Spider,Convertible
Alfa Romeo,2018,4C Spider,Convertible
Alfa Romeo,2016,4C Spider,Convertible
Alfa Romeo,2015,4C Spider,Convertible
Alfa Romeo,2021,Giulia,Sedan
Alfa Romeo,2019,Giulia,Sedan
Alfa Romeo,2018,Giulia,Sedan
Alfa Romeo,2017,Giulia,Sedan
Alfa Romeo,1994,Spider,Convertible
Alfa Romeo,1993,Spider,Convertible
Alfa Romeo,1992,Spider,Convertible
Alfa Romeo,2021,Stelvio,SUV
Alfa Romeo,2019,Stelvio,SUV
Alfa Romeo,2018,Stelvio,SUV
Aston Martin,2018,DB11,Coupe
Aston Martin,2017,DB11,Coupe
Aston Martin,2015,DB9,"Coupe, Convertible"
Aston Martin,2014,DB9,"Coupe, Convertible"
Aston Martin,2013,DB9,"Coupe, Convertible"
Aston Martin,2012,DB9,"Coupe, Convertible"
Aston Martin,2011,DB9,"Convertible, Coupe"
Aston Martin,2010,DB9,"Coupe, Convertible"
Aston Martin,2009,DB9,"Coupe, Convertible"
Aston Martin,2008,DB9,"Convertible, Coupe"
Aston Martin,2007,DB9,"Convertible, Coupe"
Aston Martin,2006,DB9,"Convertible, Coupe"
Aston Martin,2005,DB9,"Convertible, Coupe"
Aston Martin,2016,DB9 GT,"Coupe, Convertible"
Aston Martin,2012,DBS,"Coupe, Convertible"
Aston Martin,2011,DBS,"Coupe, Convertible"
Aston Martin,2010,DBS,"Coupe, Convertible"
Aston Martin,2009,DBS,"Coupe, Convertible"
Aston Martin,2008,DBS,Coupe
Aston Martin,2012,Rapide,Sedan
Aston Martin,2011,Rapide,Sedan
Aston Martin,2010,Rapide,Sedan
Aston Martin,2017,Rapide S,Sedan
Aston Martin,2016,Rapide S,Sedan
Aston Martin,2015,Rapide S,Sedan
Aston Martin,2014,Rapide S,Sedan
Aston Martin,2017,Vanquish,"Coupe, Convertible"
Aston Martin,2016,Vanquish,"Coupe, Convertible"
Aston Martin,2015,Vanquish,"Coupe, Convertible"
Aston Martin,2014,Vanquish,"Coupe, Convertible"
Aston Martin,2018,Vanquish S,"Convertible, Coupe"
Aston Martin,2006,Vanquish S,Coupe
Aston Martin,2005,Vanquish S,Coupe
Aston Martin,2017,Vantage,"Convertible, Coupe"
Aston Martin,2016,Vantage,"Coupe, Convertible"
Aston Martin,2015,Vantage,"Coupe, Convertible"
Aston Martin,2014,Vantage,"Coupe, Convertible"
Aston Martin,2013,Vantage,"Coupe, Convertible"
Aston Martin,2012,Vantage,"Coupe, Convertible"
Aston Martin,2011,Vantage,"Coupe, Convertible"
Aston Martin,2010,Vantage,"Coupe, Convertible"
Aston Martin,2009,Vantage,"Convertible, Coupe"
Aston Martin,2008,Vantage,"Coupe, Convertible"
Aston Martin,2007,Vantage,"Convertible, Coupe"
Aston Martin,2006,Vantage,Coupe
Aston Martin,2012,Virage,"Coupe, Convertible"
Audi,1992,80,Sedan
Audi,1995,90,Sedan
Audi,1994,90,Sedan
Audi,1993,90,Sedan
Audi,1994,100,"Wagon, Sedan"
Audi,1993,100,"Sedan, Wagon"
Audi,1992,100,"Sedan, Wagon"
Audi,2019,A3,"Convertible, Sedan"
Audi,2018,A3,"Sedan, Convertible"
Audi,2017,A3,"Sedan, Convertible"
Audi,2016,A3,"Sedan, Convertible"
Audi,2015,A3,"Sedan, Convertible"
Audi,2013,A3,Wagon
Audi,2012,A3,Wagon
Audi,2011,A3,Wagon
Audi,2010,A3,Wagon
Audi,2009,A3,Wagon
Audi,2008,A3,Wagon
Audi,2007,A3,Wagon
Audi,2006,A3,Wagon
Audi,2018,A3 Sportback e-tron,Wagon
Audi,2017,A3 Sportback e-tron,Wagon
Audi,2016,A3 Sportback e-tron,Wagon
Audi,2019,A4,Sedan
Audi,2018,A4,Sedan
Audi,2017,A4,Sedan
Audi,2016,A4,Sedan
Audi,2015,A4,Sedan
Audi,2014,A4,Sedan
Audi,2013,A4,Sedan
Audi,2012,A4,"Sedan, Wagon"
Audi,2011,A4,"Sedan, Wagon"
Audi,2010,A4,"Sedan, Wagon"
Audi,2009,A4,"Convertible, Wagon, Sedan"
Audi,2008,A4,"Convertible, Sedan, Wagon"
Audi,2007,A4,"Sedan, Wagon, Convertible"
Audi,2006,A4,"Convertible, Sedan, Wagon"
Audi,2005,A4,"Convertible, Wagon, Sedan"
Audi,2004,A4,"Convertible, Wagon, Sedan"
Audi,2003,A4,"Wagon, Sedan, Convertible"
Audi,2002,A4,"Sedan, Wagon"
Audi,2001,A4,"Sedan, Wagon"
Audi,2000,A4,"Wagon, Sedan"
Audi,1999,A4,"Sedan, Wagon"
Audi,1998,A4,"Sedan, Wagon"
Audi,1997,A4,Sedan
Audi,1996,A4,Sedan
Audi,2005,A4 (2005.5),"Sedan, Wagon"
Audi,2019,A4 allroad,Wagon
Audi,2018,A4 allroad,Wagon
Audi,2017,A4 allroad,Wagon
Audi,2019,A5,"Coupe, Sedan, Convertible"
Audi,2018,A5,"Coupe, Convertible, Sedan"
Audi,2016,A5,"Coupe, Convertible"
Audi,2015,A5,"Coupe, Convertible"
Audi,2014,A5,"Coupe, Convertible"
Audi,2013,A5,"Convertible, Coupe"
Audi,2012,A5,"Convertible, Coupe"
Audi,2011,A5,"Coupe, Convertible"
Audi,2010,A5,"Coupe, Convertible"
Audi,2009,A5,Coupe
Audi,2008,A5,Coupe
Audi,2017,A5 Sport,"Convertible, Coupe"
Audi,2019,A6,Sedan
Audi,2018,A6,Sedan
Audi,2017,A6,Sedan
Audi,2016,A6,Sedan
Audi,2015,A6,Sedan
Audi,2014,A6,Sedan
Audi,2013,A6,Sedan
Audi,2012,A6,Sedan
Audi,2011,A6,"Sedan, Wagon"
Audi,2010,A6,"Sedan, Wagon"
Audi,2009,A6,"Sedan, Wagon"
Audi,2008,A6,"Sedan, Wagon"
Audi,2007,A6,"Sedan, Wagon"
Audi,2006,A6,"Sedan, Wagon"
Audi,2005,A6,Sedan
Audi,2004,A6,"Wagon, Sedan"
Audi,2003,A6,"Sedan, Wagon"
Audi,2002,A6,"Wagon, Sedan"
Audi,2001,A6,"Wagon, Sedan"
Audi,2000,A6,"Sedan, Wagon"
Audi,1999,A6,"Sedan, Wagon"
Audi,1998,A6,"Sedan, Wagon"
Audi,1997,A6,"Wagon, Sedan"
Audi,1996,A6,"Sedan, Wagon"
Audi,1995,A6,"Wagon, Sedan"
Audi,2021,A6 allroad,Wagon
Audi,2021,A7,Sedan
Audi,2020,A7,Sedan
Audi,2019,A7,Sedan
Audi,2018,A7,Sedan
Audi,2017,A7,Sedan
Audi,2016,A7,Sedan
Audi,2015,A7,Sedan
Audi,2014,A7,Sedan
Audi,2013,A7,Sedan
Audi,2012,A7,Sedan
Audi,2019,A8,Sedan
Audi,2018,A8,Sedan
Audi,2017,A8,Sedan
Audi,2016,A8,Sedan
Audi,2015,A8,Sedan
Audi,2014,A8,Sedan
Audi,2013,A8,Sedan
Audi,2012,A8,Sedan
Audi,2011,A8,Sedan
Audi,2010,A8,Sedan
Audi,2009,A8,Sedan
Audi,2008,A8,Sedan
Audi,2007,A8,Sedan
Audi,2006,A8,Sedan
Audi,2005,A8,Sedan
Audi,2004,A8,Sedan
Audi,2003,A8,Sedan
Audi,2002,A8,Sedan
Audi,2001,A8,Sedan
Audi,2000,A8,Sedan
Audi,1999,A8,Sedan
Audi,1998,A8,Sedan
Audi,1997,A8,Sedan
Audi,2016,allroad,Wagon
Audi,2015,allroad,Wagon
Audi,2014,allroad,Wagon
Audi,2013,allroad,Wagon
Audi,2005,allroad,Wagon
Audi,2004,allroad,Wagon
Audi,2003,allroad,Wagon
Audi,2002,allroad,Wagon
Audi,2001,allroad,Wagon
Audi,1998,Cabriolet,Convertible
Audi,1997,Cabriolet,Convertible
Audi,1996,Cabriolet,Convertible
Audi,1995,Cabriolet,Convertible
Audi,1994,Cabriolet,Convertible
Audi,2019,e-tron,SUV
Audi,2021,Q3,SUV
Audi,2020,Q3,SUV
Audi,2019,Q3,SUV
Audi,2018,Q3,SUV
Audi,2017,Q3,SUV
Audi,2016,Q3,SUV
Audi,2015,Q3,SUV
Audi,2021,Q5,SUV
Audi,2020,Q5,SUV
Audi,2019,Q5,SUV
Audi,2018,Q5,SUV
Audi,2017,Q5,SUV
Audi,2016,Q5,SUV
Audi,2015,Q5,SUV
Audi,2014,Q5,SUV
Audi,2013,Q5,SUV
Audi,2012,Q5,SUV
Audi,2011,Q5,SUV
Audi,2010,Q5,SUV
Audi,2009,Q5,SUV
Audi,2019,Q7,SUV
Audi,2018,Q7,SUV
Audi,2017,Q7,SUV
Audi,2015,Q7,SUV
Audi,2014,Q7,SUV
Audi,2013,Q7,SUV
Audi,2012,Q7,SUV
Audi,2011,Q7,SUV
Audi,2010,Q7,SUV
Audi,2009,Q7,SUV
Audi,2008,Q7,SUV
Audi,2007,Q7,SUV
Audi,2021,Q8,SUV
Audi,2019,Q8,SUV
Audi,1994,Quattro,Sedan
Audi,1993,Quattro,Sedan
Audi,1992,Quattro,Sedan
Audi,2020,R8,"Coupe, Convertible"
Audi,2018,R8,"Coupe, Convertible"
Audi,2017,R8,"Coupe, Convertible"
Audi,2015,R8,"Coupe, Convertible"
Audi,2014,R8,"Coupe, Convertible"
Audi,2012,R8,"Coupe, Convertible"
Audi,2011,R8,"Coupe, Convertible"
Audi,2010,R8,Coupe
Audi,2009,R8,Coupe
Audi,2008,R8,Coupe
Audi,2019,RS 3,Sedan
Audi,2018,RS 3,Sedan
Audi,2017,RS 3,Sedan
Audi,2008,RS 4,"Sedan, Convertible"
Audi,2007,RS 4,Sedan
Audi,2019,RS 5,"Sedan, Coupe"
Audi,2018,RS 5,Coupe
Audi,2015,RS 5,"Coupe, Convertible"
Audi,2014,RS 5,"Convertible, Coupe"
Audi,2013,RS 5,"Coupe, Convertible"
Audi,2003,RS 6,Sedan
Audi,2018,RS 7,Sedan
Audi,2017,RS 7,Sedan
Audi,2016,RS 7,Sedan
Audi,2015,RS 7,Sedan
Audi,2014,RS 7,Sedan
Audi,2019,S3,Sedan
Audi,2018,S3,Sedan
Audi,2017,S3,Sedan
Audi,2016,S3,Sedan
Audi,2015,S3,Sedan
Audi,2019,S4,Sedan
Audi,2018,S4,Sedan
Audi,2016,S4,Sedan
Audi,2015,S4,Sedan
Audi,2014,S4,Sedan
Audi,2013,S4,Sedan
Audi,2012,S4,Sedan
Audi,2011,S4,Sedan
Audi,2010,S4,Sedan
Audi,2009,S4,Convertible
Audi,2008,S4,"Sedan, Wagon, Convertible"
Audi,2007,S4,"Sedan, Wagon, Convertible"
Audi,2006,S4,"Sedan, Wagon, Convertible"
Audi,2005,S4,"Convertible, Wagon, Sedan"
Audi,2004,S4,"Wagon, Convertible, Sedan"
Audi,2002,S4,"Wagon, Sedan"
Audi,2001,S4,"Wagon, Sedan"
Audi,2000,S4,Sedan
Audi,1994,S4,Sedan
Audi,1993,S4,Sedan
Audi,1992,S4,Sedan
Audi,2005,S4 (2005.5),"Sedan, Wagon"
Audi,2021,S5,"Convertible,Sedan,Coupe"
Audi,2019,S5,"Sedan, Coupe, Convertible"
Audi,2018,S5,"Sedan, Coupe, Convertible"
Audi,2017,S5,"Coupe, Convertible"
Audi,2016,S5,"Coupe, Convertible"
Audi,2015,S5,"Coupe, Convertible"
Audi,2014,S5,"Convertible, Coupe"
Audi,2013,S5,"Coupe, Convertible"
Audi,2012,S5,"Coupe, Convertible"
Audi,2011,S5,"Coupe, Convertible"
Audi,2010,S5,"Coupe, Convertible"
Audi,2009,S5,Coupe
Audi,2008,S5,Coupe
Audi,2021,S6,Sedan
Audi,2018,S6,Sedan
Audi,2017,S6,Sedan
Audi,2016,S6,Sedan
Audi,2015,S6,Sedan
Audi,2014,S6,Sedan
Audi,2013,S6,Sedan
Audi,2011,S6,Sedan
Audi,2010,S6,Sedan
Audi,2009,S6,Sedan
Audi,2008,S6,Sedan
Audi,2007,S6,Sedan
Audi,2003,S6,Wagon
Audi,2002,S6,Wagon
Audi,1995,S6,"Wagon, Sedan"
Audi,2018,S7,Sedan
Audi,2017,S7,Sedan
Audi,2016,S7,Sedan
Audi,2015,S7,Sedan
Audi,2014,S7,Sedan
Audi,2013,S7,Sedan
Audi,2018,S8,Sedan
Audi,2017,S8,Sedan
Audi,2016,S8,Sedan
Audi,2015,S8,Sedan
Audi,2014,S8,Sedan
Audi,2013,S8,Sedan
Audi,2009,S8,Sedan
Audi,2008,S8,Sedan
Audi,2007,S8,Sedan
Audi,2003,S8,Sedan
Audi,2002,S8,Sedan
Audi,2001,S8,Sedan
Audi,2020,SQ5,SUV
Audi,2019,SQ5,SUV
Audi,2018,SQ5,SUV
Audi,2017,SQ5,SUV
Audi,2016,SQ5,SUV
Audi,2015,SQ5,SUV
Audi,2014,SQ5,SUV
Audi,2019,TT,Coupe
Audi,2018,TT,"Coupe, Convertible"
Audi,2017,TT,"Coupe, Convertible"
Audi,2016,TT,"Coupe, Convertible"
Audi,2015,TT,"Coupe, Convertible"
Audi,2014,TT,"Coupe, Convertible"
Audi,2013,TT,"Convertible, Coupe"
Audi,2012,TT,"Coupe, Convertible"
Audi,2011,TT,"Coupe, Convertible"
Audi,2010,TT,"Coupe, Convertible"
Audi,2009,TT,"Coupe, Convertible"
Audi,2008,TT,"Convertible, Coupe"
Audi,2006,TT,"Coupe, Convertible"
Audi,2005,TT,"Coupe, Convertible"
Audi,2004,TT,"Convertible, Coupe"
Audi,2003,TT,"Coupe, Convertible"
Audi,2002,TT,"Hatchback, Convertible"
Audi,2001,TT,"Coupe, Convertible"
Audi,2000,TT,Coupe
Bentley,2009,Arnage,Sedan
Bentley,2008,Arnage,Sedan
Bentley,2007,Arnage,Sedan
Bentley,2006,Arnage,Sedan
Bentley,2005,Arnage,Sedan
Bentley,2009,Azure,Convertible
Bentley,2008,Azure,Convertible
Bentley,2007,Azure,Convertible
Bentley,2010,Azure T,Convertible
Bentley,2018,Bentayga,SUV
Bentley,2017,Bentayga,SUV
Bentley,2010,Brooklands,Coupe
Bentley,2009,Brooklands,Coupe
Bentley,2018,Continental,Convertible
Bentley,2017,Continental,"Convertible, Coupe"
Bentley,2016,Continental,"Convertible, Coupe"
Bentley,2015,Continental,"Coupe, Convertible"
Bentley,2014,Continental,"Coupe, Convertible"
Bentley,2013,Continental,"Sedan, Convertible, Coupe"
Bentley,2012,Continental,"Coupe, Sedan, Convertible"
Bentley,2011,Continental,"Convertible, Sedan, Coupe"
Bentley,2010,Continental,"Convertible, Sedan, Coupe"
Bentley,2009,Continental,"Coupe, Sedan, Convertible"
Bentley,2008,Continental,"Sedan, Coupe, Convertible"
Bentley,2007,Continental,"Sedan, Coupe, Convertible"
Bentley,2006,Continental,"Sedan, Coupe"
Bentley,2005,Continental,"Coupe, Sedan"
Bentley,2018,Flying Spur,Sedan
Bentley,2017,Flying Spur,Sedan
Bentley,2016,Flying Spur,Sedan
Bentley,2015,Flying Spur,Sedan
Bentley,2014,Flying Spur,Sedan
Bentley,2018,Mulsanne,Sedan
Bentley,2017,Mulsanne,Sedan
Bentley,2016,Mulsanne,Sedan
Bentley,2015,Mulsanne,Sedan
Bentley,2014,Mulsanne,Sedan
Bentley,2013,Mulsanne,Sedan
Bentley,2012,Mulsanne,Sedan
Bentley,2011,Mulsanne,Sedan
BMW,2013,1 Series,"Coupe, Convertible"
BMW,2012,1 Series,"Convertible, Coupe"
BMW,2011,1 Series,"Coupe, Convertible"
BMW,2010,1 Series,"Coupe, Convertible"
BMW,2009,1 Series,"Coupe, Convertible"
BMW,2008,1 Series,"Coupe, Convertible"
BMW,2019,2 Series,"Coupe, Convertible"
BMW,2018,2 Series,"Coupe, Convertible"
BMW,2017,2 Series,"Convertible, Coupe"
BMW,2016,2 Series,"Convertible, Coupe"
BMW,2015,2 Series,"Coupe, Convertible"
BMW,2014,2 Series,Coupe
BMW,2021,3 Series,Sedan
BMW,2020,3 Series,Sedan
BMW,2019,3 Series,"Sedan, Wagon"
BMW,2018,3 Series,"Sedan, Wagon"
BMW,2017,3 Series,"Sedan, Wagon"
BMW,2016,3 Series,"Sedan, Wagon"
BMW,2015,3 Series,"Sedan, Wagon"
BMW,2014,3 Series,"Wagon, Sedan"
BMW,2013,3 Series,"Convertible, Sedan, Coupe"
BMW,2012,3 Series,"Coupe, Convertible, Wagon, Sedan"
BMW,2011,3 Series,"Sedan, Coupe, Convertible, Wagon"
BMW,2010,3 Series,"Sedan, Coupe, Convertible, Wagon"
BMW,2009,3 Series,"Sedan, Convertible, Coupe, Wagon"
BMW,2008,3 Series,"Sedan, Coupe, Wagon, Convertible"
BMW,2007,3 Series,"Coupe, Sedan, Convertible, Wagon"
BMW,2006,3 Series,"Coupe, Sedan, Convertible, Wagon"
BMW,2005,3 Series,"Sedan, Coupe, Convertible, Wagon"
BMW,2004,3 Series,"Sedan, Coupe, Convertible, Wagon"
BMW,2003,3 Series,"Sedan, Convertible, Coupe, Wagon"
BMW,2002,3 Series,"Sedan, Coupe, Convertible, Wagon"
BMW,2001,3 Series,"Coupe, Sedan, Wagon, Convertible"
BMW,2000,3 Series,"Sedan, Wagon, Convertible, Coupe"
BMW,1999,3 Series,"Coupe, Hatchback, Convertible, Sedan"
BMW,1998,3 Series,"Coupe, Hatchback, Convertible, Sedan"
BMW,1997,3 Series,"Coupe, Hatchback, Convertible, Sedan"
BMW,1996,3 Series,"Hatchback, Coupe, Sedan, Convertible"
BMW,1995,3 Series,"Hatchback, Sedan, Coupe, Convertible"
BMW,1994,3 Series,"Sedan, Coupe, Convertible"
BMW,1993,3 Series,"Sedan, Coupe, Convertible"
BMW,1992,3 Series,"Coupe, Convertible, Sedan"
BMW,2019,4 Series,"Convertible, Sedan, Coupe"
BMW,2018,4 Series,"Coupe, Sedan, Convertible"
BMW,2017,4 Series,"Sedan, Coupe, Convertible"
BMW,2016,4 Series,"Coupe, Convertible"
BMW,2015,4 Series,"Coupe, Convertible"
BMW,2014,4 Series,"Coupe, Convertible"
BMW,2019,5 Series,Sedan
BMW,2018,5 Series,Sedan
BMW,2017,5 Series,Sedan
BMW,2016,5 Series,Sedan
BMW,2015,5 Series,Sedan
BMW,2014,5 Series,Sedan
BMW,2013,5 Series,Sedan
BMW,2012,5 Series,Sedan
BMW,2011,5 Series,Sedan
BMW,2010,5 Series,"Sedan, Wagon"
BMW,2009,5 Series,"Sedan, Wagon"
BMW,2008,5 Series,"Sedan, Wagon"
BMW,2007,5 Series,"Sedan, Wagon"
BMW,2006,5 Series,"Sedan, Wagon"
BMW,2005,5 Series,Sedan
BMW,2004,5 Series,Sedan
BMW,2003,5 Series,"Sedan, Wagon"
BMW,2002,5 Series,"Sedan, Wagon"
BMW,2001,5 Series,"Wagon, Sedan"
BMW,2000,5 Series,"Sedan, Wagon"
BMW,1999,5 Series,"Wagon, Sedan"
BMW,1998,5 Series,Sedan
BMW,1997,5 Series,Sedan
BMW,1995,5 Series,"Wagon, Sedan"
BMW,1994,5 Series,"Sedan, Wagon"
BMW,1993,5 Series,"Wagon, Sedan"
BMW,1992,5 Series,"Sedan, Wagon"
BMW,2019,6 Series,Sedan
BMW,2018,6 Series,"Sedan, Convertible"
BMW,2017,6 Series,"Coupe, Sedan, Convertible"
BMW,2016,6 Series,"Coupe, Sedan, Convertible"
BMW,2015,6 Series,"Coupe, Sedan, Convertible"
BMW,2014,6 Series,"Coupe, Convertible"
BMW,2013,6 Series,"Convertible, Coupe"
BMW,2012,6 Series,"Convertible, Coupe"
BMW,2010,6 Series,"Coupe, Convertible"
BMW,2009,6 Series,"Convertible, Coupe"
BMW,2008,6 Series,"Convertible, Coupe"
BMW,2007,6 Series,"Coupe, Convertible"
BMW,2006,6 Series,"Coupe, Convertible"
BMW,2005,6 Series,"Coupe, Convertible"
BMW,2004,6 Series,"Convertible, Coupe"
BMW,2020,7 Series,Sedan
BMW,2019,7 Series,Sedan
BMW,2018,7 Series,Sedan
BMW,2017,7 Series,Sedan
BMW,2016,7 Series,Sedan
BMW,2015,7 Series,Sedan
BMW,2014,7 Series,Sedan
BMW,2013,7 Series,Sedan
BMW,2012,7 Series,Sedan
BMW,2011,7 Series,Sedan
BMW,2010,7 Series,Sedan
BMW,2009,7 Series,Sedan
BMW,2008,7 Series,Sedan
BMW,2007,7 Series,Sedan
BMW,2006,7 Series,Sedan
BMW,2005,7 Series,Sedan
BMW,2004,7 Series,Sedan
BMW,2003,7 Series,Sedan
BMW,2002,7 Series,Sedan
BMW,2001,7 Series,Sedan
BMW,2000,7 Series,Sedan
BMW,1999,7 Series,Sedan
BMW,1998,7 Series,Sedan
BMW,1997,7 Series,Sedan
BMW,1996,7 Series,Sedan
BMW,1995,7 Series,Sedan
BMW,1994,7 Series,Sedan
BMW,1993,7 Series,Sedan
BMW,1992,7 Series,Sedan
BMW,2019,8 Series,"Coupe, Convertible"
BMW,1997,8 Series,Coupe
BMW,1996,8 Series,Coupe
BMW,1995,8 Series,Coupe
BMW,1994,8 Series,Coupe
BMW,1993,8 Series,Coupe
BMW,1992,8 Series,Coupe
BMW,2008,Alpina B7,Sedan
BMW,2007,Alpina B7,Sedan
BMW,2019,i3,Hatchback
BMW,2018,i3,Hatchback
BMW,2017,i3,Hatchback
BMW,2016,i3,Hatchback
BMW,2015,i3,Hatchback
BMW,2014,i3,Hatchback
BMW,2019,i8,"Convertible, Coupe"
BMW,2017,i8,Coupe
BMW,2016,i8,Coupe
BMW,2015,i8,Coupe
BMW,2014,i8,Coupe
BMW,2002,M,"Coupe, Convertible"
BMW,2001,M,"Hatchback, Convertible"
BMW,2000,M,"Hatchback, Convertible"
BMW,2019,M2,Coupe
BMW,2018,M2,Coupe
BMW,2017,M2,Coupe
BMW,2016,M2,Coupe
BMW,2018,M3,Sedan
BMW,2017,M3,Sedan
BMW,2016,M3,Sedan
BMW,2015,M3,Sedan
BMW,2013,M3,"Coupe, Convertible"
BMW,2012,M3,"Convertible, Coupe"
BMW,2011,M3,"Convertible, Coupe, Sedan"
BMW,2010,M3,"Coupe, Sedan, Convertible"
BMW,2009,M3,"Coupe, Sedan, Convertible"
BMW,2008,M3,"Coupe, Sedan, Convertible"
BMW,2006,M3,"Convertible, Coupe"
BMW,2005,M3,"Coupe, Convertible"
BMW,2004,M3,"Convertible, Coupe"
BMW,2003,M3,"Coupe, Convertible"
BMW,2002,M3,"Convertible, Coupe"
BMW,2001,M3,"Coupe, Convertible"
BMW,1999,M3,"Coupe, Convertible"
BMW,1998,M3,"Convertible, Sedan, Coupe"
BMW,1997,M3,"Sedan, Coupe"
BMW,1996,M3,Coupe
BMW,1995,M3,Coupe
BMW,2019,M4,"Coupe, Convertible"
BMW,2018,M4,"Convertible, Coupe"
BMW,2017,M4,"Convertible, Coupe"
BMW,2016,M4,"Coupe, Convertible"
BMW,2015,M4,"Coupe, Convertible"
BMW,2019,M5,Sedan
BMW,2018,M5,Sedan
BMW,2016,M5,Sedan
BMW,2015,M5,Sedan
BMW,2014,M5,Sedan
BMW,2013,M5,Sedan
BMW,2010,M5,Sedan
BMW,2009,M5,Sedan
BMW,2008,M5,Sedan
BMW,2007,M5,Sedan
BMW,2006,M5,Sedan
BMW,2003,M5,Sedan
BMW,2002,M5,Sedan
BMW,2001,M5,Sedan
BMW,2000,M5,Sedan
BMW,1993,M5,Sedan
BMW,1992,M5,Sedan
BMW,2019,M6,Coupe
BMW,2018,M6,"Coupe, Convertible"
BMW,2017,M6,"Coupe, Convertible"
BMW,2016,M6,"Coupe, Convertible"
BMW,2015,M6,"Coupe, Convertible"
BMW,2014,M6,"Coupe, Convertible"
BMW,2013,M6,"Coupe, Convertible"
BMW,2012,M6,Convertible
BMW,2010,M6,"Coupe, Convertible"
BMW,2009,M6,"Coupe, Convertible"
BMW,2008,M6,"Coupe, Convertible"
BMW,2007,M6,"Coupe, Convertible"
BMW,2006,M6,Coupe
BMW,2021,X1,SUV
BMW,2019,X1,SUV
BMW,2018,X1,SUV
BMW,2017,X1,SUV
BMW,2016,X1,SUV
BMW,2015,X1,SUV
BMW,2014,X1,SUV
BMW,2013,X1,SUV
BMW,2019,X2,SUV
BMW,2018,X2,SUV
BMW,2021,X3,SUV
BMW,2020,X3,SUV
BMW,2019,X3,SUV
BMW,2018,X3,SUV
BMW,2017,X3,SUV
BMW,2016,X3,SUV
BMW,2015,X3,SUV
BMW,2014,X3,SUV
BMW,2013,X3,SUV
BMW,2012,X3,SUV
BMW,2011,X3,SUV
BMW,2010,X3,SUV
BMW,2009,X3,SUV
BMW,2008,X3,SUV
BMW,2007,X3,SUV
BMW,2006,X3,SUV
BMW,2005,X3,SUV
BMW,2004,X3,SUV
BMW,2019,X4,SUV
BMW,2018,X4,SUV
BMW,2017,X4,SUV
BMW,2016,X4,SUV
BMW,2015,X4,SUV
BMW,2021,X5,SUV
BMW,2020,X5,SUV
BMW,2019,X5,SUV
BMW,2018,X5,SUV
BMW,2017,X5,SUV
BMW,2016,X5,SUV
BMW,2015,X5,SUV
BMW,2014,X5,SUV
BMW,2013,X5,SUV
BMW,2012,X5,SUV
BMW,2011,X5,SUV
BMW,2010,X5,SUV
BMW,2009,X5,SUV
BMW,2008,X5,SUV
BMW,2007,X5,SUV
BMW,2006,X5,SUV
BMW,2005,X5,SUV
BMW,2004,X5,SUV
BMW,2003,X5,SUV
BMW,2002,X5,SUV
BMW,2001,X5,SUV
BMW,2000,X5,SUV
BMW,2018,X5 M,SUV
BMW,2017,X5 M,SUV
BMW,2016,X5 M,SUV
BMW,2015,X5 M,SUV
BMW,2013,X5 M,SUV
BMW,2012,X5 M,SUV
BMW,2011,X5 M,SUV
BMW,2010,X5 M,SUV
BMW,2019,X6,SUV
BMW,2018,X6,SUV
BMW,2017,X6,SUV
BMW,2016,X6,SUV
BMW,2015,X6,SUV
BMW,2014,X6,SUV
BMW,2013,X6,SUV
BMW,2012,X6,SUV
BMW,2011,X6,SUV
BMW,2010,X6,SUV
BMW,2009,X6,SUV
BMW,2008,X6,SUV
BMW,2019,X6 M,SUV
BMW,2018,X6 M,SUV
BMW,2017,X6 M,SUV
BMW,2016,X6 M,SUV
BMW,2015,X6 M,SUV
BMW,2014,X6 M,SUV
BMW,2013,X6 M,SUV
BMW,2012,X6 M,SUV
BMW,2011,X6 M,SUV
BMW,2010,X6 M,SUV
BMW,2021,X7,SUV
BMW,2020,X7,SUV
BMW,2019,X7,SUV
BMW,2002,Z3,"Convertible, Coupe"
BMW,2001,Z3,"Convertible, Hatchback"
BMW,2000,Z3,"Convertible, Hatchback"
BMW,1999,Z3,"Convertible, Coupe"
BMW,1998,Z3,Convertible
BMW,1997,Z3,Convertible
BMW,1996,Z3,Convertible
BMW,2019,Z4,Convertible
BMW,2016,Z4,Convertible
BMW,2015,Z4,Convertible
BMW,2014,Z4,Convertible
BMW,2013,Z4,Convertible
BMW,2012,Z4,Convertible
BMW,2011,Z4,Convertible
BMW,2010,Z4,Convertible
BMW,2009,Z4,Convertible
BMW,2008,Z4,"Convertible, Coupe"
BMW,2007,Z4,"Convertible, Coupe"
BMW,2006,Z4,"Convertible, Coupe"
BMW,2005,Z4,Convertible
BMW,2004,Z4,Convertible
BMW,2003,Z4,Convertible
BMW,2008,Z4 M,"Coupe, Convertible"
BMW,2007,Z4 M,"Coupe, Convertible"
BMW,2006,Z4 M,"Convertible, Coupe"
BMW,2003,Z8,Convertible
BMW,2002,Z8,Convertible
BMW,2001,Z8,Convertible
BMW,2000,Z8,Convertible
Buick,2019,Cascada,Convertible
Buick,2018,Cascada,Convertible
Buick,2017,Cascada,Convertible
Buick,2016,Cascada,Convertible
Buick,2005,Century,Sedan
Buick,2004,Century,Sedan
Buick,2003,Century,Sedan
Buick,2002,Century,Sedan
Buick,2001,Century,Sedan
Buick,2000,Century,Sedan
Buick,1999,Century,Sedan
Buick,1998,Century,Sedan
Buick,1997,Century,Sedan
Buick,1996,Century,"Wagon, Sedan"
Buick,1995,Century,"Wagon, Sedan"
Buick,1994,Century,"Sedan, Wagon"
Buick,1993,Century,"Sedan, Wagon, Coupe"
Buick,1992,Century,"Coupe, Sedan, Wagon"
Buick,2021,Enclave,SUV
Buick,2020,Enclave,SUV
Buick,2019,Enclave,SUV
Buick,2018,Enclave,SUV
Buick,2017,Enclave,SUV
Buick,2016,Enclave,SUV
Buick,2015,Enclave,SUV
Buick,2014,Enclave,SUV
Buick,2013,Enclave,SUV
Buick,2012,Enclave,SUV
Buick,2011,Enclave,SUV
Buick,2010,Enclave,SUV
Buick,2009,Enclave,SUV
Buick,2008,Enclave,SUV
Buick,2021,Encore,SUV
Buick,2020,Encore,SUV
Buick,2019,Encore,SUV
Buick,2018,Encore,SUV
Buick,2017,Encore,SUV
Buick,2016,Encore,SUV
Buick,2015,Encore,SUV
Buick,2014,Encore,SUV
Buick,2013,Encore,SUV
Buick,2021,Encore GX,SUV
Buick,2021,Envision,SUV
Buick,2020,Envision,SUV
Buick,2019,Envision,SUV
Buick,2018,Envision,SUV
Buick,2017,Envision,SUV
Buick,2016,Envision,SUV
Buick,2019,LaCrosse,Sedan
Buick,2018,LaCrosse,Sedan
Buick,2017,LaCrosse,Sedan
Buick,2016,LaCrosse,Sedan
Buick,2015,LaCrosse,Sedan
Buick,2014,LaCrosse,Sedan
Buick,2013,LaCrosse,Sedan
Buick,2012,LaCrosse,Sedan
Buick,2011,LaCrosse,Sedan
Buick,2010,LaCrosse,Sedan
Buick,2009,LaCrosse,Sedan
Buick,2008,LaCrosse,Sedan
Buick,2007,LaCrosse,Sedan
Buick,2006,LaCrosse,Sedan
Buick,2005,LaCrosse,Sedan
Buick,2005,LeSabre,Sedan
Buick,2004,LeSabre,Sedan
Buick,2003,LeSabre,Sedan
Buick,2002,LeSabre,Sedan
Buick,2001,LeSabre,Sedan
Buick,2000,LeSabre,Sedan
Buick,1999,LeSabre,Sedan
Buick,1998,LeSabre,Sedan
Buick,1997,LeSabre,Sedan
Buick,1996,LeSabre,Sedan
Buick,1995,LeSabre,Sedan
Buick,1994,LeSabre,Sedan
Buick,1993,LeSabre,Sedan
Buick,1992,LeSabre,Sedan
Buick,2011,Lucerne,Sedan
Buick,2010,Lucerne,Sedan
Buick,2009,Lucerne,Sedan
Buick,2008,Lucerne,Sedan
Buick,2007,Lucerne,Sedan
Buick,2006,Lucerne,Sedan
Buick,2005,Park Avenue,Sedan
Buick,2004,Park Avenue,Sedan
Buick,2003,Park Avenue,Sedan
Buick,2002,Park Avenue,Sedan
Buick,2001,Park Avenue,Sedan
Buick,2000,Park Avenue,Sedan
Buick,1999,Park Avenue,Sedan
Buick,1998,Park Avenue,Sedan
Buick,1997,Park Avenue,Sedan
Buick,1996,Park Avenue,Sedan
Buick,1995,Park Avenue,Sedan
Buick,1994,Park Avenue,Sedan
Buick,1993,Park Avenue,Sedan
Buick,1992,Park Avenue,Sedan
Buick,2007,Rainier,SUV
Buick,2006,Rainier,SUV
Buick,2005,Rainier,SUV
Buick,2004,Rainier,SUV
Buick,2017,Regal,Sedan
Buick,2016,Regal,Sedan
Buick,2015,Regal,Sedan
Buick,2014,Regal,Sedan
Buick,2013,Regal,Sedan
Buick,2012,Regal,Sedan
Buick,2011,Regal,Sedan
Buick,2004,Regal,Sedan
Buick,2003,Regal,Sedan
Buick,2002,Regal,Sedan
Buick,2001,Regal,Sedan
Buick,2000,Regal,Sedan
Buick,1999,Regal,Sedan
Buick,1998,Regal,Sedan
Buick,1997,Regal,Sedan
Buick,1996,Regal,"Coupe, Sedan"
Buick,1995,Regal,"Sedan, Coupe"
Buick,1994,Regal,"Sedan, Coupe"
Buick,1993,Regal,"Sedan, Coupe"
Buick,1992,Regal,"Coupe, Sedan"
Buick,2019,Regal Sportback,Sedan
Buick,2018,Regal Sportback,Sedan
Buick,2019,Regal TourX,Wagon
Buick,2018,Regal TourX,Wagon
Buick,2007,Rendezvous,SUV
Buick,2006,Rendezvous,SUV
Buick,2005,Rendezvous,SUV
Buick,2004,Rendezvous,SUV
Buick,2003,Rendezvous,SUV
Buick,2002,Rendezvous,SUV
Buick,1999,Riviera,Coupe
Buick,1998,Riviera,Coupe
Buick,1997,Riviera,Coupe
Buick,1996,Riviera,Coupe
Buick,1995,Riviera,Coupe
Buick,1993,Riviera,Coupe
Buick,1992,Riviera,Coupe
Buick,1996,Roadmaster,"Sedan, Wagon"
Buick,1995,Roadmaster,"Sedan, Wagon"
Buick,1994,Roadmaster,"Sedan, Wagon"
Buick,1993,Roadmaster,"Sedan, Wagon"
Buick,1992,Roadmaster,"Sedan, Wagon"
Buick,1998,Skylark,Sedan
Buick,1997,Skylark,"Sedan, Coupe"
Buick,1996,Skylark,"Coupe, Sedan"
Buick,1995,Skylark,"Sedan, Coupe"
Buick,1994,Skylark,"Sedan, Coupe"
Buick,1993,Skylark,"Sedan, Coupe"
Buick,1992,Skylark,"Sedan, Coupe"
Buick,2007,Terraza,Van/Minivan
Buick,2006,Terraza,Van/Minivan
Buick,2005,Terraza,Van/Minivan
Buick,2017,Verano,Sedan
Buick,2016,Verano,Sedan
Buick,2015,Verano,Sedan
Buick,2014,Verano,Sedan
Buick,2013,Verano,Sedan
Buick,2012,Verano,Sedan
Cadillac,1993,Allante,Convertible
Cadillac,1992,Allante,Convertible
Cadillac,2019,ATS,Coupe
Cadillac,2018,ATS,"Coupe, Sedan"
Cadillac,2017,ATS,"Coupe, Sedan"
Cadillac,2016,ATS,"Coupe, Sedan"
Cadillac,2015,ATS,"Sedan, Coupe"
Cadillac,2014,ATS,Sedan
Cadillac,2013,ATS,Sedan
Cadillac,2019,ATS-V,Coupe
Cadillac,2018,ATS-V,"Coupe, Sedan"
Cadillac,2017,ATS-V,"Sedan, Coupe"
Cadillac,2016,ATS-V,"Sedan, Coupe"
Cadillac,1992,Brougham,Sedan
Cadillac,2001,Catera,Sedan
Cadillac,2000,Catera,Sedan
Cadillac,1999,Catera,Sedan
Cadillac,1998,Catera,Sedan
Cadillac,1997,Catera,Sedan
Cadillac,2021,CT4,Sedan
Cadillac,2021,CT5,Sedan
Cadillac,2020,CT5,Sedan
Cadillac,2019,CT6,Sedan
Cadillac,2018,CT6,Sedan
Cadillac,2017,CT6,Sedan
Cadillac,2016,CT6,Sedan
Cadillac,2020,CT6-V,Sedan
Cadillac,2019,CT6-V,Sedan
Cadillac,2019,CTS,Sedan
Cadillac,2018,CTS,Sedan
Cadillac,2017,CTS,Sedan
Cadillac,2016,CTS,Sedan
Cadillac,2015,CTS,"Sedan, Coupe"
Cadillac,2014,CTS,"Sedan, Coupe, Wagon"
Cadillac,2013,CTS,"Sedan, Coupe, Wagon"
Cadillac,2012,CTS,"Sedan, Coupe, Wagon"
Cadillac,2011,CTS,"Sedan, Wagon, Coupe"
Cadillac,2010,CTS,"Sedan, Wagon"
Cadillac,2009,CTS,Sedan
Cadillac,2008,CTS,Sedan
Cadillac,2007,CTS,Sedan
Cadillac,2006,CTS,Sedan
Cadillac,2005,CTS,Sedan
Cadillac,2004,CTS,Sedan
Cadillac,2003,CTS,Sedan
Cadillac,2019,CTS-V,Sedan
Cadillac,2018,CTS-V,Sedan
Cadillac,2017,CTS-V,Sedan
Cadillac,2016,CTS-V,Sedan
Cadillac,2005,DeVille,Sedan
Cadillac,2004,DeVille,Sedan
Cadillac,2003,DeVille,Sedan
Cadillac,2002,DeVille,Sedan
Cadillac,2001,DeVille,Sedan
Cadillac,2000,DeVille,Sedan
Cadillac,1999,DeVille,Sedan
Cadillac,1998,DeVille,Sedan
Cadillac,1997,DeVille,Sedan
Cadillac,1996,DeVille,Sedan
Cadillac,1995,DeVille,Sedan
Cadillac,1994,DeVille,Sedan
Cadillac,1993,DeVille,"Coupe, Sedan"
Cadillac,1992,DeVille,"Sedan, Coupe"
Cadillac,2011,DTS,Sedan
Cadillac,2010,DTS,Sedan
Cadillac,2009,DTS,Sedan
Cadillac,2008,DTS,Sedan
Cadillac,2007,DTS,Sedan
Cadillac,2006,DTS,Sedan
Cadillac,2002,Eldorado,Coupe
Cadillac,2001,Eldorado,Coupe
Cadillac,2000,Eldorado,Coupe
Cadillac,1999,Eldorado,Coupe
Cadillac,1998,Eldorado,Coupe
Cadillac,1997,Eldorado,Coupe
Cadillac,1996,Eldorado,Coupe
Cadillac,1995,Eldorado,Coupe
Cadillac,1994,Eldorado,Coupe
Cadillac,1993,Eldorado,Coupe
Cadillac,1992,Eldorado,Coupe
Cadillac,2016,ELR,Coupe
Cadillac,2014,ELR,Coupe
Cadillac,2021,Escalade,SUV
Cadillac,2020,Escalade,SUV
Cadillac,2019,Escalade,SUV
Cadillac,2018,Escalade,SUV
Cadillac,2017,Escalade,SUV
Cadillac,2016,Escalade,SUV
Cadillac,2015,Escalade,SUV
Cadillac,2014,Escalade,SUV
Cadillac,2013,Escalade,SUV
Cadillac,2012,Escalade,SUV
Cadillac,2011,Escalade,SUV
Cadillac,2010,Escalade,SUV
Cadillac,2009,Escalade,SUV
Cadillac,2008,Escalade,SUV
Cadillac,2007,Escalade,SUV
Cadillac,2006,Escalade,SUV
Cadillac,2005,Escalade,SUV
Cadillac,2004,Escalade,SUV
Cadillac,2003,Escalade,SUV
Cadillac,2002,Escalade,SUV
Cadillac,2000,Escalade,SUV
Cadillac,1999,Escalade,SUV
Cadillac,2021,Escalade ESV,SUV
Cadillac,2020,Escalade ESV,SUV
Cadillac,2019,Escalade ESV,SUV
Cadillac,2018,Escalade ESV,SUV
Cadillac,2017,Escalade ESV,SUV
Cadillac,2016,Escalade ESV,SUV
Cadillac,2015,Escalade ESV,SUV
Cadillac,2014,Escalade ESV,SUV
Cadillac,2013,Escalade ESV,SUV
Cadillac,2012,Escalade ESV,SUV
Cadillac,2011,Escalade ESV,SUV
Cadillac,2010,Escalade ESV,SUV
Cadillac,2009,Escalade ESV,SUV
Cadillac,2008,Escalade ESV,SUV
Cadillac,2007,Escalade ESV,SUV
Cadillac,2006,Escalade ESV,SUV
Cadillac,2005,Escalade ESV,SUV
Cadillac,2004,Escalade ESV,SUV
Cadillac,2003,Escalade ESV,SUV
Cadillac,2013,Escalade EXT,Pickup
Cadillac,2012,Escalade EXT,Pickup
Cadillac,2011,Escalade EXT,Pickup
Cadillac,2010,Escalade EXT,Pickup
Cadillac,2009,Escalade EXT,Pickup
Cadillac,2008,Escalade EXT,Pickup
Cadillac,2007,Escalade EXT,Pickup
Cadillac,2006,Escalade EXT,Pickup
Cadillac,2005,Escalade EXT,Pickup
Cadillac,2004,Escalade EXT,Pickup
Cadillac,2003,Escalade EXT,Pickup
Cadillac,2002,Escalade EXT,Pickup
Cadillac,1996,Fleetwood,Sedan
Cadillac,1995,Fleetwood,Sedan
Cadillac,1994,Fleetwood,Sedan
Cadillac,1993,Fleetwood,Sedan
Cadillac,1992,Fleetwood,"Sedan, Coupe"
Cadillac,2004,Seville,Sedan
Cadillac,2003,Seville,Sedan
Cadillac,2002,Seville,Sedan
Cadillac,2001,Seville,Sedan
Cadillac,2000,Seville,Sedan
Cadillac,1999,Seville,Sedan
Cadillac,1998,Seville,Sedan
Cadillac,1997,Seville,Sedan
Cadillac,1996,Seville,Sedan
Cadillac,1995,Seville,Sedan
Cadillac,1994,Seville,Sedan
Cadillac,1993,Seville,Sedan
Cadillac,1992,Seville,Sedan
Cadillac,1993,Sixty Special,Sedan
Cadillac,2016,SRX,SUV
Cadillac,2015,SRX,SUV
Cadillac,2014,SRX,SUV
Cadillac,2013,SRX,SUV
Cadillac,2012,SRX,SUV
Cadillac,2011,SRX,SUV
Cadillac,2010,SRX,SUV
Cadillac,2009,SRX,SUV
Cadillac,2008,SRX,SUV
Cadillac,2007,SRX,SUV
Cadillac,2006,SRX,SUV
Cadillac,2005,SRX,SUV
Cadillac,2004,SRX,SUV
Cadillac,2011,STS,Sedan
Cadillac,2010,STS,Sedan
Cadillac,2009,STS,Sedan
Cadillac,2008,STS,Sedan
Cadillac,2007,STS,Sedan
Cadillac,2006,STS,Sedan
Cadillac,2005,STS,Sedan
Cadillac,2009,XLR,Convertible
Cadillac,2008,XLR,Convertible
Cadillac,2007,XLR,Convertible
Cadillac,2006,XLR,Convertible
Cadillac,2005,XLR,Convertible
Cadillac,2004,XLR,Convertible
Cadillac,2021,XT4,SUV
Cadillac,2020,XT4,SUV
Cadillac,2019,XT4,SUV
Cadillac,2021,XT5,SUV
Cadillac,2020,XT5,SUV
Cadillac,2019,XT5,SUV
Cadillac,2018,XT5,SUV
Cadillac,2017,XT5,SUV
Cadillac,2021,XT6,SUV
Cadillac,2020,XT6,SUV
Cadillac,2019,XTS,Sedan
Cadillac,2018,XTS,Sedan
Cadillac,2017,XTS,Sedan
Cadillac,2016,XTS,Sedan
Cadillac,2015,XTS,Sedan
Cadillac,2014,XTS,Sedan
Cadillac,2013,XTS,Sedan
Chevrolet,1999,1500 Extended Cab,Pickup
Chevrolet,1998,1500 Extended Cab,Pickup
Chevrolet,1997,1500 Extended Cab,Pickup
Chevrolet,1996,1500 Extended Cab,Pickup
Chevrolet,1995,1500 Extended Cab,Pickup
Chevrolet,1994,1500 Extended Cab,Pickup
Chevrolet,1993,1500 Extended Cab,Pickup
Chevrolet,1992,1500 Extended Cab,Pickup
Chevrolet,1998,1500 Regular Cab,Pickup
Chevrolet,1997,1500 Regular Cab,Pickup
Chevrolet,1996,1500 Regular Cab,Pickup
Chevrolet,1995,1500 Regular Cab,Pickup
Chevrolet,1994,1500 Regular Cab,Pickup
Chevrolet,1993,1500 Regular Cab,Pickup
Chevrolet,1992,1500 Regular Cab,Pickup
Chevrolet,2000,2500 Crew Cab,Pickup
Chevrolet,1999,2500 Crew Cab,Pickup
Chevrolet,1998,2500 Extended Cab,Pickup
Chevrolet,1997,2500 Extended Cab,Pickup
Chevrolet,1996,2500 Extended Cab,Pickup
Chevrolet,1995,2500 Extended Cab,Pickup
Chevrolet,1994,2500 Extended Cab,Pickup
Chevrolet,1993,2500 Extended Cab,Pickup
Chevrolet,1992,2500 Extended Cab,Pickup
Chevrolet,2000,2500 HD Extended Cab,Pickup
Chevrolet,1999,2500 HD Extended Cab,Pickup
Chevrolet,1998,2500 HD Extended Cab,Pickup
Chevrolet,1997,2500 HD Extended Cab,Pickup
Chevrolet,1996,2500 HD Extended Cab,Pickup
Chevrolet,2000,2500 HD Regular Cab,Pickup
Chevrolet,1999,2500 HD Regular Cab,Pickup
Chevrolet,1998,2500 Regular Cab,Pickup
Chevrolet,1997,2500 Regular Cab,Pickup
Chevrolet,1996,2500 Regular Cab,Pickup
Chevrolet,1995,2500 Regular Cab,Pickup
Chevrolet,1994,2500 Regular Cab,Pickup
Chevrolet,1993,2500 Regular Cab,Pickup
Chevrolet,1992,2500 Regular Cab,Pickup
Chevrolet,2000,3500 Crew Cab,Pickup
Chevrolet,1999,3500 Crew Cab,Pickup
Chevrolet,1998,3500 Crew Cab,Pickup
Chevrolet,1997,3500 Crew Cab,Pickup
Chevrolet,1996,3500 Crew Cab,Pickup
Chevrolet,1995,3500 Crew Cab,Pickup
Chevrolet,1994,3500 Crew Cab,Pickup
Chevrolet,1993,3500 Crew Cab,Pickup
Chevrolet,1992,3500 Crew Cab,Pickup
Chevrolet,2000,3500 Extended Cab,Pickup
Chevrolet,1999,3500 Extended Cab,Pickup
Chevrolet,1998,3500 Extended Cab,Pickup
Chevrolet,1997,3500 Extended Cab,Pickup
Chevrolet,1996,3500 Extended Cab,Pickup
Chevrolet,1994,3500 Extended Cab,Pickup
Chevrolet,1993,3500 Extended Cab,Pickup
Chevrolet,1992,3500 Extended Cab,Pickup
Chevrolet,1995,3500 HD Extended Cab,Pickup
Chevrolet,1995,3500 HD Regular Cab,Pickup
Chevrolet,2000,3500 Regular Cab,Pickup
Chevrolet,1999,3500 Regular Cab,Pickup
Chevrolet,1998,3500 Regular Cab,Pickup
Chevrolet,1997,3500 Regular Cab,Pickup
Chevrolet,1996,3500 Regular Cab,Pickup
Chevrolet,1994,3500 Regular Cab,Pickup
Chevrolet,1993,3500 Regular Cab,Pickup
Chevrolet,1992,3500 Regular Cab,Pickup
Chevrolet,1993,APV Cargo,Van/Minivan
Chevrolet,1992,APV Cargo,Van/Minivan
Chevrolet,2005,Astro Cargo,Van/Minivan
Chevrolet,2004,Astro Cargo,Van/Minivan
Chevrolet,2003,Astro Cargo,Van/Minivan
Chevrolet,2002,Astro Cargo,Van/Minivan
Chevrolet,2001,Astro Cargo,Van/Minivan
Chevrolet,2000,Astro Cargo,Van/Minivan
Chevrolet,1999,Astro Cargo,Van/Minivan
Chevrolet,1998,Astro Cargo,Van/Minivan
Chevrolet,1997,Astro Cargo,Van/Minivan
Chevrolet,1996,Astro Cargo,Van/Minivan
Chevrolet,1995,Astro Cargo,Van/Minivan
Chevrolet,1994,Astro Cargo,Van/Minivan
Chevrolet,1993,Astro Cargo,Van/Minivan
Chevrolet,1992,Astro Cargo,Van/Minivan
Chevrolet,2005,Astro Passenger,Van/Minivan
Chevrolet,2004,Astro Passenger,Van/Minivan
Chevrolet,2003,Astro Passenger,Van/Minivan
Chevrolet,2002,Astro Passenger,Van/Minivan
Chevrolet,2001,Astro Passenger,Van/Minivan
Chevrolet,2000,Astro Passenger,Van/Minivan
Chevrolet,1999,Astro Passenger,Van/Minivan
Chevrolet,1998,Astro Passenger,Van/Minivan
Chevrolet,1997,Astro Passenger,Van/Minivan
Chevrolet,1996,Astro Passenger,Van/Minivan
Chevrolet,1995,Astro Passenger,Van/Minivan
Chevrolet,1994,Astro Passenger,Van/Minivan
Chevrolet,1993,Astro Passenger,Van/Minivan
Chevrolet,1992,Astro Passenger,Van/Minivan
Chevrolet,2013,Avalanche,SUV
Chevrolet,2012,Avalanche,SUV
Chevrolet,2011,Avalanche,SUV
Chevrolet,2010,Avalanche,SUV
Chevrolet,2009,Avalanche,SUV
Chevrolet,2008,Avalanche,SUV
Chevrolet,2007,Avalanche,Pickup
Chevrolet,2006,Avalanche 1500,Pickup
Chevrolet,2005,Avalanche 1500,Pickup
Chevrolet,2004,Avalanche 1500,Pickup
Chevrolet,2003,Avalanche 1500,Pickup
Chevrolet,2002,Avalanche 1500,Pickup
Chevrolet,2006,Avalanche 2500,Pickup
Chevrolet,2005,Avalanche 2500,Pickup
Chevrolet,2004,Avalanche 2500,Pickup
Chevrolet,2003,Avalanche 2500,Pickup
Chevrolet,2002,Avalanche 2500,Pickup
Chevrolet,2011,Aveo,"Hatchback, Sedan"
Chevrolet,2010,Aveo,"Sedan, Hatchback"
Chevrolet,2009,Aveo,"Sedan, Hatchback"
Chevrolet,2008,Aveo,"Hatchback, Sedan"
Chevrolet,2007,Aveo,"Sedan, Hatchback"
Chevrolet,2006,Aveo,"Hatchback, Sedan"
Chevrolet,2005,Aveo,"Sedan, Hatchback"
Chevrolet,2004,Aveo,"Sedan, Hatchback"
Chevrolet,1996,Beretta,Coupe
Chevrolet,1995,Beretta,Coupe
Chevrolet,1994,Beretta,Coupe
Chevrolet,1993,Beretta,Coupe
Chevrolet,1992,Beretta,Coupe
Chevrolet,2021,Blazer,SUV
Chevrolet,2020,Blazer,SUV
Chevrolet,2019,Blazer,SUV
Chevrolet,2005,Blazer,SUV
Chevrolet,2004,Blazer,SUV
Chevrolet,2003,Blazer,SUV
Chevrolet,2002,Blazer,SUV
Chevrolet,2001,Blazer,SUV
Chevrolet,2000,Blazer,SUV
Chevrolet,1999,Blazer,SUV
Chevrolet,1998,Blazer,SUV
Chevrolet,1997,Blazer,SUV
Chevrolet,1996,Blazer,SUV
Chevrolet,1995,Blazer,SUV
Chevrolet,1994,Blazer,SUV
Chevrolet,1993,Blazer,SUV
Chevrolet,1992,Blazer,SUV
Chevrolet,2026,Bolt EV,Hatchback
Chevrolet,2025,Bolt EV,Hatchback
Chevrolet,2024,Bolt EV,Hatchback
Chevrolet,2023,Bolt EV,Hatchback
Chevrolet,2022,Bolt EV,Hatchback
Chevrolet,2021,Bolt EV,Hatchback
Chevrolet,2020,Bolt EV,Hatchback
Chevrolet,2019,Bolt EV,Hatchback
Chevrolet,2018,Bolt EV,Hatchback
Chevrolet,2017,Bolt EV,Hatchback
Chevrolet,2021,Camaro,Coupe
Chevrolet,2020,Camaro,Convertible
Chevrolet,2019,Camaro,"Coupe, Convertible"
Chevrolet,2018,Camaro,"Coupe, Convertible"
Chevrolet,2017,Camaro,"Coupe, Convertible"
Chevrolet,2016,Camaro,"Coupe, Convertible"
Chevrolet,2015,Camaro,"Convertible, Coupe"
Chevrolet,2014,Camaro,"Coupe, Convertible"
Chevrolet,2013,Camaro,"Coupe, Convertible"
Chevrolet,2012,Camaro,"Coupe, Convertible"
Chevrolet,2011,Camaro,"Coupe, Convertible"
Chevrolet,2010,Camaro,Coupe
Chevrolet,2002,Camaro,"Coupe, Convertible"
Chevrolet,2001,Camaro,"Coupe, Convertible"
Chevrolet,2000,Camaro,"Coupe, Convertible"
Chevrolet,1999,Camaro,"Coupe, Convertible"
Chevrolet,1998,Camaro,"Coupe, Convertible"
Chevrolet,1997,Camaro,"Convertible, Coupe"
Chevrolet,1996,Camaro,"Hatchback, Convertible"
Chevrolet,1995,Camaro,"Convertible, Hatchback"
Chevrolet,1994,Camaro,"Convertible, Hatchback"
Chevrolet,1993,Camaro,Hatchback
Chevrolet,1992,Camaro,"Hatchback, Convertible"
Chevrolet,1992,Caprice,"Sedan, Wagon"
Chevrolet,1996,Caprice Classic,"Sedan, Wagon"
Chevrolet,1995,Caprice Classic,"Sedan, Wagon"
Chevrolet,1994,Caprice Classic,"Sedan, Wagon"
Chevrolet,1993,Caprice Classic,"Sedan, Wagon"
Chevrolet,2015,Captiva Sport,SUV
Chevrolet,2014,Captiva Sport,SUV
Chevrolet,2013,Captiva Sport,SUV
Chevrolet,2012,Captiva Sport,SUV
Chevrolet,2005,Cavalier,"Sedan, Coupe"
Chevrolet,2004,Cavalier,"Sedan, Coupe"
Chevrolet,2003,Cavalier,"Sedan, Coupe"
Chevrolet,2002,Cavalier,"Sedan, Coupe"
Chevrolet,2001,Cavalier,"Sedan, Coupe"
Chevrolet,2000,Cavalier,"Coupe, Sedan, Convertible"
Chevrolet,1999,Cavalier,"Coupe, Sedan, Convertible"
Chevrolet,1998,Cavalier,"Hatchback, Sedan, Convertible"
Chevrolet,1997,Cavalier,"Coupe, Convertible, Sedan"
Chevrolet,1996,Cavalier,"Sedan, Coupe, Convertible"
Chevrolet,1995,Cavalier,"Coupe, Sedan, Convertible"
Chevrolet,1994,Cavalier,"Sedan, Coupe, Wagon, Convertible"
Chevrolet,1993,Cavalier,"Coupe, Sedan, Wagon, Convertible"
Chevrolet,1992,Cavalier,"Coupe, Sedan, Wagon, Convertible"
Chevrolet,2018,City Express,Van/Minivan
Chevrolet,2017,City Express,Van/Minivan
Chevrolet,2016,City Express,Van/Minivan
Chevrolet,2015,City Express,Van/Minivan
Chevrolet,2005,Classic,Sedan
Chevrolet,2004,Classic,Sedan
Chevrolet,2010,Cobalt,"Sedan, Coupe"
Chevrolet,2009,Cobalt,"Sedan, Coupe"
Chevrolet,2008,Cobalt,"Sedan, Coupe"
Chevrolet,2007,Cobalt,"Sedan, Coupe"
Chevrolet,2006,Cobalt,"Coupe, Sedan"
Chevrolet,2005,Cobalt,"Sedan, Coupe"
Chevrolet,2021,Colorado Crew Cab,Pickup
Chevrolet,2020,Colorado Crew Cab,Pickup
Chevrolet,2019,Colorado Crew Cab,Pickup
Chevrolet,2018,Colorado Crew Cab,Pickup
Chevrolet,2017,Colorado Crew Cab,Pickup
Chevrolet,2016,Colorado Crew Cab,Pickup
Chevrolet,2015,Colorado Crew Cab,Pickup
Chevrolet,2012,Colorado Crew Cab,Pickup
Chevrolet,2011,Colorado Crew Cab,Pickup
Chevrolet,2010,Colorado Crew Cab,Pickup
Chevrolet,2009,Colorado Crew Cab,Pickup
Chevrolet,2008,Colorado Crew Cab,Pickup
Chevrolet,2007,Colorado Crew Cab,Pickup
Chevrolet,2006,Colorado Crew Cab,Pickup
Chevrolet,2005,Colorado Crew Cab,Pickup
Chevrolet,2004,Colorado Crew Cab,Pickup
Chevrolet,2021,Colorado Extended Cab,Pickup
Chevrolet,2019,Colorado Extended Cab,Pickup
Chevrolet,2018,Colorado Extended Cab,Pickup
Chevrolet,2017,Colorado Extended Cab,Pickup
Chevrolet,2016,Colorado Extended Cab,Pickup
Chevrolet,2015,Colorado Extended Cab,Pickup
Chevrolet,2012,Colorado Extended Cab,Pickup
Chevrolet,2011,Colorado Extended Cab,Pickup
Chevrolet,2010,Colorado Extended Cab,Pickup
Chevrolet,2009,Colorado Extended Cab,Pickup
Chevrolet,2008,Colorado Extended Cab,Pickup
Chevrolet,2007,Colorado Extended Cab,Pickup
Chevrolet,2006,Colorado Extended Cab,Pickup
Chevrolet,2005,Colorado Extended Cab,Pickup
Chevrolet,2004,Colorado Extended Cab,Pickup
Chevrolet,2012,Colorado Regular Cab,Pickup
Chevrolet,2011,Colorado Regular Cab,Pickup
Chevrolet,2010,Colorado Regular Cab,Pickup
Chevrolet,2009,Colorado Regular Cab,Pickup
Chevrolet,2008,Colorado Regular Cab,Pickup
Chevrolet,2007,Colorado Regular Cab,Pickup
Chevrolet,2006,Colorado Regular Cab,Pickup
Chevrolet,2005,Colorado Regular Cab,Pickup
Chevrolet,2004,Colorado Regular Cab,Pickup
Chevrolet,1996,Corsica,Sedan
Chevrolet,1995,Corsica,Sedan
Chevrolet,1994,Corsica,Sedan
Chevrolet,1993,Corsica,Sedan
Chevrolet,1992,Corsica,Sedan
Chevrolet,2021,Corvette,"Convertible,Coupe"
Chevrolet,2020,Corvette,"Coupe, Convertible"
Chevrolet,2019,Corvette,"Coupe, Convertible"
Chevrolet,2018,Corvette,"Coupe, Convertible"
Chevrolet,2017,Corvette,"Convertible, Coupe"
Chevrolet,2016,Corvette,"Coupe, Convertible"
Chevrolet,2015,Corvette,"Convertible, Coupe"
Chevrolet,2014,Corvette,"Coupe, Convertible"
Chevrolet,2013,Corvette,"Coupe, Convertible"
Chevrolet,2012,Corvette,"Convertible, Coupe"
Chevrolet,2011,Corvette,"Convertible, Coupe"
Chevrolet,2010,Corvette,"Coupe, Convertible"
Chevrolet,2009,Corvette,"Coupe, Convertible"
Chevrolet,2008,Corvette,"Convertible, Coupe"
Chevrolet,2007,Corvette,"Coupe, Convertible"
Chevrolet,2006,Corvette,"Coupe, Convertible"
Chevrolet,2005,Corvette,"Coupe, Convertible"
Chevrolet,2004,Corvette,"Convertible, Coupe"
Chevrolet,2003,Corvette,"Coupe, Convertible"
Chevrolet,2002,Corvette,"Coupe, Convertible"
Chevrolet,2001,Corvette,"Convertible, Coupe, Hatchback"
Chevrolet,2000,Corvette,"Coupe, Convertible"
Chevrolet,1999,Corvette,"Coupe, Convertible"
Chevrolet,1998,Corvette,"Hatchback, Convertible"
Chevrolet,1997,Corvette,Hatchback
Chevrolet,1996,Corvette,"Hatchback, Convertible"
Chevrolet,1995,Corvette,"Convertible, Hatchback"
Chevrolet,1994,Corvette,"Hatchback, Convertible"
Chevrolet,1993,Corvette,"Hatchback, Convertible"
Chevrolet,1992,Corvette,"Hatchback, Convertible"
Chevrolet,2019,Cruze,"Sedan, Hatchback"
Chevrolet,2018,Cruze,"Sedan, Hatchback"
Chevrolet,2017,Cruze,"Hatchback, Sedan"
Chevrolet,2016,Cruze,Sedan
Chevrolet,2015,Cruze,Sedan
Chevrolet,2014,Cruze,Sedan
Chevrolet,2013,Cruze,Sedan
Chevrolet,2012,Cruze,Sedan
Chevrolet,2011,Cruze,Sedan
Chevrolet,2016,Cruze Limited,Sedan
Chevrolet,2026,Equinox,SUV
Chevrolet,2025,Equinox,SUV
Chevrolet,2024,Equinox,SUV
Chevrolet,2023,Equinox,SUV
Chevrolet,2022,Equinox,SUV
Chevrolet,2021,Equinox,SUV
Chevrolet,2020,Equinox,SUV
Chevrolet,2019,Equinox,SUV
Chevrolet,2018,Equinox,SUV
Chevrolet,2017,Equinox,SUV
Chevrolet,2016,Equinox,SUV
Chevrolet,2015,Equinox,SUV
Chevrolet,2014,Equinox,SUV
Chevrolet,2013,Equinox,SUV
Chevrolet,2012,Equinox,SUV
Chevrolet,2011,Equinox,SUV
Chevrolet,2010,Equinox,SUV
Chevrolet,2009,Equinox,SUV
Chevrolet,2008,Equinox,SUV
Chevrolet,2007,Equinox,SUV
Chevrolet,2006,Equinox,SUV
Chevrolet,2005,Equinox,SUV
Chevrolet,2014,Express 1500 Cargo,Van/Minivan
Chevrolet,2013,Express 1500 Cargo,Van/Minivan
Chevrolet,2012,Express 1500 Cargo,Van/Minivan
Chevrolet,2011,Express 1500 Cargo,Van/Minivan
Chevrolet,2010,Express 1500 Cargo,Van/Minivan
Chevrolet,2009,Express 1500 Cargo,Van/Minivan
Chevrolet,2008,Express 1500 Cargo,Van/Minivan
Chevrolet,2007,Express 1500 Cargo,Van/Minivan
Chevrolet,2006,Express 1500 Cargo,Van/Minivan
Chevrolet,2005,Express 1500 Cargo,Van/Minivan
Chevrolet,2004,Express 1500 Cargo,Van/Minivan
Chevrolet,2003,Express 1500 Cargo,Van/Minivan
Chevrolet,2002,Express 1500 Cargo,Van/Minivan
Chevrolet,2001,Express 1500 Cargo,Van/Minivan
Chevrolet,2000,Express 1500 Cargo,Van/Minivan
Chevrolet,1999,Express 1500 Cargo,Van/Minivan
Chevrolet,2014,Express 1500 Passenger,Van/Minivan
Chevrolet,2013,Express 1500 Passenger,Van/Minivan
Chevrolet,2012,Express 1500 Passenger,Van/Minivan
Chevrolet,2011,Express 1500 Passenger,Van/Minivan
Chevrolet,2010,Express 1500 Passenger,Van/Minivan
Chevrolet,2009,Express 1500 Passenger,Van/Minivan
Chevrolet,2008,Express 1500 Passenger,Van/Minivan
Chevrolet,2007,Express 1500 Passenger,Van/Minivan
Chevrolet,2006,Express 1500 Passenger,Van/Minivan
Chevrolet,2005,Express 1500 Passenger,Van/Minivan
Chevrolet,2004,Express 1500 Passenger,Van/Minivan
Chevrolet,2003,Express 1500 Passenger,Van/Minivan
Chevrolet,2002,Express 1500 Passenger,Van/Minivan
Chevrolet,2001,Express 1500 Passenger,Van/Minivan
Chevrolet,2000,Express 1500 Passenger,Van/Minivan
Chevrolet,1999,Express 1500 Passenger,Van/Minivan
Chevrolet,1998,Express 1500 Passenger,Van/Minivan
Chevrolet,1997,Express 1500 Passenger,Van/Minivan
Chevrolet,1996,Express 1500 Passenger,Van/Minivan
Chevrolet,2019,Express 2500 Cargo,Van/Minivan
Chevrolet,2018,Express 2500 Cargo,Van/Minivan
Chevrolet,2017,Express 2500 Cargo,Van/Minivan
Chevrolet,2016,Express 2500 Cargo,Van/Minivan
Chevrolet,2015,Express 2500 Cargo,Van/Minivan
Chevrolet,2014,Express 2500 Cargo,Van/Minivan
Chevrolet,2013,Express 2500 Cargo,Van/Minivan
Chevrolet,2012,Express 2500 Cargo,Van/Minivan
Chevrolet,2011,Express 2500 Cargo,Van/Minivan
Chevrolet,2010,Express 2500 Cargo,Van/Minivan
Chevrolet,2009,Express 2500 Cargo,Van/Minivan
Chevrolet,2008,Express 2500 Cargo,Van/Minivan
Chevrolet,2007,Express 2500 Cargo,Van/Minivan
Chevrolet,2006,Express 2500 Cargo,Van/Minivan
Chevrolet,2005,Express 2500 Cargo,Van/Minivan
Chevrolet,2004,Express 2500 Cargo,Van/Minivan
Chevrolet,2003,Express 2500 Cargo,Van/Minivan
Chevrolet,2002,Express 2500 Cargo,Van/Minivan
Chevrolet,2001,Express 2500 Cargo,Van/Minivan
Chevrolet,2000,Express 2500 Cargo,Van/Minivan
Chevrolet,1999,Express 2500 Cargo,Van/Minivan
Chevrolet,2019,Express 2500 Passenger,Van/Minivan
Chevrolet,2018,Express 2500 Passenger,Van/Minivan
Chevrolet,2017,Express 2500 Passenger,Van/Minivan
Chevrolet,2016,Express 2500 Passenger,Van/Minivan
Chevrolet,2015,Express 2500 Passenger,Van/Minivan
Chevrolet,2014,Express 2500 Passenger,Van/Minivan
Chevrolet,2013,Express 2500 Passenger,Van/Minivan
Chevrolet,2012,Express 2500 Passenger,Van/Minivan
Chevrolet,2011,Express 2500 Passenger,Van/Minivan
Chevrolet,2010,Express 2500 Passenger,Van/Minivan
Chevrolet,2009,Express 2500 Passenger,Van/Minivan
Chevrolet,2008,Express 2500 Passenger,Van/Minivan
Chevrolet,2007,Express 2500 Passenger,Van/Minivan
Chevrolet,2006,Express 2500 Passenger,Van/Minivan
Chevrolet,2005,Express 2500 Passenger,Van/Minivan
Chevrolet,2004,Express 2500 Passenger,Van/Minivan
Chevrolet,2003,Express 2500 Passenger,Van/Minivan
Chevrolet,2002,Express 2500 Passenger,Van/Minivan
Chevrolet,2001,Express 2500 Passenger,Van/Minivan
Chevrolet,2000,Express 2500 Passenger,Van/Minivan
Chevrolet,1999,Express 2500 Passenger,Van/Minivan
Chevrolet,1998,Express 2500 Passenger,Van/Minivan
Chevrolet,1997,Express 2500 Passenger,Van/Minivan
Chevrolet,1996,Express 2500 Passenger,Van/Minivan
Chevrolet,2021,Express 3500 Cargo,Van/Minivan
Chevrolet,2019,Express 3500 Cargo,Van/Minivan
Chevrolet,2018,Express 3500 Cargo,Van/Minivan
Chevrolet,2017,Express 3500 Cargo,Van/Minivan
Chevrolet,2016,Express 3500 Cargo,Van/Minivan
Chevrolet,2015,Express 3500 Cargo,Van/Minivan
Chevrolet,2014,Express 3500 Cargo,Van/Minivan
Chevrolet,2013,Express 3500 Cargo,Van/Minivan
Chevrolet,2012,Express 3500 Cargo,Van/Minivan
Chevrolet,2011,Express 3500 Cargo,Van/Minivan
Chevrolet,2010,Express 3500 Cargo,Van/Minivan
Chevrolet,2009,Express 3500 Cargo,Van/Minivan
Chevrolet,2008,Express 3500 Cargo,Van/Minivan
Chevrolet,2007,Express 3500 Cargo,Van/Minivan
Chevrolet,2006,Express 3500 Cargo,Van/Minivan
Chevrolet,2005,Express 3500 Cargo,Van/Minivan
Chevrolet,2004,Express 3500 Cargo,Van/Minivan
Chevrolet,2003,Express 3500 Cargo,Van/Minivan
Chevrolet,2002,Express 3500 Cargo,Van/Minivan
Chevrolet,2001,Express 3500 Cargo,Van/Minivan
Chevrolet,2000,Express 3500 Cargo,Van/Minivan
Chevrolet,1999,Express 3500 Cargo,Van/Minivan
Chevrolet,2019,Express 3500 Passenger,Van/Minivan
Chevrolet,2018,Express 3500 Passenger,Van/Minivan
Chevrolet,2017,Express 3500 Passenger,Van/Minivan
Chevrolet,2016,Express 3500 Passenger,Van/Minivan
Chevrolet,2015,Express 3500 Passenger,Van/Minivan
Chevrolet,2014,Express 3500 Passenger,Van/Minivan
Chevrolet,2013,Express 3500 Passenger,Van/Minivan
Chevrolet,2012,Express 3500 Passenger,Van/Minivan
Chevrolet,2011,Express 3500 Passenger,Van/Minivan
Chevrolet,2010,Express 3500 Passenger,Van/Minivan
Chevrolet,2009,Express 3500 Passenger,Van/Minivan
Chevrolet,2008,Express 3500 Passenger,Van/Minivan
Chevrolet,2007,Express 3500 Passenger,Van/Minivan
Chevrolet,2006,Express 3500 Passenger,Van/Minivan
Chevrolet,2005,Express 3500 Passenger,Van/Minivan
Chevrolet,2004,Express 3500 Passenger,Van/Minivan
Chevrolet,2003,Express 3500 Passenger,Van/Minivan
Chevrolet,2002,Express 3500 Passenger,Van/Minivan
Chevrolet,2001,Express 3500 Passenger,Van/Minivan
Chevrolet,2000,Express 3500 Passenger,Van/Minivan
Chevrolet,1999,Express 3500 Passenger,Van/Minivan
Chevrolet,1998,Express 3500 Passenger,Van/Minivan
Chevrolet,1997,Express 3500 Passenger,Van/Minivan
Chevrolet,1996,Express 3500 Passenger,Van/Minivan
Chevrolet,1998,G-Series 1500,Van/Minivan
Chevrolet,1997,G-Series 1500,Van/Minivan
Chevrolet,1996,G-Series 1500,Van/Minivan
Chevrolet,1998,G-Series 2500,Van/Minivan
Chevrolet,1997,G-Series 2500,Van/Minivan
Chevrolet,1996,G-Series 2500,Van/Minivan
Chevrolet,1998,G-Series 3500,Van/Minivan
Chevrolet,1997,G-Series 3500,Van/Minivan
Chevrolet,1995,G-Series G10,Van/Minivan
Chevrolet,1994,G-Series G10,Van/Minivan
Chevrolet,1993,G-Series G10,Van/Minivan
Chevrolet,1992,G-Series G10,Van/Minivan
Chevrolet,1995,G-Series G20,Van/Minivan
Chevrolet,1994,G-Series G20,Van/Minivan
Chevrolet,1993,G-Series G20,Van/Minivan
Chevrolet,1992,G-Series G20,Van/Minivan
Chevrolet,1996,G-Series G30,Van/Minivan
Chevrolet,1995,G-Series G30,Van/Minivan
Chevrolet,1994,G-Series G30,Van/Minivan
Chevrolet,1993,G-Series G30,Van/Minivan
Chevrolet,1992,G-Series G30,Van/Minivan
Chevrolet,2011,HHR,Wagon
Chevrolet,2010,HHR,Wagon
Chevrolet,2009,HHR,Wagon
Chevrolet,2008,HHR,Wagon
Chevrolet,2007,HHR,Wagon
Chevrolet,2006,HHR,Wagon
Chevrolet,2020,Impala,Sedan
Chevrolet,2019,Impala,Sedan
Chevrolet,2018,Impala,Sedan
Chevrolet,2017,Impala,Sedan
Chevrolet,2016,Impala,Sedan
Chevrolet,2015,Impala,Sedan
Chevrolet,2014,Impala,Sedan
Chevrolet,2013,Impala,Sedan
Chevrolet,2012,Impala,Sedan
Chevrolet,2011,Impala,Sedan
Chevrolet,2010,Impala,Sedan
Chevrolet,2009,Impala,Sedan
Chevrolet,2008,Impala,Sedan
Chevrolet,2007,Impala,Sedan
Chevrolet,2006,Impala,Sedan
Chevrolet,2005,Impala,Sedan
Chevrolet,2004,Impala,Sedan
Chevrolet,2003,Impala,Sedan
Chevrolet,2002,Impala,Sedan
Chevrolet,2001,Impala,Sedan
Chevrolet,2000,Impala,Sedan
Chevrolet,1996,Impala,Sedan
Chevrolet,1995,Impala,Sedan
Chevrolet,1994,Impala,Sedan
Chevrolet,2016,Impala Limited,Sedan
Chevrolet,2015,Impala Limited,Sedan
Chevrolet,2014,Impala Limited,Sedan
Chevrolet,2001,Lumina,Sedan
Chevrolet,2000,Lumina,Sedan
Chevrolet,1999,Lumina,Sedan
Chevrolet,1998,Lumina,Sedan
Chevrolet,1997,Lumina,Sedan
Chevrolet,1996,Lumina,Sedan
Chevrolet,1995,Lumina,Sedan
Chevrolet,1994,Lumina,"Sedan, Coupe"
Chevrolet,1993,Lumina,"Sedan, Coupe"
Chevrolet,1992,Lumina,"Sedan, Coupe"
Chevrolet,1993,Lumina APV,Van/Minivan
Chevrolet,1992,Lumina APV,Van/Minivan
Chevrolet,1996,Lumina Cargo,Van/Minivan
Chevrolet,1995,Lumina Cargo,Van/Minivan
Chevrolet,1994,Lumina Cargo,Van/Minivan
Chevrolet,1996,Lumina Passenger,Van/Minivan
Chevrolet,1995,Lumina Passenger,Van/Minivan
Chevrolet,1994,Lumina Passenger,Van/Minivan
Chevrolet,2021,Malibu,Sedan
Chevrolet,2020,Malibu,Sedan
Chevrolet,2019,Malibu,Sedan
Chevrolet,2018,Malibu,Sedan
Chevrolet,2017,Malibu,Sedan
Chevrolet,2016,Malibu,Sedan
Chevrolet,2015,Malibu,Sedan
Chevrolet,2014,Malibu,Sedan
Chevrolet,2013,Malibu,Sedan
Chevrolet,2012,Malibu,Sedan
Chevrolet,2011,Malibu,Sedan
Chevrolet,2010,Malibu,Sedan
Chevrolet,2009,Malibu,Sedan
Chevrolet,2008,Malibu,Sedan
Chevrolet,2007,Malibu,"Sedan, Hatchback"
Chevrolet,2006,Malibu,"Sedan, Hatchback"
Chevrolet,2005,Malibu,"Sedan, Hatchback"
Chevrolet,2004,Malibu,"Hatchback, Sedan"
Chevrolet,2003,Malibu,Sedan
Chevrolet,2002,Malibu,Sedan
Chevrolet,2001,Malibu,Sedan
Chevrolet,2000,Malibu,Sedan
Chevrolet,1999,Malibu,Sedan
Chevrolet,1998,Malibu,Sedan
Chevrolet,1997,Malibu,Sedan
Chevrolet,2008,Malibu (Classic),Sedan
Chevrolet,2016,Malibu Limited,Sedan
Chevrolet,2001,Metro,Sedan
Chevrolet,2000,Metro,"Hatchback, Sedan"
Chevrolet,1999,Metro,"Coupe, Sedan"
Chevrolet,1998,Metro,"Hatchback, Sedan"
Chevrolet,2007,Monte Carlo,Coupe
Chevrolet,2006,Monte Carlo,Coupe
Chevrolet,2005,Monte Carlo,Coupe
Chevrolet,2004,Monte Carlo,Coupe
Chevrolet,2003,Monte Carlo,Coupe
Chevrolet,2002,Monte Carlo,Coupe
Chevrolet,2001,Monte Carlo,Coupe
Chevrolet,2000,Monte Carlo,Coupe
Chevrolet,1999,Monte Carlo,Coupe
Chevrolet,1998,Monte Carlo,Coupe
Chevrolet,1997,Monte Carlo,Coupe
Chevrolet,1996,Monte Carlo,Coupe
Chevrolet,1995,Monte Carlo,Coupe
Chevrolet,2002,Prizm,Sedan
Chevrolet,2001,Prizm,Sedan
Chevrolet,2000,Prizm,Sedan
Chevrolet,1999,Prizm,Sedan
Chevrolet,1998,Prizm,Sedan
Chevrolet,1994,S10 Blazer,SUV
Chevrolet,1993,S10 Blazer,SUV
Chevrolet,1992,S10 Blazer,SUV
Chevrolet,2004,S10 Crew Cab,Pickup
Chevrolet,2003,S10 Crew Cab,Pickup
Chevrolet,2002,S10 Crew Cab,Pickup
Chevrolet,2001,S10 Crew Cab,Pickup
Chevrolet,2003,S10 Extended Cab,Pickup
Chevrolet,2002,S10 Extended Cab,Pickup
Chevrolet,2001,S10 Extended Cab,Pickup
Chevrolet,2000,S10 Extended Cab,Pickup
Chevrolet,1999,S10 Extended Cab,Pickup
Chevrolet,1998,S10 Extended Cab,Pickup
Chevrolet,1997,S10 Extended Cab,Pickup
Chevrolet,1996,S10 Extended Cab,Pickup
Chevrolet,1995,S10 Extended Cab,Pickup
Chevrolet,1994,S10 Extended Cab,Pickup
Chevrolet,1993,S10 Extended Cab,Pickup
Chevrolet,1992,S10 Extended Cab,Pickup
Chevrolet,2003,S10 Regular Cab,Pickup
Chevrolet,2002,S10 Regular Cab,Pickup
Chevrolet,2001,S10 Regular Cab,Pickup
Chevrolet,2000,S10 Regular Cab,Pickup
Chevrolet,1999,S10 Regular Cab,Pickup
Chevrolet,1998,S10 Regular Cab,Pickup
Chevrolet,1997,S10 Regular Cab,Pickup
Chevrolet,1996,S10 Regular Cab,Pickup
Chevrolet,1995,S10 Regular Cab,Pickup
Chevrolet,1994,S10 Regular Cab,Pickup
Chevrolet,1993,S10 Regular Cab,Pickup
Chevrolet,1992,S10 Regular Cab,Pickup
Chevrolet,2007,Silverado (Classic) 1500 Crew Cab,Pickup
Chevrolet,2007,Silverado (Classic) 1500 Extended Cab,Pickup
Chevrolet,2007,Silverado (Classic) 1500 HD Crew Cab,Pickup
Chevrolet,2007,Silverado (Classic) 1500 Regular Cab,Pickup
Chevrolet,2007,Silverado (Classic) 2500 HD Crew Cab,Pickup
Chevrolet,2007,Silverado (Classic) 2500 HD Extended Cab,Pickup
Chevrolet,2007,Silverado (Classic) 2500 HD Regular Cab,Pickup
Chevrolet,2007,Silverado (Classic) 3500 Crew Cab,Pickup
Chevrolet,2007,Silverado (Classic) 3500 Extended Cab,Pickup
Chevrolet,2007,Silverado (Classic) 3500 Regular Cab,Pickup
Chevrolet,2021,Silverado 1500 Crew Cab,Pickup
Chevrolet,2020,Silverado 1500 Crew Cab,Pickup
Chevrolet,2019,Silverado 1500 Crew Cab,Pickup
Chevrolet,2018,Silverado 1500 Crew Cab,Pickup
Chevrolet,2017,Silverado 1500 Crew Cab,Pickup
Chevrolet,2016,Silverado 1500 Crew Cab,Pickup
Chevrolet,2015,Silverado 1500 Crew Cab,Pickup
Chevrolet,2014,Silverado 1500 Crew Cab,Pickup
Chevrolet,2013,Silverado 1500 Crew Cab,Pickup
Chevrolet,2012,Silverado 1500 Crew Cab,Pickup
Chevrolet,2011,Silverado 1500 Crew Cab,Pickup
Chevrolet,2010,Silverado 1500 Crew Cab,Pickup
Chevrolet,2009,Silverado 1500 Crew Cab,Pickup
Chevrolet,2008,Silverado 1500 Crew Cab,Pickup
Chevrolet,2007,Silverado 1500 Crew Cab,Pickup
Chevrolet,2006,Silverado 1500 Crew Cab,Pickup
Chevrolet,2005,Silverado 1500 Crew Cab,Pickup
Chevrolet,2004,Silverado 1500 Crew Cab,Pickup
Chevrolet,2019,Silverado 1500 Double Cab,Pickup
Chevrolet,2018,Silverado 1500 Double Cab,Pickup
Chevrolet,2017,Silverado 1500 Double Cab,Pickup
Chevrolet,2016,Silverado 1500 Double Cab,Pickup
Chevrolet,2015,Silverado 1500 Double Cab,Pickup
Chevrolet,2014,Silverado 1500 Double Cab,Pickup
Chevrolet,2013,Silverado 1500 Extended Cab,Pickup
Chevrolet,2012,Silverado 1500 Extended Cab,Pickup
Chevrolet,2011,Silverado 1500 Extended Cab,Pickup
Chevrolet,2010,Silverado 1500 Extended Cab,Pickup
Chevrolet,2009,Silverado 1500 Extended Cab,Pickup
Chevrolet,2008,Silverado 1500 Extended Cab,Pickup
Chevrolet,2007,Silverado 1500 Extended Cab,Pickup
Chevrolet,2006,Silverado 1500 Extended Cab,Pickup
Chevrolet,2005,Silverado 1500 Extended Cab,Pickup
Chevrolet,2004,Silverado 1500 Extended Cab,Pickup
Chevrolet,2003,Silverado 1500 Extended Cab,Pickup
Chevrolet,2002,Silverado 1500 Extended Cab,Pickup
Chevrolet,2001,Silverado 1500 Extended Cab,Pickup
Chevrolet,2000,Silverado 1500 Extended Cab,Pickup
Chevrolet,1999,Silverado 1500 Extended Cab,Pickup
Chevrolet,2006,Silverado 1500 HD Crew Cab,Pickup
Chevrolet,2005,Silverado 1500 HD Crew Cab,Pickup
Chevrolet,2003,Silverado 1500 HD Crew Cab,Pickup
Chevrolet,2002,Silverado 1500 HD Crew Cab,Pickup
Chevrolet,2001,Silverado 1500 HD Crew Cab,Pickup
Chevrolet,2019,Silverado 1500 LD Double Cab,Pickup
Chevrolet,2019,Silverado 1500 Regular Cab,Pickup
Chevrolet,2018,Silverado 1500 Regular Cab,Pickup
Chevrolet,2017,Silverado 1500 Regular Cab,Pickup
Chevrolet,2016,Silverado 1500 Regular Cab,Pickup
Chevrolet,2015,Silverado 1500 Regular Cab,Pickup
Chevrolet,2014,Silverado 1500 Regular Cab,Pickup
Chevrolet,2013,Silverado 1500 Regular Cab,Pickup
Chevrolet,2012,Silverado 1500 Regular Cab,Pickup
Chevrolet,2011,Silverado 1500 Regular Cab,Pickup
Chevrolet,2010,Silverado 1500 Regular Cab,Pickup
Chevrolet,2009,Silverado 1500 Regular Cab,Pickup
Chevrolet,2008,Silverado 1500 Regular Cab,Pickup
Chevrolet,2007,Silverado 1500 Regular Cab,Pickup
Chevrolet,2006,Silverado 1500 Regular Cab,Pickup
Chevrolet,2005,Silverado 1500 Regular Cab,Pickup
Chevrolet,2004,Silverado 1500 Regular Cab,Pickup
Chevrolet,2003,Silverado 1500 Regular Cab,Pickup
Chevrolet,2002,Silverado 1500 Regular Cab,Pickup
Chevrolet,2001,Silverado 1500 Regular Cab,Pickup
Chevrolet,2000,Silverado 1500 Regular Cab,Pickup
Chevrolet,1999,Silverado 1500 Regular Cab,Pickup
Chevrolet,2004,Silverado 2500 Crew Cab,Pickup
Chevrolet,2004,Silverado 2500 Extended Cab,Pickup
Chevrolet,2003,Silverado 2500 Extended Cab,Pickup
Chevrolet,2002,Silverado 2500 Extended Cab,Pickup
Chevrolet,2001,Silverado 2500 Extended Cab,Pickup
Chevrolet,2000,Silverado 2500 Extended Cab,Pickup
Chevrolet,1999,Silverado 2500 Extended Cab,Pickup
Chevrolet,2021,Silverado 2500 HD Crew Cab,Pickup
Chevrolet,2020,Silverado 2500 HD Crew Cab,Pickup
Chevrolet,2019,Silverado 2500 HD Crew Cab,Pickup
Chevrolet,2018,Silverado 2500 HD Crew Cab,Pickup
Chevrolet,2017,Silverado 2500 HD Crew Cab,Pickup
Chevrolet,2016,Silverado 2500 HD Crew Cab,Pickup
Chevrolet,2015,Silverado 2500 HD Crew Cab,Pickup
Chevrolet,2014,Silverado 2500 HD Crew Cab,Pickup
Chevrolet,2013,Silverado 2500 HD Crew Cab,Pickup
Chevrolet,2012,Silverado 2500 HD Crew Cab,Pickup
Chevrolet,2011,Silverado 2500 HD Crew Cab,Pickup
Chevrolet,2010,Silverado 2500 HD Crew Cab,Pickup
Chevrolet,2009,Silverado 2500 HD Crew Cab,Pickup
Chevrolet,2008,Silverado 2500 HD Crew Cab,Pickup
Chevrolet,2007,Silverado 2500 HD Crew Cab,Pickup
Chevrolet,2006,Silverado 2500 HD Crew Cab,Pickup
Chevrolet,2005,Silverado 2500 HD Crew Cab,Pickup
Chevrolet,2004,Silverado 2500 HD Crew Cab,Pickup
Chevrolet,2003,Silverado 2500 HD Crew Cab,Pickup
Chevrolet,2002,Silverado 2500 HD Crew Cab,Pickup
Chevrolet,2001,Silverado 2500 HD Crew Cab,Pickup
Chevrolet,2021,Silverado 2500 HD Double Cab,Pickup
Chevrolet,2019,Silverado 2500 HD Double Cab,Pickup
Chevrolet,2018,Silverado 2500 HD Double Cab,Pickup
Chevrolet,2017,Silverado 2500 HD Double Cab,Pickup
Chevrolet,2016,Silverado 2500 HD Double Cab,Pickup
Chevrolet,2015,Silverado 2500 HD Double Cab,Pickup
Chevrolet,2013,Silverado 2500 HD Extended Cab,Pickup
Chevrolet,2012,Silverado 2500 HD Extended Cab,Pickup
Chevrolet,2011,Silverado 2500 HD Extended Cab,Pickup
Chevrolet,2010,Silverado 2500 HD Extended Cab,Pickup
Chevrolet,2009,Silverado 2500 HD Extended Cab,Pickup
Chevrolet,2008,Silverado 2500 HD Extended Cab,Pickup
Chevrolet,2007,Silverado 2500 HD Extended Cab,Pickup
Chevrolet,2006,Silverado 2500 HD Extended Cab,Pickup
Chevrolet,2005,Silverado 2500 HD Extended Cab,Pickup
Chevrolet,2004,Silverado 2500 HD Extended Cab,Pickup
Chevrolet,2003,Silverado 2500 HD Extended Cab,Pickup
Chevrolet,2002,Silverado 2500 HD Extended Cab,Pickup
Chevrolet,2001,Silverado 2500 HD Extended Cab,Pickup
Chevrolet,2000,Silverado 2500 HD Extended Cab,Pickup
Chevrolet,1999,Silverado 2500 HD Extended Cab,Pickup
Chevrolet,2021,Silverado 2500 HD Regular Cab,Pickup
Chevrolet,2019,Silverado 2500 HD Regular Cab,Pickup
Chevrolet,2018,Silverado 2500 HD Regular Cab,Pickup
Chevrolet,2017,Silverado 2500 HD Regular Cab,Pickup
Chevrolet,2016,Silverado 2500 HD Regular Cab,Pickup
Chevrolet,2015,Silverado 2500 HD Regular Cab,Pickup
Chevrolet,2014,Silverado 2500 HD Regular Cab,Pickup
Chevrolet,2013,Silverado 2500 HD Regular Cab,Pickup
Chevrolet,2012,Silverado 2500 HD Regular Cab,Pickup
Chevrolet,2011,Silverado 2500 HD Regular Cab,Pickup
Chevrolet,2010,Silverado 2500 HD Regular Cab,Pickup
Chevrolet,2009,Silverado 2500 HD Regular Cab,Pickup
Chevrolet,2008,Silverado 2500 HD Regular Cab,Pickup
Chevrolet,2007,Silverado 2500 HD Regular Cab,Pickup
Chevrolet,2006,Silverado 2500 HD Regular Cab,Pickup
Chevrolet,2005,Silverado 2500 HD Regular Cab,Pickup
Chevrolet,2004,Silverado 2500 HD Regular Cab,Pickup
Chevrolet,2003,Silverado 2500 HD Regular Cab,Pickup
Chevrolet,2002,Silverado 2500 HD Regular Cab,Pickup
Chevrolet,2001,Silverado 2500 HD Regular Cab,Pickup
Chevrolet,2000,Silverado 2500 HD Regular Cab,Pickup
Chevrolet,1999,Silverado 2500 HD Regular Cab,Pickup
Chevrolet,2004,Silverado 2500 Regular Cab,Pickup
Chevrolet,2003,Silverado 2500 Regular Cab,Pickup
Chevrolet,2002,Silverado 2500 Regular Cab,Pickup
Chevrolet,2001,Silverado 2500 Regular Cab,Pickup
Chevrolet,2000,Silverado 2500 Regular Cab,Pickup
Chevrolet,1999,Silverado 2500 Regular Cab,Pickup
Chevrolet,2006,Silverado 3500 Crew Cab,Pickup
Chevrolet,2005,Silverado 3500 Crew Cab,Pickup
Chevrolet,2004,Silverado 3500 Crew Cab,Pickup
Chevrolet,2003,Silverado 3500 Crew Cab,Pickup
Chevrolet,2002,Silverado 3500 Crew Cab,Pickup
Chevrolet,2001,Silverado 3500 Crew Cab,Pickup
Chevrolet,2006,Silverado 3500 Extended Cab,Pickup
Chevrolet,2005,Silverado 3500 Extended Cab,Pickup
Chevrolet,2004,Silverado 3500 Extended Cab,Pickup
Chevrolet,2003,Silverado 3500 Extended Cab,Pickup
Chevrolet,2002,Silverado 3500 Extended Cab,Pickup
Chevrolet,2001,Silverado 3500 Extended Cab,Pickup
Chevrolet,2021,Silverado 3500 HD Crew Cab,Pickup
Chevrolet,2020,Silverado 3500 HD Crew Cab,Pickup
Chevrolet,2019,Silverado 3500 HD Crew Cab,Pickup
Chevrolet,2018,Silverado 3500 HD Crew Cab,Pickup
Chevrolet,2017,Silverado 3500 HD Crew Cab,Pickup
Chevrolet,2016,Silverado 3500 HD Crew Cab,Pickup
Chevrolet,2015,Silverado 3500 HD Crew Cab,Pickup
Chevrolet,2014,Silverado 3500 HD Crew Cab,Pickup
Chevrolet,2013,Silverado 3500 HD Crew Cab,Pickup
Chevrolet,2012,Silverado 3500 HD Crew Cab,Pickup
Chevrolet,2011,Silverado 3500 HD Crew Cab,Pickup
Chevrolet,2010,Silverado 3500 HD Crew Cab,Pickup
Chevrolet,2009,Silverado 3500 HD Crew Cab,Pickup
Chevrolet,2008,Silverado 3500 HD Crew Cab,Pickup
Chevrolet,2007,Silverado 3500 HD Crew Cab,Pickup
Chevrolet,2018,Silverado 3500 HD Double Cab,Pickup
Chevrolet,2017,Silverado 3500 HD Double Cab,Pickup
Chevrolet,2016,Silverado 3500 HD Double Cab,Pickup
Chevrolet,2015,Silverado 3500 HD Double Cab,Pickup
Chevrolet,2013,Silverado 3500 HD Extended Cab,Pickup
Chevrolet,2012,Silverado 3500 HD Extended Cab,Pickup
Chevrolet,2011,Silverado 3500 HD Extended Cab,Pickup
Chevrolet,2010,Silverado 3500 HD Extended Cab,Pickup
Chevrolet,2009,Silverado 3500 HD Extended Cab,Pickup
Chevrolet,2008,Silverado 3500 HD Extended Cab,Pickup
Chevrolet,2007,Silverado 3500 HD Extended Cab,Pickup
Chevrolet,2018,Silverado 3500 HD Regular Cab,Pickup
Chevrolet,2017,Silverado 3500 HD Regular Cab,Pickup
Chevrolet,2016,Silverado 3500 HD Regular Cab,Pickup
Chevrolet,2015,Silverado 3500 HD Regular Cab,Pickup
Chevrolet,2014,Silverado 3500 HD Regular Cab,Pickup
Chevrolet,2013,Silverado 3500 HD Regular Cab,Pickup
Chevrolet,2012,Silverado 3500 HD Regular Cab,Pickup
Chevrolet,2011,Silverado 3500 HD Regular Cab,Pickup
Chevrolet,2010,Silverado 3500 HD Regular Cab,Pickup
Chevrolet,2009,Silverado 3500 HD Regular Cab,Pickup
Chevrolet,2008,Silverado 3500 HD Regular Cab,Pickup
Chevrolet,2007,Silverado 3500 HD Regular Cab,Pickup
Chevrolet,2006,Silverado 3500 Regular Cab,Pickup
Chevrolet,2005,Silverado 3500 Regular Cab,Pickup
Chevrolet,2004,Silverado 3500 Regular Cab,Pickup
Chevrolet,2003,Silverado 3500 Regular Cab,Pickup
Chevrolet,2002,Silverado 3500 Regular Cab,Pickup
Chevrolet,2001,Silverado 3500 Regular Cab,Pickup
Chevrolet,2019,Sonic,"Sedan, Hatchback"
Chevrolet,2018,Sonic,"Sedan, Hatchback"
Chevrolet,2017,Sonic,"Sedan, Hatchback"
Chevrolet,2016,Sonic,"Sedan, Hatchback"
Chevrolet,2015,Sonic,"Sedan, Hatchback"
Chevrolet,2014,Sonic,"Sedan, Hatchback"
Chevrolet,2013,Sonic,"Sedan, Hatchback"
Chevrolet,2012,Sonic,"Sedan, Hatchback"
Chevrolet,2021,Spark,Hatchback
Chevrolet,2020,Spark,Hatchback
Chevrolet,2019,Spark,Hatchback
Chevrolet,2018,Spark,Hatchback
Chevrolet,2017,Spark,Hatchback
Chevrolet,2016,Spark,Hatchback
Chevrolet,2015,Spark,Hatchback
Chevrolet,2014,Spark,Hatchback
Chevrolet,2013,Spark,Hatchback
Chevrolet,2016,Spark EV,Hatchback
Chevrolet,2015,Spark EV,Hatchback
Chevrolet,2014,Spark EV,Hatchback
Chevrolet,1993,Sportvan G10,Van/Minivan
Chevrolet,1992,Sportvan G10,Van/Minivan
Chevrolet,1995,Sportvan G20,Van/Minivan
Chevrolet,1994,Sportvan G20,Van/Minivan
Chevrolet,1993,Sportvan G20,Van/Minivan
Chevrolet,1992,Sportvan G20,Van/Minivan
Chevrolet,1996,Sportvan G30,Van/Minivan
Chevrolet,1995,Sportvan G30,Van/Minivan
Chevrolet,1994,Sportvan G30,Van/Minivan
Chevrolet,1993,Sportvan G30,Van/Minivan
Chevrolet,1992,Sportvan G30,Van/Minivan
Chevrolet,2017,SS,Sedan
Chevrolet,2016,SS,Sedan
Chevrolet,2015,SS,Sedan
Chevrolet,2014,SS,Sedan
Chevrolet,2006,SSR,Pickup
Chevrolet,2005,SSR,Pickup
Chevrolet,2004,SSR,Pickup
Chevrolet,2003,SSR,Pickup
Chevrolet,2021,Suburban,SUV
Chevrolet,2020,Suburban,SUV
Chevrolet,2019,Suburban,SUV
Chevrolet,2018,Suburban,SUV
Chevrolet,2017,Suburban,SUV
Chevrolet,2016,Suburban,SUV
Chevrolet,2015,Suburban,SUV
Chevrolet,2014,Suburban 1500,SUV
Chevrolet,2013,Suburban 1500,SUV
Chevrolet,2012,Suburban 1500,SUV
Chevrolet,2011,Suburban 1500,SUV
Chevrolet,2010,Suburban 1500,SUV
Chevrolet,2009,Suburban 1500,SUV
Chevrolet,2008,Suburban 1500,SUV
Chevrolet,2007,Suburban 1500,SUV
Chevrolet,2006,Suburban 1500,SUV
Chevrolet,2005,Suburban 1500,SUV
Chevrolet,2004,Suburban 1500,SUV
Chevrolet,2003,Suburban 1500,SUV
Chevrolet,2002,Suburban 1500,SUV
Chevrolet,2001,Suburban 1500,SUV
Chevrolet,2000,Suburban 1500,SUV
Chevrolet,1999,Suburban 1500,SUV
Chevrolet,1998,Suburban 1500,SUV
Chevrolet,1997,Suburban 1500,SUV
Chevrolet,1996,Suburban 1500,SUV
Chevrolet,1995,Suburban 1500,SUV
Chevrolet,1994,Suburban 1500,SUV
Chevrolet,1993,Suburban 1500,SUV
Chevrolet,1992,Suburban 1500,SUV
Chevrolet,2013,Suburban 2500,SUV
Chevrolet,2012,Suburban 2500,SUV
Chevrolet,2011,Suburban 2500,SUV
Chevrolet,2010,Suburban 2500,SUV
Chevrolet,2009,Suburban 2500,SUV
Chevrolet,2008,Suburban 2500,SUV
Chevrolet,2007,Suburban 2500,SUV
Chevrolet,2006,Suburban 2500,SUV
Chevrolet,2005,Suburban 2500,SUV
Chevrolet,2004,Suburban 2500,SUV
Chevrolet,2003,Suburban 2500,SUV
Chevrolet,2002,Suburban 2500,SUV
Chevrolet,2001,Suburban 2500,SUV
Chevrolet,2000,Suburban 2500,SUV
Chevrolet,1999,Suburban 2500,SUV
Chevrolet,1998,Suburban 2500,SUV
Chevrolet,1997,Suburban 2500,SUV
Chevrolet,1996,Suburban 2500,SUV
Chevrolet,1995,Suburban 2500,SUV
Chevrolet,1994,Suburban 2500,SUV
Chevrolet,1993,Suburban 2500,SUV
Chevrolet,1992,Suburban 2500,SUV
Chevrolet,2019,Suburban 3500HD,SUV
Chevrolet,2018,Suburban 3500HD,SUV
Chevrolet,2017,Suburban 3500HD,SUV
Chevrolet,2016,Suburban 3500HD,SUV
Chevrolet,2021,Tahoe,SUV
Chevrolet,2020,Tahoe,SUV
Chevrolet,2019,Tahoe,SUV
Chevrolet,2018,Tahoe,SUV
Chevrolet,2017,Tahoe,SUV
Chevrolet,2016,Tahoe,SUV
Chevrolet,2015,Tahoe,SUV
Chevrolet,2014,Tahoe,SUV
Chevrolet,2013,Tahoe,SUV
Chevrolet,2012,Tahoe,SUV
Chevrolet,2011,Tahoe,SUV
Chevrolet,2010,Tahoe,SUV
Chevrolet,2009,Tahoe,SUV
Chevrolet,2008,Tahoe,SUV
Chevrolet,2007,Tahoe,SUV
Chevrolet,2006,Tahoe,SUV
Chevrolet,2005,Tahoe,SUV
Chevrolet,2004,Tahoe,SUV
Chevrolet,2003,Tahoe,SUV
Chevrolet,2002,Tahoe,SUV
Chevrolet,2001,Tahoe,SUV
Chevrolet,2000,Tahoe,SUV
Chevrolet,1999,Tahoe,SUV
Chevrolet,1998,Tahoe,SUV
Chevrolet,1997,Tahoe,SUV
Chevrolet,1996,Tahoe,SUV
Chevrolet,1995,Tahoe,SUV
Chevrolet,2000,Tahoe (New),SUV
Chevrolet,2004,Tracker,SUV
Chevrolet,2003,Tracker,SUV
Chevrolet,2002,Tracker,SUV
Chevrolet,2001,Tracker,SUV
Chevrolet,2000,Tracker,SUV
Chevrolet,1999,Tracker,SUV
Chevrolet,1998,Tracker,SUV
Chevrolet,2021,Trailblazer,SUV
Chevrolet,2009,TrailBlazer,SUV
Chevrolet,2008,TrailBlazer,SUV
Chevrolet,2007,TrailBlazer,SUV
Chevrolet,2006,TrailBlazer,SUV
Chevrolet,2005,TrailBlazer,SUV
Chevrolet,2004,TrailBlazer,SUV
Chevrolet,2003,TrailBlazer,SUV
Chevrolet,2002,TrailBlazer,SUV
Chevrolet,2026,Traverse,SUV
Chevrolet,2025,Traverse,SUV
Chevrolet,2024,Traverse,SUV
Chevrolet,2023,Traverse,SUV
Chevrolet,2022,Traverse,SUV
Chevrolet,2021,Traverse,SUV
Chevrolet,2020,Traverse,SUV
Chevrolet,2019,Traverse,SUV
Chevrolet,2018,Traverse,SUV
Chevrolet,2017,Traverse,SUV
Chevrolet,2016,Traverse,SUV
Chevrolet,2015,Traverse,SUV
Chevrolet,2014,Traverse,SUV
Chevrolet,2013,Traverse,SUV
Chevrolet,2012,Traverse,SUV
Chevrolet,2011,Traverse,SUV
Chevrolet,2010,Traverse,SUV
Chevrolet,2009,Traverse,SUV
Chevrolet,2021,Trax,SUV
Chevrolet,2020,Trax,SUV
Chevrolet,2019,Trax,SUV
Chevrolet,2018,Trax,SUV
Chevrolet,2017,Trax,SUV
Chevrolet,2016,Trax,SUV
Chevrolet,2015,Trax,SUV
Chevrolet,2008,Uplander Cargo,Van/Minivan
Chevrolet,2007,Uplander Cargo,Van/Minivan
Chevrolet,2006,Uplander Cargo,Van/Minivan
Chevrolet,2005,Uplander Cargo,Van/Minivan
Chevrolet,2008,Uplander Passenger,Van/Minivan
Chevrolet,2007,Uplander Passenger,Van/Minivan
Chevrolet,2006,Uplander Passenger,Van/Minivan
Chevrolet,2005,Uplander Passenger,Van/Minivan
Chevrolet,2005,Venture Cargo,Van/Minivan
Chevrolet,2004,Venture Cargo,Van/Minivan
Chevrolet,2003,Venture Cargo,Van/Minivan
Chevrolet,2002,Venture Cargo,Van/Minivan
Chevrolet,2000,Venture Cargo,Van/Minivan
Chevrolet,1999,Venture Cargo,Van/Minivan
Chevrolet,1998,Venture Cargo,Van/Minivan
Chevrolet,2005,Venture Passenger,Van/Minivan
Chevrolet,2004,Venture Passenger,Van/Minivan
Chevrolet,2003,Venture Passenger,Van/Minivan
Chevrolet,2002,Venture Passenger,Van/Minivan
Chevrolet,2001,Venture Passenger,Van/Minivan
Chevrolet,2000,Venture Passenger,Van/Minivan
Chevrolet,1999,Venture Passenger,Van/Minivan
Chevrolet,1998,Venture Passenger,Van/Minivan
Chevrolet,1997,Venture Passenger,Van/Minivan
Chevrolet,2019,Volt,Sedan
Chevrolet,2018,Volt,Sedan
Chevrolet,2017,Volt,Hatchback
Chevrolet,2016,Volt,Sedan
Chevrolet,2015,Volt,Sedan
Chevrolet,2014,Volt,Sedan
Chevrolet,2013,Volt,Sedan
Chevrolet,2012,Volt,Sedan
Chevrolet,2011,Volt,Sedan
Chrysler,2017,200,Sedan
Chrysler,2016,200,Sedan
Chrysler,2015,200,Sedan
Chrysler,2014,200,"Sedan, Convertible"
Chrysler,2013,200,"Sedan, Convertible"
Chrysler,2012,200,"Sedan, Convertible"
Chrysler,2011,200,"Convertible, Sedan"
Chrysler,2021,300,Sedan
Chrysler,2019,300,Sedan
Chrysler,2018,300,Sedan
Chrysler,2017,300,Sedan
Chrysler,2016,300,Sedan
Chrysler,2015,300,Sedan
Chrysler,2014,300,Sedan
Chrysler,2013,300,Sedan
Chrysler,2012,300,Sedan
Chrysler,2011,300,Sedan
Chrysler,2010,300,Sedan
Chrysler,2009,300,Sedan
Chrysler,2008,300,Sedan
Chrysler,2007,300,Sedan
Chrysler,2006,300,Sedan
Chrysler,2005,300,Sedan
Chrysler,1999,300,Sedan
Chrysler,2004,300M,Sedan
Chrysler,2003,300M,Sedan
Chrysler,2002,300M,Sedan
Chrysler,2001,300M,Sedan
Chrysler,2000,300M,Sedan
Chrysler,2009,Aspen,SUV
Chrysler,2008,Aspen,SUV
Chrysler,2007,Aspen,SUV
Chrysler,2000,Cirrus,Sedan
Chrysler,1999,Cirrus,Sedan
Chrysler,1998,Cirrus,Sedan
Chrysler,1997,Cirrus,Sedan
Chrysler,1996,Cirrus,Sedan
Chrysler,1995,Cirrus,Sedan
Chrysler,2004,Concorde,Sedan
Chrysler,2003,Concorde,Sedan
Chrysler,2002,Concorde,Sedan
Chrysler,2001,Concorde,Sedan
Chrysler,2000,Concorde,Sedan
Chrysler,1999,Concorde,Sedan
Chrysler,1998,Concorde,Sedan
Chrysler,1997,Concorde,Sedan
Chrysler,1996,Concorde,Sedan
Chrysler,1995,Concorde,Sedan
Chrysler,1994,Concorde,Sedan
Chrysler,1993,Concorde,Sedan
Chrysler,2008,Crossfire,"Coupe, Convertible"
Chrysler,2007,Crossfire,"Coupe, Convertible"
Chrysler,2006,Crossfire,"Coupe, Convertible"
Chrysler,2005,Crossfire,"Coupe, Convertible"
Chrysler,2004,Crossfire,Coupe
Chrysler,1993,Fifth Ave,Sedan
Chrysler,1992,Fifth Ave,Sedan
Chrysler,2000,Grand Voyager,Van/Minivan
Chrysler,1993,Imperial,Sedan
Chrysler,1992,Imperial,Sedan
Chrysler,1995,LeBaron,Convertible
Chrysler,1994,LeBaron,"Sedan, Convertible"
Chrysler,1993,LeBaron,"Coupe, Convertible, Sedan"
Chrysler,1992,LeBaron,"Sedan, Coupe, Convertible"
Chrysler,2001,LHS,Sedan
Chrysler,2000,LHS,Sedan
Chrysler,1999,LHS,Sedan
Chrysler,1997,LHS,Sedan
Chrysler,1996,LHS,Sedan
Chrysler,1995,LHS,Sedan
Chrysler,1994,LHS,Sedan
Chrysler,1996,New Yorker,Sedan
Chrysler,1995,New Yorker,Sedan
Chrysler,1994,New Yorker,Sedan
Chrysler,1993,New Yorker,Sedan
Chrysler,1992,New Yorker,Sedan
Chrysler,2021,Pacifica,Van/Minivan
Chrysler,2020,Pacifica,Van/Minivan
Chrysler,2019,Pacifica,Van/Minivan
Chrysler,2018,Pacifica,Van/Minivan
Chrysler,2017,Pacifica,Van/Minivan
Chrysler,2008,Pacifica,Wagon
Chrysler,2007,Pacifica,Wagon
Chrysler,2006,Pacifica,Wagon
Chrysler,2005,Pacifica,Wagon
Chrysler,2004,Pacifica,Wagon
Chrysler,2019,Pacifica Hybrid,Van/Minivan
Chrysler,2018,Pacifica Hybrid,Van/Minivan
Chrysler,2017,Pacifica Hybrid,Van/Minivan
Chrysler,2002,Prowler,Convertible
Chrysler,2001,Prowler,Convertible
Chrysler,2010,PT Cruiser,Wagon
Chrysler,2009,PT Cruiser,Wagon
Chrysler,2008,PT Cruiser,"Wagon, Convertible"
Chrysler,2007,PT Cruiser,"Wagon, Convertible"
Chrysler,2006,PT Cruiser,"Wagon, Convertible"
Chrysler,2005,PT Cruiser,"Wagon, Convertible"
Chrysler,2004,PT Cruiser,Wagon
Chrysler,2003,PT Cruiser,Wagon
Chrysler,2002,PT Cruiser,Wagon
Chrysler,2001,PT Cruiser,Wagon
Chrysler,2010,Sebring,"Sedan, Convertible"
Chrysler,2009,Sebring,"Sedan, Convertible"
Chrysler,2008,Sebring,"Sedan, Convertible"
Chrysler,2007,Sebring,Sedan
Chrysler,2006,Sebring,"Sedan, Convertible"
Chrysler,2005,Sebring,"Coupe, Sedan, Convertible"
Chrysler,2004,Sebring,"Coupe, Convertible, Sedan"
Chrysler,2003,Sebring,"Sedan, Coupe, Convertible"
Chrysler,2002,Sebring,"Sedan, Convertible, Coupe"
Chrysler,2001,Sebring,"Sedan, Coupe, Convertible"
Chrysler,2000,Sebring,"Coupe, Convertible"
Chrysler,1999,Sebring,"Coupe, Convertible"
Chrysler,1998,Sebring,"Convertible, Coupe"
Chrysler,1997,Sebring,"Coupe, Convertible"
Chrysler,1996,Sebring,"Coupe, Convertible"
Chrysler,1995,Sebring,Coupe
Chrysler,2016,Town & Country,Van/Minivan
Chrysler,2015,Town & Country,Van/Minivan
Chrysler,2014,Town & Country,Van/Minivan
Chrysler,2013,Town & Country,Van/Minivan
Chrysler,2012,Town & Country,Van/Minivan
Chrysler,2011,Town & Country,Van/Minivan
Chrysler,2010,Town & Country,Van/Minivan
Chrysler,2009,Town & Country,Van/Minivan
Chrysler,2008,Town & Country,Van/Minivan
Chrysler,2007,Town & Country,Van/Minivan
Chrysler,2006,Town & Country,Van/Minivan
Chrysler,2005,Town & Country,Van/Minivan
Chrysler,2004,Town & Country,Van/Minivan
Chrysler,2003,Town & Country,Van/Minivan
Chrysler,2002,Town & Country,Van/Minivan
Chrysler,2001,Town & Country,Van/Minivan
Chrysler,2000,Town & Country,Van/Minivan
Chrysler,1999,Town & Country,Van/Minivan
Chrysler,1998,Town & Country,Van/Minivan
Chrysler,1997,Town & Country,Van/Minivan
Chrysler,1996,Town & Country,Van/Minivan
Chrysler,1995,Town & Country,Van/Minivan
Chrysler,1994,Town & Country,Van/Minivan
Chrysler,1993,Town & Country,Van/Minivan
Chrysler,1992,Town & Country,Van/Minivan
Chrysler,2021,Voyager,Van/Minivan
Chrysler,2020,Voyager,Van/Minivan
Chrysler,2003,Voyager,Van/Minivan
Chrysler,2002,Voyager,Van/Minivan
Chrysler,2001,Voyager,Van/Minivan
Chrysler,2000,Voyager,Van/Minivan
Daewoo,2002,Lanos,"Sedan, Hatchback"
Daewoo,2001,Lanos,"Hatchback, Sedan"
Daewoo,2000,Lanos,"Sedan, Hatchback"
Daewoo,1999,Lanos,"Hatchback, Sedan"
Daewoo,2002,Leganza,Sedan
Daewoo,2001,Leganza,Sedan
Daewoo,2000,Leganza,Sedan
Daewoo,1999,Leganza,Sedan
Daewoo,2002,Nubira,"Sedan, Wagon"
Daewoo,2001,Nubira,"Sedan, Wagon"
Daewoo,2000,Nubira,"Sedan, Wagon"
Daewoo,1999,Nubira,"Wagon, Sedan, Hatchback"
Daihatsu,1992,Charade,"Sedan, Hatchback"
Daihatsu,1992,Rocky,SUV
Dodge,2014,Avenger,Sedan
Dodge,2013,Avenger,Sedan
Dodge,2012,Avenger,Sedan
Dodge,2011,Avenger,Sedan
Dodge,2010,Avenger,Sedan
Dodge,2009,Avenger,Sedan
Dodge,2008,Avenger,Sedan
Dodge,2000,Avenger,Coupe
Dodge,1999,Avenger,Coupe
Dodge,1998,Avenger,Coupe
Dodge,1997,Avenger,Coupe
Dodge,1996,Avenger,Coupe
Dodge,1995,Avenger,Coupe
Dodge,2012,Caliber,Wagon
Dodge,2011,Caliber,Wagon
Dodge,2010,Caliber,Wagon
Dodge,2009,Caliber,Wagon
Dodge,2008,Caliber,Wagon
Dodge,2007,Caliber,Wagon
Dodge,2007,Caravan Cargo,Van/Minivan
Dodge,2006,Caravan Cargo,Van/Minivan
Dodge,2005,Caravan Cargo,Van/Minivan
Dodge,2004,Caravan Cargo,Van/Minivan
Dodge,2003,Caravan Cargo,Van/Minivan
Dodge,1995,Caravan Cargo,Van/Minivan
Dodge,1994,Caravan Cargo,Van/Minivan
Dodge,1993,Caravan Cargo,Van/Minivan
Dodge,1992,Caravan Cargo,Van/Minivan
Dodge,2007,Caravan Passenger,Van/Minivan
Dodge,2006,Caravan Passenger,Van/Minivan
Dodge,2005,Caravan Passenger,Van/Minivan
Dodge,2004,Caravan Passenger,Van/Minivan
Dodge,2003,Caravan Passenger,Van/Minivan
Dodge,2002,Caravan Passenger,Van/Minivan
Dodge,2001,Caravan Passenger,Van/Minivan
Dodge,2000,Caravan Passenger,Van/Minivan
Dodge,1999,Caravan Passenger,Van/Minivan
Dodge,1998,Caravan Passenger,Van/Minivan
Dodge,1997,Caravan Passenger,Van/Minivan
Dodge,1996,Caravan Passenger,Van/Minivan
Dodge,1995,Caravan Passenger,Van/Minivan
Dodge,1994,Caravan Passenger,Van/Minivan
Dodge,1993,Caravan Passenger,Van/Minivan
Dodge,1992,Caravan Passenger,Van/Minivan
Dodge,2021,Challenger,Coupe
Dodge,2019,Challenger,Coupe
Dodge,2018,Challenger,Coupe
Dodge,2017,Challenger,Coupe
Dodge,2016,Challenger,Coupe
Dodge,2015,Challenger,Coupe
Dodge,2014,Challenger,Coupe
Dodge,2013,Challenger,Coupe
Dodge,2012,Challenger,Coupe
Dodge,2011,Challenger,Coupe
Dodge,2010,Challenger,Coupe
Dodge,2009,Challenger,Coupe
Dodge,2008,Challenger,Coupe
Dodge,2021,Charger,Sedan
Dodge,2020,Charger,Sedan
Dodge,2019,Charger,Sedan
Dodge,2018,Charger,Sedan
Dodge,2017,Charger,Sedan
Dodge,2016,Charger,Sedan
Dodge,2015,Charger,Sedan
Dodge,2014,Charger,Sedan
Dodge,2013,Charger,Sedan
Dodge,2012,Charger,Sedan
Dodge,2011,Charger,Sedan
Dodge,2010,Charger,Sedan
Dodge,2009,Charger,Sedan
Dodge,2008,Charger,Sedan
Dodge,2007,Charger,Sedan
Dodge,2006,Charger,Sedan
Dodge,1994,Colt,Sedan
Dodge,1993,Colt,"Sedan, Coupe"
Dodge,1992,Colt,Hatchback
Dodge,1993,D150 Club Cab,Pickup
Dodge,1992,D150 Club Cab,Pickup
Dodge,1993,D150 Regular Cab,Pickup
Dodge,1992,D150 Regular Cab,Pickup
Dodge,1993,D250 Club Cab,Pickup
Dodge,1992,D250 Club Cab,Pickup
Dodge,1993,D250 Regular Cab,Pickup
Dodge,1992,D250 Regular Cab,Pickup
Dodge,1993,D350 Club Cab,Pickup
Dodge,1992,D350 Club Cab,Pickup
Dodge,1993,D350 Regular Cab,Pickup
Dodge,1992,D350 Regular Cab,Pickup
Dodge,2007,Dakota Club Cab,Pickup
Dodge,2006,Dakota Club Cab,Pickup
Dodge,2005,Dakota Club Cab,Pickup
Dodge,2004,Dakota Club Cab,Pickup
Dodge,2003,Dakota Club Cab,Pickup
Dodge,2002,Dakota Club Cab,Pickup
Dodge,2001,Dakota Club Cab,Pickup
Dodge,2000,Dakota Club Cab,Pickup
Dodge,1999,Dakota Club Cab,Pickup
Dodge,1998,Dakota Club Cab,Pickup
Dodge,1997,Dakota Club Cab,Pickup
Dodge,1996,Dakota Club Cab,Pickup
Dodge,1995,Dakota Club Cab,Pickup
Dodge,1994,Dakota Club Cab,Pickup
Dodge,1993,Dakota Club Cab,Pickup
Dodge,1992,Dakota Club Cab,Pickup
Dodge,2010,Dakota Crew Cab,Pickup
Dodge,2009,Dakota Crew Cab,Pickup
Dodge,2008,Dakota Crew Cab,Pickup
Dodge,2010,Dakota Extended Cab,Pickup
Dodge,2009,Dakota Extended Cab,Pickup
Dodge,2008,Dakota Extended Cab,Pickup
Dodge,2007,Dakota Quad Cab,Pickup
Dodge,2006,Dakota Quad Cab,Pickup
Dodge,2005,Dakota Quad Cab,Pickup
Dodge,2004,Dakota Quad Cab,Pickup
Dodge,2003,Dakota Quad Cab,Pickup
Dodge,2002,Dakota Quad Cab,Pickup
Dodge,2001,Dakota Quad Cab,Pickup
Dodge,2000,Dakota Quad Cab,Pickup
Dodge,2004,Dakota Regular Cab,Pickup
Dodge,2003,Dakota Regular Cab,Pickup
Dodge,2002,Dakota Regular Cab,Pickup
Dodge,2001,Dakota Regular Cab,Pickup
Dodge,2000,Dakota Regular Cab,Pickup
Dodge,1999,Dakota Regular Cab,Pickup
Dodge,1998,Dakota Regular Cab,Pickup
Dodge,1997,Dakota Regular Cab,Pickup
Dodge,1996,Dakota Regular Cab,Pickup
Dodge,1995,Dakota Regular Cab,Pickup
Dodge,1994,Dakota Regular Cab,Pickup
Dodge,1993,Dakota Regular Cab,Pickup
Dodge,1992,Dakota Regular Cab,Pickup
Dodge,2016,Dart,Sedan
Dodge,2015,Dart,Sedan
Dodge,2014,Dart,Sedan
Dodge,2013,Dart,Sedan
Dodge,1993,Daytona,Hatchback
Dodge,1992,Daytona,Hatchback
Dodge,2021,Durango,SUV
Dodge,2020,Durango,SUV
Dodge,2019,Durango,SUV
Dodge,2018,Durango,SUV
Dodge,2017,Durango,SUV
Dodge,2016,Durango,SUV
Dodge,2015,Durango,SUV
Dodge,2014,Durango,SUV
Dodge,2013,Durango,SUV
Dodge,2012,Durango,SUV
Dodge,2011,Durango,SUV
Dodge,2009,Durango,SUV
Dodge,2008,Durango,SUV
Dodge,2007,Durango,SUV
Dodge,2006,Durango,SUV
Dodge,2005,Durango,SUV
Dodge,2004,Durango,SUV
Dodge,2003,Durango,SUV
Dodge,2002,Durango,SUV
Dodge,2001,Durango,SUV
Dodge,2000,Durango,SUV
Dodge,1999,Durango,SUV
Dodge,1998,Durango,SUV
Dodge,1993,Dynasty,Sedan
Dodge,1992,Dynasty,Sedan
Dodge,2011,Grand Caravan Cargo,Van/Minivan
Dodge,2010,Grand Caravan Cargo,Van/Minivan
Dodge,2009,Grand Caravan Cargo,Van/Minivan
Dodge,2008,Grand Caravan Cargo,Van/Minivan
Dodge,2007,Grand Caravan Cargo,Van/Minivan
Dodge,2006,Grand Caravan Cargo,Van/Minivan
Dodge,2005,Grand Caravan Cargo,Van/Minivan
Dodge,2004,Grand Caravan Cargo,Van/Minivan
Dodge,2003,Grand Caravan Cargo,Van/Minivan
Dodge,2019,Grand Caravan Passenger,Van/Minivan
Dodge,2018,Grand Caravan Passenger,Van/Minivan
Dodge,2017,Grand Caravan Passenger,Van/Minivan
Dodge,2016,Grand Caravan Passenger,Van/Minivan
Dodge,2015,Grand Caravan Passenger,Van/Minivan
Dodge,2014,Grand Caravan Passenger,Van/Minivan
Dodge,2013,Grand Caravan Passenger,Van/Minivan
Dodge,2012,Grand Caravan Passenger,Van/Minivan
Dodge,2011,Grand Caravan Passenger,Van/Minivan
Dodge,2010,Grand Caravan Passenger,Van/Minivan
Dodge,2009,Grand Caravan Passenger,Van/Minivan
Dodge,2008,Grand Caravan Passenger,Van/Minivan
Dodge,2007,Grand Caravan Passenger,Van/Minivan
Dodge,2006,Grand Caravan Passenger,Van/Minivan
Dodge,2005,Grand Caravan Passenger,Van/Minivan
Dodge,2004,Grand Caravan Passenger,Van/Minivan
Dodge,2003,Grand Caravan Passenger,Van/Minivan
Dodge,2002,Grand Caravan Passenger,Van/Minivan
Dodge,2001,Grand Caravan Passenger,Van/Minivan
Dodge,2000,Grand Caravan Passenger,Van/Minivan
Dodge,1999,Grand Caravan Passenger,Van/Minivan
Dodge,1998,Grand Caravan Passenger,Van/Minivan
Dodge,1997,Grand Caravan Passenger,Van/Minivan
Dodge,1996,Grand Caravan Passenger,Van/Minivan
Dodge,1995,Grand Caravan Passenger,Van/Minivan
Dodge,1994,Grand Caravan Passenger,Van/Minivan
Dodge,1993,Grand Caravan Passenger,Van/Minivan
Dodge,1992,Grand Caravan Passenger,Van/Minivan
Dodge,2004,Intrepid,Sedan
Dodge,2003,Intrepid,Sedan
Dodge,2002,Intrepid,Sedan
Dodge,2001,Intrepid,Sedan
Dodge,2000,Intrepid,Sedan
Dodge,1999,Intrepid,Sedan
Dodge,1998,Intrepid,Sedan
Dodge,1997,Intrepid,Sedan
Dodge,1996,Intrepid,Sedan
Dodge,1995,Intrepid,Sedan
Dodge,1994,Intrepid,Sedan
Dodge,1993,Intrepid,Sedan
Dodge,2019,Journey,SUV
Dodge,2018,Journey,SUV
Dodge,2017,Journey,SUV
Dodge,2016,Journey,SUV
Dodge,2015,Journey,SUV
Dodge,2014,Journey,SUV
Dodge,2013,Journey,SUV
Dodge,2012,Journey,SUV
Dodge,2011,Journey,SUV
Dodge,2010,Journey,SUV
Dodge,2009,Journey,SUV
Dodge,2008,Magnum,Wagon
Dodge,2007,Magnum,Wagon
Dodge,2006,Magnum,Wagon
Dodge,2005,Magnum,Wagon
Dodge,1992,Monaco,Sedan
Dodge,2005,Neon,Sedan
Dodge,2004,Neon,Sedan
Dodge,2003,Neon,Sedan
Dodge,2002,Neon,Sedan
Dodge,2001,Neon,Sedan
Dodge,2000,Neon,Sedan
Dodge,1999,Neon,"Coupe, Sedan"
Dodge,1998,Neon,"Sedan, Coupe"
Dodge,1997,Neon,"Sedan, Coupe"
Dodge,1996,Neon,"Sedan, Coupe"
Dodge,1995,Neon,"Sedan, Coupe"
Dodge,2011,Nitro,SUV
Dodge,2010,Nitro,SUV
Dodge,2009,Nitro,SUV
Dodge,2008,Nitro,SUV
Dodge,2007,Nitro,SUV
Dodge,2001,Ram 1500 Club Cab,Pickup
Dodge,2000,Ram 1500 Club Cab,Pickup
Dodge,1999,Ram 1500 Club Cab,Pickup
Dodge,1998,Ram 1500 Club Cab,Pickup
Dodge,1997,Ram 1500 Club Cab,Pickup
Dodge,1996,Ram 1500 Club Cab,Pickup
Dodge,1995,Ram 1500 Club Cab,Pickup
Dodge,2010,Ram 1500 Crew Cab,Pickup
Dodge,2009,Ram 1500 Crew Cab,Pickup
Dodge,2008,Ram 1500 Mega Cab,Pickup
Dodge,2007,Ram 1500 Mega Cab,Pickup
Dodge,2006,Ram 1500 Mega Cab,Pickup
Dodge,2010,Ram 1500 Quad Cab,Pickup
Dodge,2009,Ram 1500 Quad Cab,Pickup
Dodge,2008,Ram 1500 Quad Cab,Pickup
Dodge,2007,Ram 1500 Quad Cab,Pickup
Dodge,2006,Ram 1500 Quad Cab,Pickup
Dodge,2005,Ram 1500 Quad Cab,Pickup
Dodge,2004,Ram 1500 Quad Cab,Pickup
Dodge,2003,Ram 1500 Quad Cab,Pickup
Dodge,2002,Ram 1500 Quad Cab,Pickup
Dodge,2001,Ram 1500 Quad Cab,Pickup
Dodge,2000,Ram 1500 Quad Cab,Pickup
Dodge,1999,Ram 1500 Quad Cab,Pickup
Dodge,1998,Ram 1500 Quad Cab,Pickup
Dodge,2010,Ram 1500 Regular Cab,Pickup
Dodge,2009,Ram 1500 Regular Cab,Pickup
Dodge,2008,Ram 1500 Regular Cab,Pickup
Dodge,2007,Ram 1500 Regular Cab,Pickup
Dodge,2006,Ram 1500 Regular Cab,Pickup
Dodge,2005,Ram 1500 Regular Cab,Pickup
Dodge,2004,Ram 1500 Regular Cab,Pickup
Dodge,2003,Ram 1500 Regular Cab,Pickup
Dodge,2002,Ram 1500 Regular Cab,Pickup
Dodge,2001,Ram 1500 Regular Cab,Pickup
Dodge,2000,Ram 1500 Regular Cab,Pickup
Dodge,1999,Ram 1500 Regular Cab,Pickup
Dodge,1998,Ram 1500 Regular Cab,Pickup
Dodge,1997,Ram 1500 Regular Cab,Pickup
Dodge,1996,Ram 1500 Regular Cab,Pickup
Dodge,1995,Ram 1500 Regular Cab,Pickup
Dodge,1994,Ram 1500 Regular Cab,Pickup
Dodge,1999,Ram 2500 Club Cab,Pickup
Dodge,1998,Ram 2500 Club Cab,Pickup
Dodge,1997,Ram 2500 Club Cab,Pickup
Dodge,1996,Ram 2500 Club Cab,Pickup
Dodge,1995,Ram 2500 Club Cab,Pickup
Dodge,2010,Ram 2500 Crew Cab,Pickup
Dodge,2010,Ram 2500 Mega Cab,Pickup
Dodge,2009,Ram 2500 Mega Cab,Pickup
Dodge,2008,Ram 2500 Mega Cab,Pickup
Dodge,2007,Ram 2500 Mega Cab,Pickup
Dodge,2006,Ram 2500 Mega Cab,Pickup
Dodge,2009,Ram 2500 Quad Cab,Pickup
Dodge,2008,Ram 2500 Quad Cab,Pickup
Dodge,2007,Ram 2500 Quad Cab,Pickup
Dodge,2006,Ram 2500 Quad Cab,Pickup
Dodge,2005,Ram 2500 Quad Cab,Pickup
Dodge,2004,Ram 2500 Quad Cab,Pickup
Dodge,2003,Ram 2500 Quad Cab,Pickup
Dodge,2002,Ram 2500 Quad Cab,Pickup
Dodge,2001,Ram 2500 Quad Cab,Pickup
Dodge,2000,Ram 2500 Quad Cab,Pickup
Dodge,1999,Ram 2500 Quad Cab,Pickup
Dodge,1998,Ram 2500 Quad Cab,Pickup
Dodge,2010,Ram 2500 Regular Cab,Pickup
Dodge,2009,Ram 2500 Regular Cab,Pickup
Dodge,2008,Ram 2500 Regular Cab,Pickup
Dodge,2007,Ram 2500 Regular Cab,Pickup
Dodge,2006,Ram 2500 Regular Cab,Pickup
Dodge,2005,Ram 2500 Regular Cab,Pickup
Dodge,2004,Ram 2500 Regular Cab,Pickup
Dodge,2003,Ram 2500 Regular Cab,Pickup
Dodge,2002,Ram 2500 Regular Cab,Pickup
Dodge,2001,Ram 2500 Regular Cab,Pickup
Dodge,2000,Ram 2500 Regular Cab,Pickup
Dodge,1999,Ram 2500 Regular Cab,Pickup
Dodge,1998,Ram 2500 Regular Cab,Pickup
Dodge,1997,Ram 2500 Regular Cab,Pickup
Dodge,1996,Ram 2500 Regular Cab,Pickup
Dodge,1995,Ram 2500 Regular Cab,Pickup
Dodge,1994,Ram 2500 Regular Cab,Pickup
Dodge,1997,Ram 3500 Club Cab,Pickup
Dodge,1996,Ram 3500 Club Cab,Pickup
Dodge,1995,Ram 3500 Club Cab,Pickup
Dodge,2010,Ram 3500 Crew Cab,Pickup
Dodge,2010,Ram 3500 Mega Cab,Pickup
Dodge,2009,Ram 3500 Mega Cab,Pickup
Dodge,2008,Ram 3500 Mega Cab,Pickup
Dodge,2007,Ram 3500 Mega Cab,Pickup
Dodge,2006,Ram 3500 Mega Cab,Pickup
Dodge,2009,Ram 3500 Quad Cab,Pickup
Dodge,2008,Ram 3500 Quad Cab,Pickup
Dodge,2007,Ram 3500 Quad Cab,Pickup
Dodge,2006,Ram 3500 Quad Cab,Pickup
Dodge,2005,Ram 3500 Quad Cab,Pickup
Dodge,2004,Ram 3500 Quad Cab,Pickup
Dodge,2003,Ram 3500 Quad Cab,Pickup
Dodge,2002,Ram 3500 Quad Cab,Pickup
Dodge,2001,Ram 3500 Quad Cab,Pickup
Dodge,2000,Ram 3500 Quad Cab,Pickup
Dodge,1999,Ram 3500 Quad Cab,Pickup
Dodge,1998,Ram 3500 Quad Cab,Pickup
Dodge,2010,Ram 3500 Regular Cab,Pickup
Dodge,2009,Ram 3500 Regular Cab,Pickup
Dodge,2008,Ram 3500 Regular Cab,Pickup
Dodge,2007,Ram 3500 Regular Cab,Pickup
Dodge,2006,Ram 3500 Regular Cab,Pickup
Dodge,2005,Ram 3500 Regular Cab,Pickup
Dodge,2004,Ram 3500 Regular Cab,Pickup
Dodge,2003,Ram 3500 Regular Cab,Pickup
Dodge,2002,Ram 3500 Regular Cab,Pickup
Dodge,2001,Ram 3500 Regular Cab,Pickup
Dodge,2000,Ram 3500 Regular Cab,Pickup
Dodge,1999,Ram 3500 Regular Cab,Pickup
Dodge,1998,Ram 3500 Regular Cab,Pickup
Dodge,1997,Ram 3500 Regular Cab,Pickup
Dodge,1996,Ram 3500 Regular Cab,Pickup
Dodge,1995,Ram 3500 Regular Cab,Pickup
Dodge,1994,Ram 3500 Regular Cab,Pickup
Dodge,1993,Ram 50 Regular Cab,Pickup
Dodge,1992,Ram 50 Regular Cab,Pickup
Dodge,2003,Ram Van 1500,Van/Minivan
Dodge,2002,Ram Van 1500,Van/Minivan
Dodge,2001,Ram Van 1500,Van/Minivan
Dodge,2000,Ram Van 1500,Van/Minivan
Dodge,1999,Ram Van 1500,Van/Minivan
Dodge,1998,Ram Van 1500,Van/Minivan
Dodge,1997,Ram Van 1500,Van/Minivan
Dodge,1996,Ram Van 1500,Van/Minivan
Dodge,1995,Ram Van 1500,Van/Minivan
Dodge,2003,Ram Van 2500,Van/Minivan
Dodge,2002,Ram Van 2500,Van/Minivan
Dodge,2001,Ram Van 2500,Van/Minivan
Dodge,2000,Ram Van 2500,Van/Minivan
Dodge,1999,Ram Van 2500,Van/Minivan
Dodge,1998,Ram Van 2500,Van/Minivan
Dodge,1997,Ram Van 2500,Van/Minivan
Dodge,1996,Ram Van 2500,Van/Minivan
Dodge,1995,Ram Van 2500,Van/Minivan
Dodge,2003,Ram Van 3500,Van/Minivan
Dodge,2002,Ram Van 3500,Van/Minivan
Dodge,2001,Ram Van 3500,Van/Minivan
Dodge,2000,Ram Van 3500,Van/Minivan
Dodge,1999,Ram Van 3500,Van/Minivan
Dodge,1998,Ram Van 3500,Van/Minivan
Dodge,1997,Ram Van 3500,Van/Minivan
Dodge,1996,Ram Van 3500,Van/Minivan
Dodge,1995,Ram Van 3500,Van/Minivan
Dodge,1994,Ram Van B150,Van/Minivan
Dodge,1993,Ram Van B150,Van/Minivan
Dodge,1992,Ram Van B150,Van/Minivan
Dodge,1994,Ram Van B250,Van/Minivan
Dodge,1993,Ram Van B250,Van/Minivan
Dodge,1992,Ram Van B250,Van/Minivan
Dodge,1994,Ram Van B350,Van/Minivan
Dodge,1993,Ram Van B350,Van/Minivan
Dodge,1992,Ram Van B350,Van/Minivan
Dodge,2002,Ram Wagon 1500,Van/Minivan
Dodge,2001,Ram Wagon 1500,Van/Minivan
Dodge,2000,Ram Wagon 1500,Van/Minivan
Dodge,1999,Ram Wagon 1500,Van/Minivan
Dodge,1998,Ram Wagon 1500,Van/Minivan
Dodge,1997,Ram Wagon 1500,Van/Minivan
Dodge,1996,Ram Wagon 1500,Van/Minivan
Dodge,1995,Ram Wagon 1500,Van/Minivan
Dodge,2002,Ram Wagon 2500,Van/Minivan
Dodge,2001,Ram Wagon 2500,Van/Minivan
Dodge,2000,Ram Wagon 2500,Van/Minivan
Dodge,1999,Ram Wagon 2500,Van/Minivan
Dodge,1998,Ram Wagon 2500,Van/Minivan
Dodge,1997,Ram Wagon 2500,Van/Minivan
Dodge,1996,Ram Wagon 2500,Van/Minivan
Dodge,1995,Ram Wagon 2500,Van/Minivan
Dodge,2002,Ram Wagon 3500,Van/Minivan
Dodge,2001,Ram Wagon 3500,Van/Minivan
Dodge,2000,Ram Wagon 3500,Van/Minivan
Dodge,1999,Ram Wagon 3500,Van/Minivan
Dodge,1998,Ram Wagon 3500,Van/Minivan
Dodge,1997,Ram Wagon 3500,Van/Minivan
Dodge,1996,Ram Wagon 3500,Van/Minivan
Dodge,1995,Ram Wagon 3500,Van/Minivan
Dodge,1994,Ram Wagon B150,Van/Minivan
Dodge,1993,Ram Wagon B150,Van/Minivan
Dodge,1992,Ram Wagon B150,Van/Minivan
Dodge,1994,Ram Wagon B250,Van/Minivan
Dodge,1993,Ram Wagon B250,Van/Minivan
Dodge,1992,Ram Wagon B250,Van/Minivan
Dodge,1994,Ram Wagon B350,Van/Minivan
Dodge,1993,Ram Wagon B350,Van/Minivan
Dodge,1992,Ram Wagon B350,Van/Minivan
Dodge,1993,Ramcharger,SUV
Dodge,1992,Ramcharger,SUV
Dodge,1994,Shadow,Hatchback
Dodge,1993,Shadow,"Hatchback, Convertible"
Dodge,1992,Shadow,"Hatchback, Convertible"
Dodge,1995,Spirit,Sedan
Dodge,1994,Spirit,Sedan
Dodge,1993,Spirit,Sedan
Dodge,1992,Spirit,Sedan
Dodge,2009,Sprinter 2500 Cargo,Van/Minivan
Dodge,2008,Sprinter 2500 Cargo,Van/Minivan
Dodge,2007,Sprinter 2500 Cargo,Van/Minivan
Dodge,2006,Sprinter 2500 Cargo,Van/Minivan
Dodge,2005,Sprinter 2500 Cargo,Van/Minivan
Dodge,2004,Sprinter 2500 Cargo,Van/Minivan
Dodge,2003,Sprinter 2500 Cargo,Van/Minivan
Dodge,2008,Sprinter 2500 Passenger,Van/Minivan
Dodge,2007,Sprinter 2500 Passenger,Van/Minivan
Dodge,2006,Sprinter 2500 Passenger,Van/Minivan
Dodge,2005,Sprinter 2500 Passenger,Van/Minivan
Dodge,2004,Sprinter 2500 Passenger,Van/Minivan
Dodge,2003,Sprinter 2500 Passenger,Van/Minivan
Dodge,2008,Sprinter 3500 Cargo,Van/Minivan
Dodge,2007,Sprinter 3500 Cargo,Van/Minivan
Dodge,2006,Sprinter 3500 Cargo,Van/Minivan
Dodge,2005,Sprinter 3500 Cargo,Van/Minivan
Dodge,2004,Sprinter 3500 Cargo,Van/Minivan
Dodge,2003,Sprinter 3500 Cargo,Van/Minivan
Dodge,1996,Stealth,Hatchback
Dodge,1995,Stealth,Hatchback
Dodge,1994,Stealth,Coupe
Dodge,1993,Stealth,Hatchback
Dodge,1992,Stealth,Hatchback
Dodge,2006,Stratus,Sedan
Dodge,2005,Stratus,"Sedan, Coupe"
Dodge,2004,Stratus,"Sedan, Coupe"
Dodge,2003,Stratus,"Sedan, Coupe"
Dodge,2002,Stratus,"Coupe, Sedan"
Dodge,2001,Stratus,"Coupe, Sedan"
Dodge,2000,Stratus,Sedan
Dodge,1999,Stratus,Sedan
Dodge,1998,Stratus,Sedan
Dodge,1997,Stratus,Sedan
Dodge,1996,Stratus,Sedan
Dodge,1995,Stratus,Sedan
Dodge,2017,Viper,Coupe
Dodge,2016,Viper,Coupe
Dodge,2015,Viper,Coupe
Dodge,2010,Viper,"Convertible, Coupe"
Dodge,2009,Viper,"Coupe, Convertible"
Dodge,2008,Viper,"Coupe, Convertible"
Dodge,2006,Viper,"Coupe, Convertible"
Dodge,2005,Viper,Convertible
Dodge,2004,Viper,Convertible
Dodge,2003,Viper,Convertible
Dodge,2002,Viper,"Convertible, Coupe"
Dodge,2001,Viper,"Convertible, Coupe"
Dodge,2000,Viper,"Convertible, Coupe"
Dodge,1999,Viper,"Coupe, Convertible"
Dodge,1998,Viper,"Convertible, Coupe"
Dodge,1997,Viper,Coupe
Dodge,1996,Viper,"Coupe, Convertible"
Dodge,1995,Viper,Convertible
Dodge,1994,Viper,Convertible
Dodge,1993,Viper,Convertible
Dodge,1992,Viper,Convertible
Eagle,1992,Premier,Sedan
Eagle,1996,Summit,"Sedan, Coupe, Wagon"
Eagle,1995,Summit,"Coupe, Sedan, Wagon"
Eagle,1994,Summit,"Sedan, Coupe, Wagon"
Eagle,1993,Summit,"Sedan, Coupe, Wagon"
Eagle,1992,Summit,"Sedan, Hatchback, Wagon"
Eagle,1998,Talon,Hatchback
Eagle,1997,Talon,Hatchback
Eagle,1996,Talon,Hatchback
Eagle,1995,Talon,Hatchback
Eagle,1994,Talon,Hatchback
Eagle,1993,Talon,Hatchback
Eagle,1992,Talon,Hatchback
Eagle,1997,Vision,Sedan
Eagle,1996,Vision,Sedan
Eagle,1995,Vision,Sedan
Eagle,1994,Vision,Sedan
Eagle,1993,Vision,Sedan
Ferrari,2009,430 Scuderia,"Coupe, Convertible"
Ferrari,2008,430 Scuderia,Coupe
Ferrari,2015,458 Italia,Coupe
Ferrari,2014,458 Italia,Coupe
Ferrari,2013,458 Italia,Coupe
Ferrari,2012,458 Italia,Coupe
Ferrari,2011,458 Italia,Coupe
Ferrari,2010,458 Italia,Coupe
Ferrari,2015,458 Speciale,Coupe
Ferrari,2014,458 Speciale,Coupe
Ferrari,2015,458 Spider,Convertible
Ferrari,2014,458 Spider,Convertible
Ferrari,2013,458 Spider,Convertible
Ferrari,2018,488 GTB,Coupe
Ferrari,2017,488 GTB,Coupe
Ferrari,2016,488 GTB,Coupe
Ferrari,2018,488 Spider,Convertible
Ferrari,2017,488 Spider,Convertible
Ferrari,2016,488 Spider,Convertible
Ferrari,2011,599 GTB Fiorano,Coupe
Ferrari,2010,599 GTB Fiorano,Coupe
Ferrari,2009,599 GTB Fiorano,Coupe
Ferrari,2008,599 GTB Fiorano,Coupe
Ferrari,2007,599 GTB Fiorano,Coupe
Ferrari,2011,599 GTO,Coupe
Ferrari,2011,612 Scaglietti,Coupe
Ferrari,2010,612 Scaglietti,Coupe
Ferrari,2009,612 Scaglietti,Coupe
Ferrari,2008,612 Scaglietti,Coupe
Ferrari,2007,612 Scaglietti,Coupe
Ferrari,2006,612 Scaglietti,Coupe
Ferrari,2018,812 Superfast,Coupe
Ferrari,2017,California,Convertible
Ferrari,2016,California,Convertible
Ferrari,2015,California,Convertible
Ferrari,2014,California,Convertible
Ferrari,2013,California,Convertible
Ferrari,2012,California,Convertible
Ferrari,2011,California,Convertible
Ferrari,2010,California,Convertible
Ferrari,2009,California,Convertible
Ferrari,2017,F12berlinetta,Coupe
Ferrari,2016,F12berlinetta,Coupe
Ferrari,2015,F12berlinetta,Coupe
Ferrari,2014,F12berlinetta,Coupe
Ferrari,2013,F12berlinetta,Coupe
Ferrari,2009,F430,"Coupe, Convertible"
Ferrari,2008,F430,"Convertible, Coupe"
Ferrari,2007,F430,"Convertible, Coupe"
Ferrari,2006,F430,"Convertible, Coupe"
Ferrari,2016,FF,Coupe
Ferrari,2015,FF,Coupe
Ferrari,2014,FF,Coupe
Ferrari,2013,FF,Coupe
Ferrari,2012,FF,Coupe
Ferrari,2018,GTC4Lusso,Hatchback
Ferrari,2017,GTC4Lusso,Hatchback
Ferrari,2018,Portofino,Convertible
FIAT,2019,500,Hatchback
FIAT,2018,500,Hatchback
FIAT,2017,500,Hatchback
FIAT,2016,500,Hatchback
FIAT,2015,500,Hatchback
FIAT,2014,500,Hatchback
FIAT,2013,500,"Hatchback, Convertible"
FIAT,2012,500,"Hatchback, Convertible"
FIAT,2019,124 Spider,Convertible
FIAT,2018,124 Spider,Convertible
FIAT,2017,124 Spider,Convertible
FIAT,2019,500 Abarth,Hatchback
FIAT,2018,500 Abarth,Hatchback
FIAT,2017,500 Abarth,Hatchback
FIAT,2016,500 Abarth,"Hatchback, Convertible"
FIAT,2015,500 Abarth,"Hatchback, Convertible"
FIAT,2014,500 Abarth,"Hatchback, Convertible"
FIAT,2019,500c,Convertible
FIAT,2018,500c,Convertible
FIAT,2017,500c,Convertible
FIAT,2016,500c,Convertible
FIAT,2015,500c,Convertible
FIAT,2014,500c,Convertible
FIAT,2019,500c Abarth,Convertible
FIAT,2018,500c Abarth,Convertible
FIAT,2017,500c Abarth,Convertible
FIAT,2019,500e,Hatchback
FIAT,2018,500e,Hatchback
FIAT,2017,500e,Hatchback
FIAT,2016,500e,Hatchback
FIAT,2015,500e,Hatchback
FIAT,2014,500e,Hatchback
FIAT,2013,500e,Hatchback
FIAT,2019,500L,Hatchback
FIAT,2018,500L,Hatchback
FIAT,2017,500L,Hatchback
FIAT,2016,500L,Hatchback
FIAT,2015,500L,Hatchback
FIAT,2014,500L,Hatchback
FIAT,2021,500X,SUV
FIAT,2019,500X,SUV
FIAT,2018,500X,SUV
FIAT,2017,500X,SUV
FIAT,2016,500X,SUV
Fisker,2012,Karma,Sedan
Ford,1997,Aerostar Cargo,Van/Minivan
Ford,1996,Aerostar Cargo,Van/Minivan
Ford,1995,Aerostar Cargo,Van/Minivan
Ford,1994,Aerostar Cargo,Van/Minivan
Ford,1993,Aerostar Cargo,Van/Minivan
Ford,1992,Aerostar Cargo,Van/Minivan
Ford,1997,Aerostar Passenger,Van/Minivan
Ford,1996,Aerostar Passenger,Van/Minivan
Ford,1995,Aerostar Passenger,Van/Minivan
Ford,1994,Aerostar Passenger,Van/Minivan
Ford,1993,Aerostar Passenger,Van/Minivan
Ford,1992,Aerostar Passenger,Van/Minivan
Ford,1997,Aspire,Hatchback
Ford,1996,Aspire,Hatchback
Ford,1995,Aspire,Hatchback
Ford,1994,Aspire,Hatchback
Ford,1996,Bronco,SUV
Ford,1995,Bronco,SUV
Ford,1994,Bronco,SUV
Ford,1993,Bronco,SUV
Ford,1992,Bronco,SUV
Ford,2021,Bronco Sport,SUV
Ford,1998,Club Wagon,Van/Minivan
Ford,1997,Club Wagon,Van/Minivan
Ford,1996,Club Wagon,Van/Minivan
Ford,1995,Club Wagon,Van/Minivan
Ford,1994,Club Wagon,Van/Minivan
Ford,1993,Club Wagon,Van/Minivan
Ford,1992,Club Wagon,Van/Minivan
Ford,2017,C-MAX Energi,Wagon
Ford,2016,C-MAX Energi,Wagon
Ford,2015,C-MAX Energi,Wagon
Ford,2014,C-MAX Energi,Wagon
Ford,2013,C-MAX Energi,Wagon
Ford,2018,C-MAX Hybrid,Wagon
Ford,2017,C-MAX Hybrid,Wagon
Ford,2016,C-MAX Hybrid,Wagon
Ford,2015,C-MAX Hybrid,Wagon
Ford,2014,C-MAX Hybrid,Wagon
Ford,2013,C-MAX Hybrid,Wagon
Ford,2000,Contour,Sedan
Ford,1999,Contour,Sedan
Ford,1998,Contour,Sedan
Ford,1997,Contour,Sedan
Ford,1996,Contour,Sedan
Ford,1995,Contour,Sedan
Ford,2011,Crown Victoria,Sedan
Ford,2010,Crown Victoria,Sedan
Ford,2009,Crown Victoria,Sedan
Ford,2008,Crown Victoria,Sedan
Ford,2007,Crown Victoria,Sedan
Ford,2006,Crown Victoria,Sedan
Ford,2005,Crown Victoria,Sedan
Ford,2004,Crown Victoria,Sedan
Ford,2003,Crown Victoria,Sedan
Ford,2002,Crown Victoria,Sedan
Ford,2001,Crown Victoria,Sedan
Ford,2000,Crown Victoria,Sedan
Ford,1999,Crown Victoria,Sedan
Ford,1998,Crown Victoria,Sedan
Ford,1997,Crown Victoria,Sedan
Ford,1996,Crown Victoria,Sedan
Ford,1995,Crown Victoria,Sedan
Ford,1994,Crown Victoria,Sedan
Ford,1993,Crown Victoria,Sedan
Ford,1992,Crown Victoria,Sedan
Ford,2014,E150 Cargo,Van/Minivan
Ford,2013,E150 Cargo,Van/Minivan
Ford,2012,E150 Cargo,Van/Minivan
Ford,2011,E150 Cargo,Van/Minivan
Ford,2010,E150 Cargo,Van/Minivan
Ford,2009,E150 Cargo,Van/Minivan
Ford,2008,E150 Cargo,Van/Minivan
Ford,2014,E150 Passenger,Van/Minivan
Ford,2013,E150 Passenger,Van/Minivan
Ford,2012,E150 Passenger,Van/Minivan
Ford,2011,E150 Passenger,Van/Minivan
Ford,2004,E150 Passenger,Van/Minivan
Ford,2003,E150 Passenger,Van/Minivan
Ford,2007,E150 Super Duty Cargo,Van/Minivan
Ford,2006,E150 Super Duty Cargo,Van/Minivan
Ford,2005,E150 Super Duty Cargo,Van/Minivan
Ford,2004,E150 Super Duty Cargo,Van/Minivan
Ford,2003,E150 Super Duty Cargo,Van/Minivan
Ford,2010,E150 Super Duty Passenger,Van/Minivan
Ford,2009,E150 Super Duty Passenger,Van/Minivan
Ford,2008,E150 Super Duty Passenger,Van/Minivan
Ford,2007,E150 Super Duty Passenger,Van/Minivan
Ford,2006,E150 Super Duty Passenger,Van/Minivan
Ford,2005,E150 Super Duty Passenger,Van/Minivan
Ford,2014,E250 Cargo,Van/Minivan
Ford,2013,E250 Cargo,Van/Minivan
Ford,2012,E250 Cargo,Van/Minivan
Ford,2011,E250 Cargo,Van/Minivan
Ford,2010,E250 Cargo,Van/Minivan
Ford,2009,E250 Cargo,Van/Minivan
Ford,2008,E250 Cargo,Van/Minivan
Ford,2007,E250 Super Duty Cargo,Van/Minivan
Ford,2006,E250 Super Duty Cargo,Van/Minivan
Ford,2005,E250 Super Duty Cargo,Van/Minivan
Ford,2004,E250 Super Duty Cargo,Van/Minivan
Ford,2003,E250 Super Duty Cargo,Van/Minivan
Ford,2014,E350 Super Duty Cargo,Van/Minivan
Ford,2013,E350 Super Duty Cargo,Van/Minivan
Ford,2012,E350 Super Duty Cargo,Van/Minivan
Ford,2011,E350 Super Duty Cargo,Van/Minivan
Ford,2010,E350 Super Duty Cargo,Van/Minivan
Ford,2009,E350 Super Duty Cargo,Van/Minivan
Ford,2008,E350 Super Duty Cargo,Van/Minivan
Ford,2007,E350 Super Duty Cargo,Van/Minivan
Ford,2006,E350 Super Duty Cargo,Van/Minivan
Ford,2005,E350 Super Duty Cargo,Van/Minivan
Ford,2004,E350 Super Duty Cargo,Van/Minivan
Ford,2003,E350 Super Duty Cargo,Van/Minivan
Ford,2014,E350 Super Duty Passenger,Van/Minivan
Ford,2013,E350 Super Duty Passenger,Van/Minivan
Ford,2012,E350 Super Duty Passenger,Van/Minivan
Ford,2011,E350 Super Duty Passenger,Van/Minivan
Ford,2010,E350 Super Duty Passenger,Van/Minivan
Ford,2009,E350 Super Duty Passenger,Van/Minivan
Ford,2008,E350 Super Duty Passenger,Van/Minivan
Ford,2007,E350 Super Duty Passenger,Van/Minivan
Ford,2006,E350 Super Duty Passenger,Van/Minivan
Ford,2005,E350 Super Duty Passenger,Van/Minivan
Ford,2004,E350 Super Duty Passenger,Van/Minivan
Ford,2003,E350 Super Duty Passenger,Van/Minivan
Ford,2002,Econoline E150 Cargo,Van/Minivan
Ford,2001,Econoline E150 Cargo,Van/Minivan
Ford,2000,Econoline E150 Cargo,Van/Minivan
Ford,1999,Econoline E150 Cargo,Van/Minivan
Ford,1998,Econoline E150 Cargo,Van/Minivan
Ford,1997,Econoline E150 Cargo,Van/Minivan
Ford,1996,Econoline E150 Cargo,Van/Minivan
Ford,1995,Econoline E150 Cargo,Van/Minivan
Ford,1994,Econoline E150 Cargo,Van/Minivan
Ford,1993,Econoline E150 Cargo,Van/Minivan
Ford,1992,Econoline E150 Cargo,Van/Minivan
Ford,2002,Econoline E150 Passenger,Van/Minivan
Ford,2001,Econoline E150 Passenger,Van/Minivan
Ford,2000,Econoline E150 Passenger,Van/Minivan
Ford,1999,Econoline E150 Passenger,Van/Minivan
Ford,2002,Econoline E250 Cargo,Van/Minivan
Ford,2001,Econoline E250 Cargo,Van/Minivan
Ford,2000,Econoline E250 Cargo,Van/Minivan
Ford,1999,Econoline E250 Cargo,Van/Minivan
Ford,1998,Econoline E250 Cargo,Van/Minivan
Ford,1997,Econoline E250 Cargo,Van/Minivan
Ford,1996,Econoline E250 Cargo,Van/Minivan
Ford,1995,Econoline E250 Cargo,Van/Minivan
Ford,1994,Econoline E250 Cargo,Van/Minivan
Ford,1993,Econoline E250 Cargo,Van/Minivan
Ford,1992,Econoline E250 Cargo,Van/Minivan
Ford,1999,Econoline E350 Cargo,Van/Minivan
Ford,1998,Econoline E350 Cargo,Van/Minivan
Ford,1997,Econoline E350 Cargo,Van/Minivan
Ford,1996,Econoline E350 Cargo,Van/Minivan
Ford,1995,Econoline E350 Cargo,Van/Minivan
Ford,1994,Econoline E350 Cargo,Van/Minivan
Ford,1993,Econoline E350 Cargo,Van/Minivan
Ford,1992,Econoline E350 Cargo,Van/Minivan
Ford,2002,Econoline E350 Super Duty Cargo,Van/Minivan
Ford,2001,Econoline E350 Super Duty Cargo,Van/Minivan
Ford,2000,Econoline E350 Super Duty Cargo,Van/Minivan
Ford,1999,Econoline E350 Super Duty Cargo,Van/Minivan
Ford,2002,Econoline E350 Super Duty Passenger,Van/Minivan
Ford,2001,Econoline E350 Super Duty Passenger,Van/Minivan
Ford,2000,Econoline E350 Super Duty Passenger,Van/Minivan
Ford,1999,Econoline E350 Super Duty Passenger,Van/Minivan
Ford,2021,EcoSport,SUV
Ford,2020,EcoSport,SUV
Ford,2019,EcoSport,SUV
Ford,2018,EcoSport,SUV
Ford,2021,Edge,SUV
Ford,2020,Edge,SUV
Ford,2019,Edge,SUV
Ford,2018,Edge,SUV
Ford,2017,Edge,SUV
Ford,2016,Edge,SUV
Ford,2015,Edge,SUV
Ford,2014,Edge,SUV
Ford,2013,Edge,SUV
Ford,2012,Edge,SUV
Ford,2011,Edge,SUV
Ford,2010,Edge,SUV
Ford,2009,Edge,SUV
Ford,2008,Edge,SUV
Ford,2007,Edge,SUV
Ford,2021,Escape,SUV
Ford,2020,Escape,SUV
Ford,2019,Escape,SUV
Ford,2018,Escape,SUV
Ford,2017,Escape,SUV
Ford,2016,Escape,SUV
Ford,2015,Escape,SUV
Ford,2014,Escape,SUV
Ford,2013,Escape,SUV
Ford,2012,Escape,SUV
Ford,2011,Escape,SUV
Ford,2010,Escape,SUV
Ford,2009,Escape,SUV
Ford,2008,Escape,SUV
Ford,2007,Escape,SUV
Ford,2006,Escape,SUV
Ford,2005,Escape,SUV
Ford,2004,Escape,SUV
Ford,2003,Escape,SUV
Ford,2002,Escape,SUV
Ford,2001,Escape,SUV
Ford,2002,Escort,Sedan
Ford,2001,Escort,Sedan
Ford,2000,Escort,"Sedan, Coupe"
Ford,1999,Escort,"Sedan, Wagon, Coupe"
Ford,1998,Escort,"Sedan, Coupe, Wagon"
Ford,1997,Escort,"Sedan, Wagon"
Ford,1996,Escort,"Hatchback, Sedan, Wagon"
Ford,1995,Escort,"Hatchback, Wagon"
Ford,1994,Escort,"Hatchback, Sedan, Wagon"
Ford,1993,Escort,"Hatchback, Sedan, Wagon"
Ford,1992,Escort,"Hatchback, Sedan, Wagon"
Ford,2005,Excursion,SUV
Ford,2004,Excursion,SUV
Ford,2003,Excursion,SUV
Ford,2002,Excursion,SUV
Ford,2001,Excursion,SUV
Ford,2000,Excursion,SUV
Ford,2021,Expedition,SUV
Ford,2020,Expedition,SUV
Ford,2019,Expedition,SUV
Ford,2018,Expedition,SUV
Ford,2017,Expedition,SUV
Ford,2016,Expedition,SUV
Ford,2015,Expedition,SUV
Ford,2014,Expedition,SUV
Ford,2013,Expedition,SUV
Ford,2012,Expedition,SUV
Ford,2011,Expedition,SUV
Ford,2010,Expedition,SUV
Ford,2009,Expedition,SUV
Ford,2008,Expedition,SUV
Ford,2007,Expedition,SUV
Ford,2006,Expedition,SUV
Ford,2005,Expedition,SUV
Ford,2004,Expedition,SUV
Ford,2003,Expedition,SUV
Ford,2002,Expedition,SUV
Ford,2001,Expedition,SUV
Ford,2000,Expedition,SUV
Ford,1999,Expedition,SUV
Ford,1998,Expedition,SUV
Ford,1997,Expedition,SUV
Ford,2017,Expedition EL,SUV
Ford,2016,Expedition EL,SUV
Ford,2015,Expedition EL,SUV
Ford,2014,Expedition EL,SUV
Ford,2013,Expedition EL,SUV
Ford,2012,Expedition EL,SUV
Ford,2011,Expedition EL,SUV
Ford,2010,Expedition EL,SUV
Ford,2009,Expedition EL,SUV
Ford,2008,Expedition EL,SUV
Ford,2007,Expedition EL,SUV
Ford,2021,Expedition MAX,SUV
Ford,2020,Expedition MAX,SUV
Ford,2019,Expedition MAX,SUV
Ford,2018,Expedition MAX,SUV
Ford,2021,Explorer,SUV
Ford,2020,Explorer,SUV
Ford,2019,Explorer,SUV
Ford,2018,Explorer,SUV
Ford,2017,Explorer,SUV
Ford,2016,Explorer,SUV
Ford,2015,Explorer,SUV
Ford,2014,Explorer,SUV
Ford,2013,Explorer,SUV
Ford,2012,Explorer,SUV
Ford,2011,Explorer,SUV
Ford,2010,Explorer,SUV
Ford,2009,Explorer,SUV
Ford,2008,Explorer,SUV
Ford,2007,Explorer,SUV
Ford,2006,Explorer,SUV
Ford,2005,Explorer,SUV
Ford,2004,Explorer,SUV
Ford,2003,Explorer,SUV
Ford,2002,Explorer,SUV
Ford,2001,Explorer,SUV
Ford,2000,Explorer,SUV
Ford,1999,Explorer,SUV
Ford,1998,Explorer,SUV
Ford,1997,Explorer,SUV
Ford,1996,Explorer,SUV
Ford,1995,Explorer,SUV
Ford,1994,Explorer,SUV
Ford,1993,Explorer,SUV
Ford,1992,Explorer,SUV
Ford,2003,Explorer Sport,SUV
Ford,2002,Explorer Sport,SUV
Ford,2001,Explorer Sport,SUV
Ford,2000,Explorer Sport,SUV
Ford,2010,Explorer Sport Trac,Pickup
Ford,2009,Explorer Sport Trac,Pickup
Ford,2008,Explorer Sport Trac,SUV
Ford,2007,Explorer Sport Trac,Pickup
Ford,2005,Explorer Sport Trac,SUV
Ford,2004,Explorer Sport Trac,Pickup
Ford,2003,Explorer Sport Trac,Pickup
Ford,2002,Explorer Sport Trac,Pickup
Ford,2001,Explorer Sport Trac,Pickup
Ford,2004,F150 (Heritage) Regular Cab,Pickup
Ford,2004,F150 (Heritage) Super Cab,Pickup
Ford,2019,F150 Regular Cab,Pickup
Ford,2018,F150 Regular Cab,Pickup
Ford,2017,F150 Regular Cab,Pickup
Ford,2016,F150 Regular Cab,Pickup
Ford,2015,F150 Regular Cab,Pickup
Ford,2014,F150 Regular Cab,Pickup
Ford,2013,F150 Regular Cab,Pickup
Ford,2012,F150 Regular Cab,Pickup
Ford,2011,F150 Regular Cab,Pickup
Ford,2010,F150 Regular Cab,Pickup
Ford,2009,F150 Regular Cab,Pickup
Ford,2008,F150 Regular Cab,Pickup
Ford,2007,F150 Regular Cab,Pickup
Ford,2006,F150 Regular Cab,Pickup
Ford,2005,F150 Regular Cab,Pickup
Ford,2004,F150 Regular Cab,Pickup
Ford,2003,F150 Regular Cab,Pickup
Ford,2002,F150 Regular Cab,Pickup
Ford,2001,F150 Regular Cab,Pickup
Ford,2000,F150 Regular Cab,Pickup
Ford,1999,F150 Regular Cab,Pickup
Ford,1998,F150 Regular Cab,Pickup
Ford,1997,F150 Regular Cab,Pickup
Ford,1996,F150 Regular Cab,Pickup
Ford,1995,F150 Regular Cab,Pickup
Ford,1994,F150 Regular Cab,Pickup
Ford,1993,F150 Regular Cab,Pickup
Ford,1992,F150 Regular Cab,Pickup
Ford,2019,F150 Super Cab,Pickup
Ford,2018,F150 Super Cab,Pickup
Ford,2017,F150 Super Cab,Pickup
Ford,2016,F150 Super Cab,Pickup
Ford,2015,F150 Super Cab,Pickup
Ford,2014,F150 Super Cab,Pickup
Ford,2013,F150 Super Cab,Pickup
Ford,2012,F150 Super Cab,Pickup
Ford,2011,F150 Super Cab,Pickup
Ford,2010,F150 Super Cab,Pickup
Ford,2009,F150 Super Cab,Pickup
Ford,2008,F150 Super Cab,Pickup
Ford,2007,F150 Super Cab,Pickup
Ford,2006,F150 Super Cab,Pickup
Ford,2005,F150 Super Cab,Pickup
Ford,2004,F150 Super Cab,Pickup
Ford,2003,F150 Super Cab,Pickup
Ford,2002,F150 Super Cab,Pickup
Ford,2001,F150 Super Cab,Pickup
Ford,2000,F150 Super Cab,Pickup
Ford,1999,F150 Super Cab,Pickup
Ford,1998,F150 Super Cab,Pickup
Ford,1997,F150 Super Cab,Pickup
Ford,1996,F150 Super Cab,Pickup
Ford,1995,F150 Super Cab,Pickup
Ford,1994,F150 Super Cab,Pickup
Ford,1993,F150 Super Cab,Pickup
Ford,1992,F150 Super Cab,Pickup
Ford,2021,F150 SuperCrew Cab,Pickup
Ford,2020,F150 SuperCrew Cab,Pickup
Ford,2019,F150 SuperCrew Cab,Pickup
Ford,2018,F150 SuperCrew Cab,Pickup
Ford,2017,F150 SuperCrew Cab,Pickup
Ford,2016,F150 SuperCrew Cab,Pickup
Ford,2015,F150 SuperCrew Cab,Pickup
Ford,2014,F150 SuperCrew Cab,Pickup
Ford,2013,F150 SuperCrew Cab,Pickup
Ford,2012,F150 SuperCrew Cab,Pickup
Ford,2011,F150 SuperCrew Cab,Pickup
Ford,2010,F150 SuperCrew Cab,Pickup
Ford,2009,F150 SuperCrew Cab,Pickup
Ford,2008,F150 SuperCrew Cab,Pickup
Ford,2007,F150 SuperCrew Cab,Pickup
Ford,2006,F150 SuperCrew Cab,Pickup
Ford,2005,F150 SuperCrew Cab,Pickup
Ford,2004,F150 SuperCrew Cab,Pickup
Ford,2003,F150 SuperCrew Cab,Pickup
Ford,2002,F150 SuperCrew Cab,Pickup
Ford,2001,F150 SuperCrew Cab,Pickup
Ford,1997,F250 Crew Cab,Pickup
Ford,1996,F250 Crew Cab,Pickup
Ford,1999,F250 Regular Cab,Pickup
Ford,1998,F250 Regular Cab,Pickup
Ford,1997,F250 Regular Cab,Pickup
Ford,1996,F250 Regular Cab,Pickup
Ford,1995,F250 Regular Cab,Pickup
Ford,1994,F250 Regular Cab,Pickup
Ford,1993,F250 Regular Cab,Pickup
Ford,1992,F250 Regular Cab,Pickup
Ford,1999,F250 Super Cab,Pickup
Ford,1998,F250 Super Cab,Pickup
Ford,1997,F250 Super Cab,Pickup
Ford,1996,F250 Super Cab,Pickup
Ford,1995,F250 Super Cab,Pickup
Ford,1994,F250 Super Cab,Pickup
Ford,1993,F250 Super Cab,Pickup
Ford,1992,F250 Super Cab,Pickup
Ford,2021,F250 Super Duty Crew Cab,Pickup
Ford,2019,F250 Super Duty Crew Cab,Pickup
Ford,2018,F250 Super Duty Crew Cab,Pickup
Ford,2017,F250 Super Duty Crew Cab,Pickup
Ford,2016,F250 Super Duty Crew Cab,Pickup
Ford,2015,F250 Super Duty Crew Cab,Pickup
Ford,2014,F250 Super Duty Crew Cab,Pickup
Ford,2013,F250 Super Duty Crew Cab,Pickup
Ford,2012,F250 Super Duty Crew Cab,Pickup
Ford,2011,F250 Super Duty Crew Cab,Pickup
Ford,2010,F250 Super Duty Crew Cab,Pickup
Ford,2009,F250 Super Duty Crew Cab,Pickup
Ford,2008,F250 Super Duty Crew Cab,Pickup
Ford,2007,F250 Super Duty Crew Cab,Pickup
Ford,2006,F250 Super Duty Crew Cab,Pickup
Ford,2005,F250 Super Duty Crew Cab,Pickup
Ford,2004,F250 Super Duty Crew Cab,Pickup
Ford,2003,F250 Super Duty Crew Cab,Pickup
Ford,2002,F250 Super Duty Crew Cab,Pickup
Ford,2001,F250 Super Duty Crew Cab,Pickup
Ford,2000,F250 Super Duty Crew Cab,Pickup
Ford,1999,F250 Super Duty Crew Cab,Pickup
Ford,2019,F250 Super Duty Regular Cab,Pickup
Ford,2018,F250 Super Duty Regular Cab,Pickup
Ford,2017,F250 Super Duty Regular Cab,Pickup
Ford,2016,F250 Super Duty Regular Cab,Pickup
Ford,2015,F250 Super Duty Regular Cab,Pickup
Ford,2014,F250 Super Duty Regular Cab,Pickup
Ford,2013,F250 Super Duty Regular Cab,Pickup
Ford,2012,F250 Super Duty Regular Cab,Pickup
Ford,2011,F250 Super Duty Regular Cab,Pickup
Ford,2010,F250 Super Duty Regular Cab,Pickup
Ford,2009,F250 Super Duty Regular Cab,Pickup
Ford,2008,F250 Super Duty Regular Cab,Pickup
Ford,2007,F250 Super Duty Regular Cab,Pickup
Ford,2006,F250 Super Duty Regular Cab,Pickup
Ford,2005,F250 Super Duty Regular Cab,Pickup
Ford,2004,F250 Super Duty Regular Cab,Pickup
Ford,2003,F250 Super Duty Regular Cab,Pickup
Ford,2002,F250 Super Duty Regular Cab,Pickup
Ford,2001,F250 Super Duty Regular Cab,Pickup
Ford,2000,F250 Super Duty Regular Cab,Pickup
Ford,1999,F250 Super Duty Regular Cab,Pickup
Ford,2019,F250 Super Duty Super Cab,Pickup
Ford,2018,F250 Super Duty Super Cab,Pickup
Ford,2017,F250 Super Duty Super Cab,Pickup
Ford,2016,F250 Super Duty Super Cab,Pickup
Ford,2015,F250 Super Duty Super Cab,Pickup
Ford,2014,F250 Super Duty Super Cab,Pickup
Ford,2013,F250 Super Duty Super Cab,Pickup
Ford,2012,F250 Super Duty Super Cab,Pickup
Ford,2011,F250 Super Duty Super Cab,Pickup
Ford,2010,F250 Super Duty Super Cab,Pickup
Ford,2009,F250 Super Duty Super Cab,Pickup
Ford,2008,F250 Super Duty Super Cab,Pickup
Ford,2007,F250 Super Duty Super Cab,Pickup
Ford,2006,F250 Super Duty Super Cab,Pickup
Ford,2005,F250 Super Duty Super Cab,Pickup
Ford,2004,F250 Super Duty Super Cab,Pickup
Ford,2003,F250 Super Duty Super Cab,Pickup
Ford,2002,F250 Super Duty Super Cab,Pickup
Ford,2001,F250 Super Duty Super Cab,Pickup
Ford,2000,F250 Super Duty Super Cab,Pickup
Ford,1999,F250 Super Duty Super Cab,Pickup
Ford,1997,F350 Crew Cab,Pickup
Ford,1996,F350 Crew Cab,Pickup
Ford,1995,F350 Crew Cab,Pickup
Ford,1994,F350 Crew Cab,Pickup
Ford,1993,F350 Crew Cab,Pickup
Ford,1992,F350 Crew Cab,Pickup
Ford,1997,F350 Regular Cab,Pickup
Ford,1996,F350 Regular Cab,Pickup
Ford,1995,F350 Regular Cab,Pickup
Ford,1994,F350 Regular Cab,Pickup
Ford,1993,F350 Regular Cab,Pickup
Ford,1992,F350 Regular Cab,Pickup
Ford,1997,F350 Super Cab,Pickup
Ford,1996,F350 Super Cab,Pickup
Ford,1995,F350 Super Cab,Pickup
Ford,1994,F350 Super Cab,Pickup
Ford,1993,F350 Super Cab,Pickup
Ford,1992,F350 Super Cab,Pickup
Ford,2019,F350 Super Duty Crew Cab,Pickup
Ford,2018,F350 Super Duty Crew Cab,Pickup
Ford,2017,F350 Super Duty Crew Cab,Pickup
Ford,2016,F350 Super Duty Crew Cab,Pickup
Ford,2015,F350 Super Duty Crew Cab,Pickup
Ford,2014,F350 Super Duty Crew Cab,Pickup
Ford,2013,F350 Super Duty Crew Cab,Pickup
Ford,2012,F350 Super Duty Crew Cab,Pickup
Ford,2011,F350 Super Duty Crew Cab,Pickup
Ford,2010,F350 Super Duty Crew Cab,Pickup
Ford,2009,F350 Super Duty Crew Cab,Pickup
Ford,2008,F350 Super Duty Crew Cab,Pickup
Ford,2007,F350 Super Duty Crew Cab,Pickup
Ford,2006,F350 Super Duty Crew Cab,Pickup
Ford,2005,F350 Super Duty Crew Cab,Pickup
Ford,2004,F350 Super Duty Crew Cab,Pickup
Ford,2003,F350 Super Duty Crew Cab,Pickup
Ford,2002,F350 Super Duty Crew Cab,Pickup
Ford,2001,F350 Super Duty Crew Cab,Pickup
Ford,2000,F350 Super Duty Crew Cab,Pickup
Ford,1999,F350 Super Duty Crew Cab,Pickup
Ford,2018,F350 Super Duty Regular Cab,Pickup
Ford,2017,F350 Super Duty Regular Cab,Pickup
Ford,2016,F350 Super Duty Regular Cab,Pickup
Ford,2015,F350 Super Duty Regular Cab,Pickup
Ford,2014,F350 Super Duty Regular Cab,Pickup
Ford,2013,F350 Super Duty Regular Cab,Pickup
Ford,2012,F350 Super Duty Regular Cab,Pickup
Ford,2011,F350 Super Duty Regular Cab,Pickup
Ford,2010,F350 Super Duty Regular Cab,Pickup
Ford,2009,F350 Super Duty Regular Cab,Pickup
Ford,2008,F350 Super Duty Regular Cab,Pickup
Ford,2007,F350 Super Duty Regular Cab,Pickup
Ford,2006,F350 Super Duty Regular Cab,Pickup
Ford,2005,F350 Super Duty Regular Cab,Pickup
Ford,2004,F350 Super Duty Regular Cab,Pickup
Ford,2003,F350 Super Duty Regular Cab,Pickup
Ford,2002,F350 Super Duty Regular Cab,Pickup
Ford,2001,F350 Super Duty Regular Cab,Pickup
Ford,2000,F350 Super Duty Regular Cab,Pickup
Ford,1999,F350 Super Duty Regular Cab,Pickup
Ford,2019,F350 Super Duty Super Cab,Pickup
Ford,2018,F350 Super Duty Super Cab,Pickup
Ford,2017,F350 Super Duty Super Cab,Pickup
Ford,2016,F350 Super Duty Super Cab,Pickup
Ford,2015,F350 Super Duty Super Cab,Pickup
Ford,2014,F350 Super Duty Super Cab,Pickup
Ford,2013,F350 Super Duty Super Cab,Pickup
Ford,2012,F350 Super Duty Super Cab,Pickup
Ford,2011,F350 Super Duty Super Cab,Pickup
Ford,2010,F350 Super Duty Super Cab,Pickup
Ford,2009,F350 Super Duty Super Cab,Pickup
Ford,2008,F350 Super Duty Super Cab,Pickup
Ford,2007,F350 Super Duty Super Cab,Pickup
Ford,2006,F350 Super Duty Super Cab,Pickup
Ford,2005,F350 Super Duty Super Cab,Pickup
Ford,2004,F350 Super Duty Super Cab,Pickup
Ford,2003,F350 Super Duty Super Cab,Pickup
Ford,2002,F350 Super Duty Super Cab,Pickup
Ford,2001,F350 Super Duty Super Cab,Pickup
Ford,2000,F350 Super Duty Super Cab,Pickup
Ford,1999,F350 Super Duty Super Cab,Pickup
Ford,2019,F450 Super Duty Crew Cab,Pickup
Ford,2018,F450 Super Duty Crew Cab,Pickup
Ford,2017,F450 Super Duty Crew Cab,Pickup
Ford,2016,F450 Super Duty Crew Cab,Pickup
Ford,2015,F450 Super Duty Crew Cab,Pickup
Ford,2014,F450 Super Duty Crew Cab,Pickup
Ford,2013,F450 Super Duty Crew Cab,Pickup
Ford,2012,F450 Super Duty Crew Cab,Pickup
Ford,2011,F450 Super Duty Crew Cab,Pickup
Ford,2010,F450 Super Duty Crew Cab,Pickup
Ford,2009,F450 Super Duty Crew Cab,Pickup
Ford,2008,F450 Super Duty Crew Cab,Pickup
Ford,1993,Festiva,Hatchback
Ford,1992,Festiva,Hatchback
Ford,2019,Fiesta,"Hatchback, Sedan"
Ford,2018,Fiesta,"Hatchback, Sedan"
Ford,2017,Fiesta,"Sedan, Hatchback"
Ford,2016,Fiesta,"Hatchback, Sedan"
Ford,2015,Fiesta,"Sedan, Hatchback"
Ford,2014,Fiesta,"Sedan, Hatchback"
Ford,2013,Fiesta,"Sedan, Hatchback"
Ford,2012,Fiesta,"Sedan, Hatchback"
Ford,2011,Fiesta,"Sedan, Hatchback"
Ford,2007,Five Hundred,Sedan
Ford,2006,Five Hundred,Sedan
Ford,2005,Five Hundred,Sedan
Ford,2019,Flex,SUV
Ford,2018,Flex,SUV
Ford,2017,Flex,SUV
Ford,2016,Flex,SUV
Ford,2015,Flex,SUV
Ford,2014,Flex,SUV
Ford,2013,Flex,SUV
Ford,2012,Flex,SUV
Ford,2011,Flex,SUV
Ford,2010,Flex,SUV
Ford,2009,Flex,SUV
Ford,2018,Focus,"Sedan, Hatchback"
Ford,2017,Focus,"Sedan, Hatchback"
Ford,2016,Focus,"Sedan, Hatchback"
Ford,2015,Focus,"Sedan, Hatchback"
Ford,2014,Focus,"Sedan, Hatchback"
Ford,2013,Focus,"Sedan, Hatchback"
Ford,2012,Focus,"Sedan, Hatchback"
Ford,2011,Focus,Sedan
Ford,2010,Focus,"Sedan, Coupe"
Ford,2009,Focus,"Coupe, Sedan"
Ford,2008,Focus,"Coupe, Sedan"
Ford,2007,Focus,"Hatchback, Sedan, Wagon"
Ford,2006,Focus,"Hatchback, Sedan, Wagon"
Ford,2005,Focus,"Hatchback, Sedan, Wagon"
Ford,2004,Focus,"Sedan, Hatchback, Wagon"
Ford,2003,Focus,"Sedan, Wagon, Hatchback"
Ford,2002,Focus,"Sedan, Wagon, Hatchback"
Ford,2001,Focus,"Sedan, Hatchback, Wagon"
Ford,2000,Focus,"Sedan, Hatchback, Wagon"
Ford,2015,Focus ST,Hatchback
Ford,2014,Focus ST,Hatchback
Ford,2013,Focus ST,Hatchback
Ford,2007,Freestar Cargo,Van/Minivan
Ford,2006,Freestar Cargo,Van/Minivan
Ford,2005,Freestar Cargo,Van/Minivan
Ford,2004,Freestar Cargo,Van/Minivan
Ford,2007,Freestar Passenger,Van/Minivan
Ford,2006,Freestar Passenger,Van/Minivan
Ford,2005,Freestar Passenger,Van/Minivan
Ford,2004,Freestar Passenger,Van/Minivan
Ford,2007,Freestyle,SUV
Ford,2006,Freestyle,SUV
Ford,2005,Freestyle,SUV
Ford,2020,Fusion,Sedan
Ford,2019,Fusion,Sedan
Ford,2018,Fusion,Sedan
Ford,2017,Fusion,Sedan
Ford,2016,Fusion,Sedan
Ford,2015,Fusion,Sedan
Ford,2014,Fusion,Sedan
Ford,2013,Fusion,Sedan
Ford,2012,Fusion,Sedan
Ford,2011,Fusion,Sedan
Ford,2010,Fusion,Sedan
Ford,2009,Fusion,Sedan
Ford,2008,Fusion,Sedan
Ford,2007,Fusion,Sedan
Ford,2006,Fusion,Sedan
Ford,2019,Fusion Energi,Sedan
Ford,2018,Fusion Energi,Sedan
Ford,2017,Fusion Energi,Sedan
Ford,2016,Fusion Energi,Sedan
Ford,2015,Fusion Energi,Sedan
Ford,2014,Fusion Energi,Sedan
Ford,2013,Fusion Energi,Sedan
Ford,2006,GT,Coupe
Ford,2005,GT,Coupe
Ford,2021,Mustang,"Coupe,Convertible"
Ford,2020,Mustang,"Coupe, Convertible"
Ford,2019,Mustang,"Coupe, Convertible"
Ford,2018,Mustang,"Convertible, Coupe"
Ford,2017,Mustang,"Convertible, Coupe"
Ford,2016,Mustang,"Coupe, Convertible"
Ford,2015,Mustang,"Coupe, Convertible"
Ford,2014,Mustang,"Coupe, Convertible"
Ford,2013,Mustang,"Coupe, Convertible"
Ford,2012,Mustang,"Coupe, Convertible"
Ford,2011,Mustang,"Convertible, Coupe"
Ford,2010,Mustang,"Coupe, Convertible"
Ford,2009,Mustang,"Convertible, Coupe"
Ford,2008,Mustang,"Coupe, Convertible"
Ford,2007,Mustang,"Coupe, Convertible"
Ford,2006,Mustang,"Coupe, Convertible"
Ford,2005,Mustang,"Coupe, Convertible"
Ford,2004,Mustang,"Convertible, Coupe"
Ford,2003,Mustang,"Convertible, Coupe"
Ford,2002,Mustang,"Coupe, Convertible"
Ford,2001,Mustang,"Coupe, Convertible"
Ford,2000,Mustang,"Convertible, Coupe"
Ford,1999,Mustang,"Coupe, Convertible"
Ford,1998,Mustang,"Coupe, Convertible"
Ford,1997,Mustang,"Convertible, Coupe"
Ford,1996,Mustang,"Coupe, Convertible"
Ford,1995,Mustang,"Convertible, Coupe"
Ford,1994,Mustang,"Coupe, Convertible"
Ford,1993,Mustang,"Coupe, Convertible"
Ford,1992,Mustang,"Coupe, Convertible"
Ford,1997,Probe,Hatchback
Ford,1996,Probe,Hatchback
Ford,1995,Probe,Hatchback
Ford,1994,Probe,Hatchback
Ford,1993,Probe,Hatchback
Ford,1992,Probe,Hatchback
Ford,2011,Ranger Regular Cab,Pickup
Ford,2010,Ranger Regular Cab,Pickup
Ford,2009,Ranger Regular Cab,Pickup
Ford,2008,Ranger Regular Cab,Pickup
Ford,2007,Ranger Regular Cab,Pickup
Ford,2006,Ranger Regular Cab,Pickup
Ford,2005,Ranger Regular Cab,Pickup
Ford,2004,Ranger Regular Cab,Pickup
Ford,2003,Ranger Regular Cab,Pickup
Ford,2002,Ranger Regular Cab,Pickup
Ford,2001,Ranger Regular Cab,Pickup
Ford,2000,Ranger Regular Cab,Pickup
Ford,1999,Ranger Regular Cab,Pickup
Ford,1998,Ranger Regular Cab,Pickup
Ford,1997,Ranger Regular Cab,Pickup
Ford,1996,Ranger Regular Cab,Pickup
Ford,1995,Ranger Regular Cab,Pickup
Ford,1994,Ranger Regular Cab,Pickup
Ford,1993,Ranger Regular Cab,Pickup
Ford,1992,Ranger Regular Cab,Pickup
Ford,2011,Ranger Super Cab,Pickup
Ford,2010,Ranger Super Cab,Pickup
Ford,2009,Ranger Super Cab,Pickup
Ford,2008,Ranger Super Cab,Pickup
Ford,2007,Ranger Super Cab,Pickup
Ford,2006,Ranger Super Cab,Pickup
Ford,2005,Ranger Super Cab,Pickup
Ford,2004,Ranger Super Cab,Pickup
Ford,2003,Ranger Super Cab,Pickup
Ford,2002,Ranger Super Cab,Pickup
Ford,2001,Ranger Super Cab,Pickup
Ford,2000,Ranger Super Cab,Pickup
Ford,1999,Ranger Super Cab,Pickup
Ford,1998,Ranger Super Cab,Pickup
Ford,1997,Ranger Super Cab,Pickup
Ford,1996,Ranger Super Cab,Pickup
Ford,1995,Ranger Super Cab,Pickup
Ford,1994,Ranger Super Cab,Pickup
Ford,1993,Ranger Super Cab,Pickup
Ford,1992,Ranger Super Cab,Pickup
Ford,2020,Ranger SuperCab,Pickup
Ford,2019,Ranger SuperCab,Pickup
Ford,2021,Ranger SuperCrew,Pickup
Ford,2020,Ranger SuperCrew,Pickup
Ford,2019,Ranger SuperCrew,Pickup
Ford,2019,Taurus,Sedan
Ford,2018,Taurus,Sedan
Ford,2017,Taurus,Sedan
Ford,2016,Taurus,Sedan
Ford,2015,Taurus,Sedan
Ford,2014,Taurus,Sedan
Ford,2013,Taurus,Sedan
Ford,2012,Taurus,Sedan
Ford,2011,Taurus,Sedan
Ford,2010,Taurus,Sedan
Ford,2009,Taurus,Sedan
Ford,2008,Taurus,Sedan
Ford,2007,Taurus,Sedan
Ford,2006,Taurus,Sedan
Ford,2005,Taurus,"Sedan, Wagon"
Ford,2004,Taurus,"Sedan, Wagon"
Ford,2003,Taurus,"Sedan, Wagon"
Ford,2002,Taurus,"Sedan, Wagon"
Ford,2001,Taurus,"Sedan, Wagon"
Ford,2000,Taurus,"Sedan, Wagon"
Ford,1999,Taurus,"Sedan, Wagon"
Ford,1998,Taurus,"Sedan, Wagon"
Ford,1997,Taurus,"Wagon, Sedan"
Ford,1996,Taurus,"Sedan, Wagon"
Ford,1995,Taurus,"Wagon, Sedan"
Ford,1994,Taurus,"Sedan, Wagon"
Ford,1993,Taurus,"Wagon, Sedan"
Ford,1992,Taurus,"Sedan, Wagon"
Ford,2009,Taurus X,SUV
Ford,2008,Taurus X,SUV
Ford,1994,Tempo,Sedan
Ford,1993,Tempo,"Coupe, Sedan"
Ford,1992,Tempo,"Sedan, Coupe"
Ford,2005,Thunderbird,Convertible
Ford,2004,Thunderbird,Convertible
Ford,2003,Thunderbird,Convertible
Ford,2002,Thunderbird,Convertible
Ford,1997,Thunderbird,Coupe
Ford,1996,Thunderbird,Coupe
Ford,1995,Thunderbird,Coupe
Ford,1994,Thunderbird,Coupe
Ford,1993,Thunderbird,Coupe
Ford,1992,Thunderbird,Coupe
Ford,2019,Transit 150 Van,Van/Minivan
Ford,2018,Transit 150 Van,Van/Minivan
Ford,2017,Transit 150 Van,Van/Minivan
Ford,2016,Transit 150 Van,Van/Minivan
Ford,2015,Transit 150 Van,Van/Minivan
Ford,2019,Transit 150 Wagon,Van/Minivan
Ford,2018,Transit 150 Wagon,Van/Minivan
Ford,2017,Transit 150 Wagon,Van/Minivan
Ford,2016,Transit 150 Wagon,Van/Minivan
Ford,2015,Transit 150 Wagon,Van/Minivan
Ford,2019,Transit 250 Van,Van/Minivan
Ford,2018,Transit 250 Van,Van/Minivan
Ford,2017,Transit 250 Van,Van/Minivan
Ford,2016,Transit 250 Van,Van/Minivan
Ford,2015,Transit 250 Van,Van/Minivan
Ford,2018,Transit 350 HD Van,Van/Minivan
Ford,2017,Transit 350 HD Van,Van/Minivan
Ford,2016,Transit 350 HD Van,Van/Minivan
Ford,2015,Transit 350 HD Van,Van/Minivan
Ford,2019,Transit 350 Van,Van/Minivan
Ford,2018,Transit 350 Van,Van/Minivan
Ford,2017,Transit 350 Van,Van/Minivan
Ford,2016,Transit 350 Van,Van/Minivan
Ford,2015,Transit 350 Van,Van/Minivan
Ford,2019,Transit 350 Wagon,Van/Minivan
Ford,2018,Transit 350 Wagon,Van/Minivan
Ford,2017,Transit 350 Wagon,Van/Minivan
Ford,2016,Transit 350 Wagon,Van/Minivan
Ford,2015,Transit 350 Wagon,Van/Minivan
Ford,2019,Transit Connect Cargo,Van/Minivan
Ford,2018,Transit Connect Cargo,Van/Minivan
Ford,2017,Transit Connect Cargo,Van/Minivan
Ford,2016,Transit Connect Cargo,Van/Minivan
Ford,2015,Transit Connect Cargo,Van/Minivan
Ford,2014,Transit Connect Cargo,Van/Minivan
Ford,2013,Transit Connect Cargo,Van/Minivan
Ford,2012,Transit Connect Cargo,Van/Minivan
Ford,2011,Transit Connect Cargo,Van/Minivan
Ford,2010,Transit Connect Cargo,Van/Minivan
Ford,2021,Transit Connect Cargo Van,Van/Minivan
Ford,2019,Transit Connect Passenger,Van/Minivan
Ford,2018,Transit Connect Passenger,Van/Minivan
Ford,2017,Transit Connect Passenger,Van/Minivan
Ford,2016,Transit Connect Passenger,Van/Minivan
Ford,2015,Transit Connect Passenger,Van/Minivan
Ford,2014,Transit Connect Passenger,Van/Minivan
Ford,2013,Transit Connect Passenger,Van/Minivan
Ford,2012,Transit Connect Passenger,Van/Minivan
Ford,2011,Transit Connect Passenger,Van/Minivan
Ford,2010,Transit Connect Passenger,Van/Minivan
Ford,2003,Windstar Cargo,Van/Minivan
Ford,2002,Windstar Cargo,Van/Minivan
Ford,2001,Windstar Cargo,Van/Minivan
Ford,2000,Windstar Cargo,Van/Minivan
Ford,1999,Windstar Cargo,Van/Minivan
Ford,1998,Windstar Cargo,Van/Minivan
Ford,1997,Windstar Cargo,Van/Minivan
Ford,1996,Windstar Cargo,Van/Minivan
Ford,1995,Windstar Cargo,Van/Minivan
Ford,2003,Windstar Passenger,Van/Minivan
Ford,2002,Windstar Passenger,Van/Minivan
Ford,2001,Windstar Passenger,Van/Minivan
Ford,2000,Windstar Passenger,Van/Minivan
Ford,1999,Windstar Passenger,Van/Minivan
Ford,1998,Windstar Passenger,Van/Minivan
Ford,1997,Windstar Passenger,Van/Minivan
Ford,1996,Windstar Passenger,Van/Minivan
Ford,1995,Windstar Passenger,Van/Minivan
Ford,2003,ZX2,Coupe
Ford,2002,ZX2,Coupe
Ford,2001,ZX2,Coupe
Freightliner,2019,Sprinter 2500 Cargo,Van/Minivan
Freightliner,2018,Sprinter 2500 Cargo,Van/Minivan
Freightliner,2017,Sprinter 2500 Cargo,Van/Minivan
Freightliner,2016,Sprinter 2500 Cargo,Van/Minivan
Freightliner,2015,Sprinter 2500 Cargo,Van/Minivan
Freightliner,2014,Sprinter 2500 Cargo,Van/Minivan
Freightliner,2013,Sprinter 2500 Cargo,Van/Minivan
Freightliner,2018,Sprinter 2500 Crew,Van/Minivan
Freightliner,2017,Sprinter 2500 Crew,Van/Minivan
Freightliner,2016,Sprinter 2500 Crew,Van/Minivan
Freightliner,2015,Sprinter 2500 Crew,Van/Minivan
Freightliner,2014,Sprinter 2500 Crew,Van/Minivan
Freightliner,2013,Sprinter 2500 Crew,Van/Minivan
Freightliner,2018,Sprinter 2500 Passenger,Van/Minivan
Freightliner,2017,Sprinter 2500 Passenger,Van/Minivan
Freightliner,2016,Sprinter 2500 Passenger,Van/Minivan
Freightliner,2015,Sprinter 2500 Passenger,Van/Minivan
Freightliner,2014,Sprinter 2500 Passenger,Van/Minivan
Freightliner,2013,Sprinter 2500 Passenger,Van/Minivan
Freightliner,2018,Sprinter 3500 Cargo,Van/Minivan
Freightliner,2017,Sprinter 3500 Cargo,Van/Minivan
Freightliner,2016,Sprinter 3500 Cargo,Van/Minivan
Freightliner,2015,Sprinter 3500 Cargo,Van/Minivan
Freightliner,2014,Sprinter 3500 Cargo,Van/Minivan
Freightliner,2013,Sprinter 3500 Cargo,Van/Minivan
Freightliner,2018,Sprinter 3500XD Cargo,Van/Minivan
Freightliner,2017,Sprinter 3500XD Cargo,Van/Minivan
Freightliner,2018,Sprinter WORKER Cargo,Van/Minivan
Freightliner,2017,Sprinter WORKER Cargo,Van/Minivan
Freightliner,2017,Sprinter WORKER Passenger,Van/Minivan
Genesis,2021,G70,Sedan
Genesis,2020,G70,Sedan
Genesis,2019,G70,Sedan
Genesis,2021,G80,Sedan
Genesis,2020,G80,Sedan
Genesis,2019,G80,Sedan
Genesis,2018,G80,Sedan
Genesis,2017,G80,Sedan
Genesis,2021,G90,Sedan
Genesis,2019,G90,Sedan
Genesis,2018,G90,Sedan
Genesis,2017,G90,Sedan
Genesis,2021,GV80,SUV
Geo,1997,Metro,"Coupe, Sedan"
Geo,1996,Metro,"Hatchback, Sedan"
Geo,1995,Metro,"Hatchback, Sedan"
Geo,1994,Metro,Hatchback
Geo,1993,Metro,"Hatchback, Convertible"
Geo,1992,Metro,"Hatchback, Convertible"
Geo,1997,Prizm,Sedan
Geo,1996,Prizm,Sedan
Geo,1995,Prizm,Sedan
Geo,1994,Prizm,Sedan
Geo,1993,Prizm,Sedan
Geo,1992,Prizm,Sedan
Geo,1993,Storm,Coupe
Geo,1992,Storm,"Coupe, Hatchback"
Geo,1997,Tracker,SUV
Geo,1996,Tracker,SUV
Geo,1995,Tracker,SUV
Geo,1994,Tracker,SUV
Geo,1993,Tracker,SUV
Geo,1992,Tracker,SUV
GMC,1999,1500 Club Coupe,Pickup
GMC,1998,1500 Club Coupe,Pickup
GMC,1997,1500 Club Coupe,Pickup
GMC,1996,1500 Club Coupe,Pickup
GMC,1995,1500 Club Coupe,Pickup
GMC,1994,1500 Club Coupe,Pickup
GMC,1993,1500 Club Coupe,Pickup
GMC,1992,1500 Club Coupe,Pickup
GMC,1998,1500 Regular Cab,Pickup
GMC,1997,1500 Regular Cab,Pickup
GMC,1996,1500 Regular Cab,Pickup
GMC,1995,1500 Regular Cab,Pickup
GMC,1994,1500 Regular Cab,Pickup
GMC,1993,1500 Regular Cab,Pickup
GMC,1992,1500 Regular Cab,Pickup
GMC,1998,2500 Club Coupe,Pickup
GMC,1997,2500 Club Coupe,Pickup
GMC,1996,2500 Club Coupe,Pickup
GMC,1995,2500 Club Coupe,Pickup
GMC,1994,2500 Club Coupe,Pickup
GMC,1993,2500 Club Coupe,Pickup
GMC,1992,2500 Club Coupe,Pickup
GMC,1999,2500 Crew Cab,Pickup
GMC,1998,2500 HD Club Coupe,Pickup
GMC,1997,2500 HD Club Coupe,Pickup
GMC,1999,2500 HD Extended Cab,Pickup
GMC,1999,2500 HD Regular Cab,Pickup
GMC,1998,2500 Regular Cab,Pickup
GMC,1997,2500 Regular Cab,Pickup
GMC,1996,2500 Regular Cab,Pickup
GMC,1995,2500 Regular Cab,Pickup
GMC,1994,2500 Regular Cab,Pickup
GMC,1993,2500 Regular Cab,Pickup
GMC,1992,2500 Regular Cab,Pickup
GMC,1998,3500 Club Coupe,Pickup
GMC,1997,3500 Club Coupe,Pickup
GMC,1996,3500 Club Coupe,Pickup
GMC,1995,3500 Club Coupe,Pickup
GMC,1994,3500 Club Coupe,Pickup
GMC,1993,3500 Club Coupe,Pickup
GMC,1992,3500 Club Coupe,Pickup
GMC,1999,3500 Crew Cab,Pickup
GMC,1998,3500 Crew Cab,Pickup
GMC,1997,3500 Crew Cab,Pickup
GMC,1996,3500 Crew Cab,Pickup
GMC,1995,3500 Crew Cab,Pickup
GMC,1994,3500 Crew Cab,Pickup
GMC,1993,3500 Crew Cab,Pickup
GMC,1992,3500 Crew Cab,Pickup
GMC,1999,3500 Extended Cab,Pickup
GMC,1999,3500 Regular Cab,Pickup
GMC,1998,3500 Regular Cab,Pickup
GMC,1997,3500 Regular Cab,Pickup
GMC,1996,3500 Regular Cab,Pickup
GMC,1995,3500 Regular Cab,Pickup
GMC,1994,3500 Regular Cab,Pickup
GMC,1993,3500 Regular Cab,Pickup
GMC,1992,3500 Regular Cab,Pickup
GMC,2021,Acadia,SUV
GMC,2020,Acadia,SUV
GMC,2019,Acadia,SUV
GMC,2018,Acadia,SUV
GMC,2017,Acadia,SUV
GMC,2016,Acadia,SUV
GMC,2015,Acadia,SUV
GMC,2014,Acadia,SUV
GMC,2013,Acadia,SUV
GMC,2012,Acadia,SUV
GMC,2011,Acadia,SUV
GMC,2010,Acadia,SUV
GMC,2009,Acadia,SUV
GMC,2008,Acadia,SUV
GMC,2007,Acadia,SUV
GMC,2017,Acadia Limited,SUV
GMC,2021,Canyon Crew Cab,Pickup
GMC,2019,Canyon Crew Cab,Pickup
GMC,2018,Canyon Crew Cab,Pickup
GMC,2017,Canyon Crew Cab,Pickup
GMC,2016,Canyon Crew Cab,Pickup
GMC,2015,Canyon Crew Cab,Pickup
GMC,2012,Canyon Crew Cab,Pickup
GMC,2011,Canyon Crew Cab,Pickup
GMC,2010,Canyon Crew Cab,Pickup
GMC,2009,Canyon Crew Cab,Pickup
GMC,2008,Canyon Crew Cab,Pickup
GMC,2007,Canyon Crew Cab,Pickup
GMC,2006,Canyon Crew Cab,Pickup
GMC,2005,Canyon Crew Cab,Pickup
GMC,2004,Canyon Crew Cab,Pickup
GMC,2021,Canyon Extended Cab,Pickup
GMC,2019,Canyon Extended Cab,Pickup
GMC,2018,Canyon Extended Cab,Pickup
GMC,2017,Canyon Extended Cab,Pickup
GMC,2016,Canyon Extended Cab,Pickup
GMC,2015,Canyon Extended Cab,Pickup
GMC,2012,Canyon Extended Cab,Pickup
GMC,2011,Canyon Extended Cab,Pickup
GMC,2010,Canyon Extended Cab,Pickup
GMC,2009,Canyon Extended Cab,Pickup
GMC,2008,Canyon Extended Cab,Pickup
GMC,2007,Canyon Extended Cab,Pickup
GMC,2006,Canyon Extended Cab,Pickup
GMC,2005,Canyon Extended Cab,Pickup
GMC,2004,Canyon Extended Cab,Pickup
GMC,2012,Canyon Regular Cab,Pickup
GMC,2011,Canyon Regular Cab,Pickup
GMC,2010,Canyon Regular Cab,Pickup
GMC,2009,Canyon Regular Cab,Pickup
GMC,2008,Canyon Regular Cab,Pickup
GMC,2007,Canyon Regular Cab,Pickup
GMC,2006,Canyon Regular Cab,Pickup
GMC,2005,Canyon Regular Cab,Pickup
GMC,2004,Canyon Regular Cab,Pickup
GMC,2009,Envoy,SUV
GMC,2008,Envoy,SUV
GMC,2007,Envoy,SUV
GMC,2006,Envoy,SUV
GMC,2005,Envoy,SUV
GMC,2004,Envoy,SUV
GMC,2003,Envoy,SUV
GMC,2002,Envoy,SUV
GMC,2000,Envoy,SUV
GMC,1999,Envoy,SUV
GMC,1998,Envoy,SUV
GMC,2006,Envoy XL,SUV
GMC,2005,Envoy XL,SUV
GMC,2004,Envoy XL,SUV
GMC,2003,Envoy XL,SUV
GMC,2002,Envoy XL,SUV
GMC,2005,Envoy XUV,SUV
GMC,2004,Envoy XUV,SUV
GMC,2026,Hummer EV,Pickup
GMC,2025,Hummer EV,Pickup
GMC,2024,Hummer EV,Pickup
GMC,2023,Hummer EV,Pickup
GMC,2022,Hummer EV,Pickup
GMC,2001,Jimmy,SUV
GMC,2000,Jimmy,SUV
GMC,1999,Jimmy,SUV
GMC,1998,Jimmy,SUV
GMC,1997,Jimmy,SUV
GMC,1996,Jimmy,SUV
GMC,1995,Jimmy,SUV
GMC,1994,Jimmy,SUV
GMC,1993,Jimmy,SUV
GMC,1992,Jimmy,SUV
GMC,1993,Rally Wagon 1500,Van/Minivan
GMC,1992,Rally Wagon 1500,Van/Minivan
GMC,1994,Rally Wagon 2500,Van/Minivan
GMC,1993,Rally Wagon 2500,Van/Minivan
GMC,1992,Rally Wagon 2500,Van/Minivan
GMC,1994,Rally Wagon 3500,Van/Minivan
GMC,1993,Rally Wagon 3500,Van/Minivan
GMC,1992,Rally Wagon 3500,Van/Minivan
GMC,1995,Rally Wagon G2500,Van/Minivan
GMC,1996,Rally Wagon G3500,Van/Minivan
GMC,1995,Rally Wagon G3500,Van/Minivan
GMC,2005,Safari Cargo,Van/Minivan
GMC,2004,Safari Cargo,Van/Minivan
GMC,2003,Safari Cargo,Van/Minivan
GMC,2002,Safari Cargo,Van/Minivan
GMC,2001,Safari Cargo,Van/Minivan
GMC,2000,Safari Cargo,Van/Minivan
GMC,1999,Safari Cargo,Van/Minivan
GMC,1998,Safari Cargo,Van/Minivan
GMC,1997,Safari Cargo,Van/Minivan
GMC,1996,Safari Cargo,Van/Minivan
GMC,1995,Safari Cargo,Van/Minivan
GMC,1994,Safari Cargo,Van/Minivan
GMC,1993,Safari Cargo,Van/Minivan
GMC,1992,Safari Cargo,Van/Minivan
GMC,2005,Safari Passenger,Van/Minivan
GMC,2004,Safari Passenger,Van/Minivan
GMC,2003,Safari Passenger,Van/Minivan
GMC,2002,Safari Passenger,Van/Minivan
GMC,2001,Safari Passenger,Van/Minivan
GMC,2000,Safari Passenger,Van/Minivan
GMC,1999,Safari Passenger,Van/Minivan
GMC,1998,Safari Passenger,Van/Minivan
GMC,1997,Safari Passenger,Van/Minivan
GMC,1996,Safari Passenger,Van/Minivan
GMC,1995,Safari Passenger,Van/Minivan
GMC,1994,Safari Passenger,Van/Minivan
GMC,1993,Safari Passenger,Van/Minivan
GMC,1992,Safari Passenger,Van/Minivan
GMC,2014,Savana 1500 Cargo,Van/Minivan
GMC,2013,Savana 1500 Cargo,Van/Minivan
GMC,2012,Savana 1500 Cargo,Van/Minivan
GMC,2011,Savana 1500 Cargo,Van/Minivan
GMC,2010,Savana 1500 Cargo,Van/Minivan
GMC,2009,Savana 1500 Cargo,Van/Minivan
GMC,2008,Savana 1500 Cargo,Van/Minivan
GMC,2007,Savana 1500 Cargo,Van/Minivan
GMC,2006,Savana 1500 Cargo,Van/Minivan
GMC,2005,Savana 1500 Cargo,Van/Minivan
GMC,2004,Savana 1500 Cargo,Van/Minivan
GMC,2003,Savana 1500 Cargo,Van/Minivan
GMC,2002,Savana 1500 Cargo,Van/Minivan
GMC,2001,Savana 1500 Cargo,Van/Minivan
GMC,2000,Savana 1500 Cargo,Van/Minivan
GMC,1999,Savana 1500 Cargo,Van/Minivan
GMC,1998,Savana 1500 Cargo,Van/Minivan
GMC,1997,Savana 1500 Cargo,Van/Minivan
GMC,1996,Savana 1500 Cargo,Van/Minivan
GMC,2014,Savana 1500 Passenger,Van/Minivan
GMC,2013,Savana 1500 Passenger,Van/Minivan
GMC,2012,Savana 1500 Passenger,Van/Minivan
GMC,2011,Savana 1500 Passenger,Van/Minivan
GMC,2010,Savana 1500 Passenger,Van/Minivan
GMC,2009,Savana 1500 Passenger,Van/Minivan
GMC,2008,Savana 1500 Passenger,Van/Minivan
GMC,2007,Savana 1500 Passenger,Van/Minivan
GMC,2006,Savana 1500 Passenger,Van/Minivan
GMC,2005,Savana 1500 Passenger,Van/Minivan
GMC,2004,Savana 1500 Passenger,Van/Minivan
GMC,2003,Savana 1500 Passenger,Van/Minivan
GMC,2002,Savana 1500 Passenger,Van/Minivan
GMC,2001,Savana 1500 Passenger,Van/Minivan
GMC,2000,Savana 1500 Passenger,Van/Minivan
GMC,1999,Savana 1500 Passenger,Van/Minivan
GMC,1998,Savana 1500 Passenger,Van/Minivan
GMC,1997,Savana 1500 Passenger,Van/Minivan
GMC,1996,Savana 1500 Passenger,Van/Minivan
GMC,2018,Savana 2500 Cargo,Van/Minivan
GMC,2017,Savana 2500 Cargo,Van/Minivan
GMC,2016,Savana 2500 Cargo,Van/Minivan
GMC,2015,Savana 2500 Cargo,Van/Minivan
GMC,2014,Savana 2500 Cargo,Van/Minivan
GMC,2013,Savana 2500 Cargo,Van/Minivan
GMC,2012,Savana 2500 Cargo,Van/Minivan
GMC,2011,Savana 2500 Cargo,Van/Minivan
GMC,2010,Savana 2500 Cargo,Van/Minivan
GMC,2009,Savana 2500 Cargo,Van/Minivan
GMC,2008,Savana 2500 Cargo,Van/Minivan
GMC,2007,Savana 2500 Cargo,Van/Minivan
GMC,2006,Savana 2500 Cargo,Van/Minivan
GMC,2005,Savana 2500 Cargo,Van/Minivan
GMC,2004,Savana 2500 Cargo,Van/Minivan
GMC,2003,Savana 2500 Cargo,Van/Minivan
GMC,2002,Savana 2500 Cargo,Van/Minivan
GMC,2001,Savana 2500 Cargo,Van/Minivan
GMC,2000,Savana 2500 Cargo,Van/Minivan
GMC,1999,Savana 2500 Cargo,Van/Minivan
GMC,1998,Savana 2500 Cargo,Van/Minivan
GMC,1997,Savana 2500 Cargo,Van/Minivan
GMC,1996,Savana 2500 Cargo,Van/Minivan
GMC,2018,Savana 2500 Passenger,Van/Minivan
GMC,2017,Savana 2500 Passenger,Van/Minivan
GMC,2016,Savana 2500 Passenger,Van/Minivan
GMC,2015,Savana 2500 Passenger,Van/Minivan
GMC,2014,Savana 2500 Passenger,Van/Minivan
GMC,2013,Savana 2500 Passenger,Van/Minivan
GMC,2012,Savana 2500 Passenger,Van/Minivan
GMC,2011,Savana 2500 Passenger,Van/Minivan
GMC,2010,Savana 2500 Passenger,Van/Minivan
GMC,2009,Savana 2500 Passenger,Van/Minivan
GMC,2008,Savana 2500 Passenger,Van/Minivan
GMC,2007,Savana 2500 Passenger,Van/Minivan
GMC,2006,Savana 2500 Passenger,Van/Minivan
GMC,2005,Savana 2500 Passenger,Van/Minivan
GMC,2004,Savana 2500 Passenger,Van/Minivan
GMC,2003,Savana 2500 Passenger,Van/Minivan
GMC,2002,Savana 2500 Passenger,Van/Minivan
GMC,2001,Savana 2500 Passenger,Van/Minivan
GMC,2000,Savana 2500 Passenger,Van/Minivan
GMC,1999,Savana 2500 Passenger,Van/Minivan
GMC,1998,Savana 2500 Passenger,Van/Minivan
GMC,1997,Savana 2500 Passenger,Van/Minivan
GMC,1996,Savana 2500 Passenger,Van/Minivan
GMC,2018,Savana 3500 Cargo,Van/Minivan
GMC,2017,Savana 3500 Cargo,Van/Minivan
GMC,2016,Savana 3500 Cargo,Van/Minivan
GMC,2015,Savana 3500 Cargo,Van/Minivan
GMC,2014,Savana 3500 Cargo,Van/Minivan
GMC,2013,Savana 3500 Cargo,Van/Minivan
GMC,2012,Savana 3500 Cargo,Van/Minivan
GMC,2011,Savana 3500 Cargo,Van/Minivan
GMC,2010,Savana 3500 Cargo,Van/Minivan
GMC,2009,Savana 3500 Cargo,Van/Minivan
GMC,2008,Savana 3500 Cargo,Van/Minivan
GMC,2007,Savana 3500 Cargo,Van/Minivan
GMC,2006,Savana 3500 Cargo,Van/Minivan
GMC,2005,Savana 3500 Cargo,Van/Minivan
GMC,2004,Savana 3500 Cargo,Van/Minivan
GMC,2003,Savana 3500 Cargo,Van/Minivan
GMC,2002,Savana 3500 Cargo,Van/Minivan
GMC,2001,Savana 3500 Cargo,Van/Minivan
GMC,2000,Savana 3500 Cargo,Van/Minivan
GMC,1999,Savana 3500 Cargo,Van/Minivan
GMC,1998,Savana 3500 Cargo,Van/Minivan
GMC,1997,Savana 3500 Cargo,Van/Minivan
GMC,1996,Savana 3500 Cargo,Van/Minivan
GMC,2018,Savana 3500 Passenger,Van/Minivan
GMC,2017,Savana 3500 Passenger,Van/Minivan
GMC,2016,Savana 3500 Passenger,Van/Minivan
GMC,2015,Savana 3500 Passenger,Van/Minivan
GMC,2014,Savana 3500 Passenger,Van/Minivan
GMC,2013,Savana 3500 Passenger,Van/Minivan
GMC,2012,Savana 3500 Passenger,Van/Minivan
GMC,2011,Savana 3500 Passenger,Van/Minivan
GMC,2010,Savana 3500 Passenger,Van/Minivan
GMC,2009,Savana 3500 Passenger,Van/Minivan
GMC,2008,Savana 3500 Passenger,Van/Minivan
GMC,2007,Savana 3500 Passenger,Van/Minivan
GMC,2006,Savana 3500 Passenger,Van/Minivan
GMC,2005,Savana 3500 Passenger,Van/Minivan
GMC,2004,Savana 3500 Passenger,Van/Minivan
GMC,2003,Savana 3500 Passenger,Van/Minivan
GMC,2002,Savana 3500 Passenger,Van/Minivan
GMC,2001,Savana 3500 Passenger,Van/Minivan
GMC,2000,Savana 3500 Passenger,Van/Minivan
GMC,1999,Savana 3500 Passenger,Van/Minivan
GMC,1998,Savana 3500 Passenger,Van/Minivan
GMC,1997,Savana 3500 Passenger,Van/Minivan
GMC,1996,Savana 3500 Passenger,Van/Minivan
GMC,2007,Sierra (Classic) 1500 Crew Cab,Pickup
GMC,2007,Sierra (Classic) 1500 Extended Cab,Pickup
GMC,2007,Sierra (Classic) 1500 HD Crew Cab,Pickup
GMC,2007,Sierra (Classic) 1500 Regular Cab,Pickup
GMC,2000,Sierra (Classic) 2500 Crew Cab,Pickup
GMC,2007,Sierra (Classic) 2500 HD Crew Cab,Pickup
GMC,2007,Sierra (Classic) 2500 HD Extended Cab,Pickup
GMC,2000,Sierra (Classic) 2500 HD Extended Cab,Pickup
GMC,2007,Sierra (Classic) 2500 HD Regular Cab,Pickup
GMC,2000,Sierra (Classic) 2500 HD Regular Cab,Pickup
GMC,2007,Sierra (Classic) 3500 Crew Cab,Pickup
GMC,2000,Sierra (Classic) 3500 Crew Cab,Pickup
GMC,2007,Sierra (Classic) 3500 Extended Cab,Pickup
GMC,2000,Sierra (Classic) 3500 Extended Cab,Pickup
GMC,2007,Sierra (Classic) 3500 Regular Cab,Pickup
GMC,2000,Sierra (Classic) 3500 Regular Cab,Pickup
GMC,2021,Sierra 1500 Crew Cab,Pickup
GMC,2020,Sierra 1500 Crew Cab,Pickup
GMC,2019,Sierra 1500 Crew Cab,Pickup
GMC,2018,Sierra 1500 Crew Cab,Pickup
GMC,2017,Sierra 1500 Crew Cab,Pickup
GMC,2016,Sierra 1500 Crew Cab,Pickup
GMC,2015,Sierra 1500 Crew Cab,Pickup
GMC,2014,Sierra 1500 Crew Cab,Pickup
GMC,2013,Sierra 1500 Crew Cab,Pickup
GMC,2012,Sierra 1500 Crew Cab,Pickup
GMC,2011,Sierra 1500 Crew Cab,Pickup
GMC,2010,Sierra 1500 Crew Cab,Pickup
GMC,2009,Sierra 1500 Crew Cab,Pickup
GMC,2008,Sierra 1500 Crew Cab,Pickup
GMC,2007,Sierra 1500 Crew Cab,Pickup
GMC,2006,Sierra 1500 Crew Cab,Pickup
GMC,2005,Sierra 1500 Crew Cab,Pickup
GMC,2004,Sierra 1500 Crew Cab,Pickup
GMC,2019,Sierra 1500 Double Cab,Pickup
GMC,2018,Sierra 1500 Double Cab,Pickup
GMC,2017,Sierra 1500 Double Cab,Pickup
GMC,2016,Sierra 1500 Double Cab,Pickup
GMC,2015,Sierra 1500 Double Cab,Pickup
GMC,2014,Sierra 1500 Double Cab,Pickup
GMC,2013,Sierra 1500 Extended Cab,Pickup
GMC,2012,Sierra 1500 Extended Cab,Pickup
GMC,2011,Sierra 1500 Extended Cab,Pickup
GMC,2010,Sierra 1500 Extended Cab,Pickup
GMC,2009,Sierra 1500 Extended Cab,Pickup
GMC,2008,Sierra 1500 Extended Cab,Pickup
GMC,2007,Sierra 1500 Extended Cab,Pickup
GMC,2006,Sierra 1500 Extended Cab,Pickup
GMC,2005,Sierra 1500 Extended Cab,Pickup
GMC,2004,Sierra 1500 Extended Cab,Pickup
GMC,2003,Sierra 1500 Extended Cab,Pickup
GMC,2002,Sierra 1500 Extended Cab,Pickup
GMC,2001,Sierra 1500 Extended Cab,Pickup
GMC,2000,Sierra 1500 Extended Cab,Pickup
GMC,1999,Sierra 1500 Extended Cab,Pickup
GMC,2006,Sierra 1500 HD Crew Cab,Pickup
GMC,2005,Sierra 1500 HD Crew Cab,Pickup
GMC,2003,Sierra 1500 HD Crew Cab,Pickup
GMC,2002,Sierra 1500 HD Crew Cab,Pickup
GMC,2001,Sierra 1500 HD Crew Cab,Pickup
GMC,2019,Sierra 1500 Limited Double Cab,Pickup
GMC,2019,Sierra 1500 Regular Cab,Pickup
GMC,2018,Sierra 1500 Regular Cab,Pickup
GMC,2017,Sierra 1500 Regular Cab,Pickup
GMC,2016,Sierra 1500 Regular Cab,Pickup
GMC,2015,Sierra 1500 Regular Cab,Pickup
GMC,2014,Sierra 1500 Regular Cab,Pickup
GMC,2013,Sierra 1500 Regular Cab,Pickup
GMC,2012,Sierra 1500 Regular Cab,Pickup
GMC,2011,Sierra 1500 Regular Cab,Pickup
GMC,2010,Sierra 1500 Regular Cab,Pickup
GMC,2009,Sierra 1500 Regular Cab,Pickup
GMC,2008,Sierra 1500 Regular Cab,Pickup
GMC,2007,Sierra 1500 Regular Cab,Pickup
GMC,2006,Sierra 1500 Regular Cab,Pickup
GMC,2005,Sierra 1500 Regular Cab,Pickup
GMC,2004,Sierra 1500 Regular Cab,Pickup
GMC,2003,Sierra 1500 Regular Cab,Pickup
GMC,2002,Sierra 1500 Regular Cab,Pickup
GMC,2001,Sierra 1500 Regular Cab,Pickup
GMC,2000,Sierra 1500 Regular Cab,Pickup
GMC,1999,Sierra 1500 Regular Cab,Pickup
GMC,2004,Sierra 2500 Crew Cab,Pickup
GMC,2004,Sierra 2500 Extended Cab,Pickup
GMC,2003,Sierra 2500 Extended Cab,Pickup
GMC,2002,Sierra 2500 Extended Cab,Pickup
GMC,2001,Sierra 2500 Extended Cab,Pickup
GMC,2000,Sierra 2500 Extended Cab,Pickup
GMC,1999,Sierra 2500 Extended Cab,Pickup
GMC,2021,Sierra 2500 HD Crew Cab,Pickup
GMC,2020,Sierra 2500 HD Crew Cab,Pickup
GMC,2019,Sierra 2500 HD Crew Cab,Pickup
GMC,2018,Sierra 2500 HD Crew Cab,Pickup
GMC,2017,Sierra 2500 HD Crew Cab,Pickup
GMC,2016,Sierra 2500 HD Crew Cab,Pickup
GMC,2015,Sierra 2500 HD Crew Cab,Pickup
GMC,2014,Sierra 2500 HD Crew Cab,Pickup
GMC,2013,Sierra 2500 HD Crew Cab,Pickup
GMC,2012,Sierra 2500 HD Crew Cab,Pickup
GMC,2011,Sierra 2500 HD Crew Cab,Pickup
GMC,2010,Sierra 2500 HD Crew Cab,Pickup
GMC,2009,Sierra 2500 HD Crew Cab,Pickup
GMC,2008,Sierra 2500 HD Crew Cab,Pickup
GMC,2007,Sierra 2500 HD Crew Cab,Pickup
GMC,2006,Sierra 2500 HD Crew Cab,Pickup
GMC,2005,Sierra 2500 HD Crew Cab,Pickup
GMC,2004,Sierra 2500 HD Crew Cab,Pickup
GMC,2003,Sierra 2500 HD Crew Cab,Pickup
GMC,2002,Sierra 2500 HD Crew Cab,Pickup
GMC,2001,Sierra 2500 HD Crew Cab,Pickup
GMC,2019,Sierra 2500 HD Double Cab,Pickup
GMC,2018,Sierra 2500 HD Double Cab,Pickup
GMC,2017,Sierra 2500 HD Double Cab,Pickup
GMC,2016,Sierra 2500 HD Double Cab,Pickup
GMC,2015,Sierra 2500 HD Double Cab,Pickup
GMC,2013,Sierra 2500 HD Extended Cab,Pickup
GMC,2012,Sierra 2500 HD Extended Cab,Pickup
GMC,2011,Sierra 2500 HD Extended Cab,Pickup
GMC,2010,Sierra 2500 HD Extended Cab,Pickup
GMC,2009,Sierra 2500 HD Extended Cab,Pickup
GMC,2008,Sierra 2500 HD Extended Cab,Pickup
GMC,2007,Sierra 2500 HD Extended Cab,Pickup
GMC,2006,Sierra 2500 HD Extended Cab,Pickup
GMC,2005,Sierra 2500 HD Extended Cab,Pickup
GMC,2004,Sierra 2500 HD Extended Cab,Pickup
GMC,2003,Sierra 2500 HD Extended Cab,Pickup
GMC,2002,Sierra 2500 HD Extended Cab,Pickup
GMC,2001,Sierra 2500 HD Extended Cab,Pickup
GMC,2000,Sierra 2500 HD Extended Cab,Pickup
GMC,1999,Sierra 2500 HD Extended Cab,Pickup
GMC,2019,Sierra 2500 HD Regular Cab,Pickup
GMC,2018,Sierra 2500 HD Regular Cab,Pickup
GMC,2017,Sierra 2500 HD Regular Cab,Pickup
GMC,2016,Sierra 2500 HD Regular Cab,Pickup
GMC,2015,Sierra 2500 HD Regular Cab,Pickup
GMC,2014,Sierra 2500 HD Regular Cab,Pickup
GMC,2013,Sierra 2500 HD Regular Cab,Pickup
GMC,2012,Sierra 2500 HD Regular Cab,Pickup
GMC,2011,Sierra 2500 HD Regular Cab,Pickup
GMC,2010,Sierra 2500 HD Regular Cab,Pickup
GMC,2009,Sierra 2500 HD Regular Cab,Pickup
GMC,2008,Sierra 2500 HD Regular Cab,Pickup
GMC,2007,Sierra 2500 HD Regular Cab,Pickup
GMC,2006,Sierra 2500 HD Regular Cab,Pickup
GMC,2005,Sierra 2500 HD Regular Cab,Pickup
GMC,2004,Sierra 2500 HD Regular Cab,Pickup
GMC,2003,Sierra 2500 HD Regular Cab,Pickup
GMC,2002,Sierra 2500 HD Regular Cab,Pickup
GMC,2001,Sierra 2500 HD Regular Cab,Pickup
GMC,2000,Sierra 2500 HD Regular Cab,Pickup
GMC,1999,Sierra 2500 HD Regular Cab,Pickup
GMC,2004,Sierra 2500 Regular Cab,Pickup
GMC,2003,Sierra 2500 Regular Cab,Pickup
GMC,2002,Sierra 2500 Regular Cab,Pickup
GMC,2001,Sierra 2500 Regular Cab,Pickup
GMC,2000,Sierra 2500 Regular Cab,Pickup
GMC,1999,Sierra 2500 Regular Cab,Pickup
GMC,2006,Sierra 3500 Crew Cab,Pickup
GMC,2005,Sierra 3500 Crew Cab,Pickup
GMC,2004,Sierra 3500 Crew Cab,Pickup
GMC,2003,Sierra 3500 Crew Cab,Pickup
GMC,2002,Sierra 3500 Crew Cab,Pickup
GMC,2001,Sierra 3500 Crew Cab,Pickup
GMC,2006,Sierra 3500 Extended Cab,Pickup
GMC,2005,Sierra 3500 Extended Cab,Pickup
GMC,2004,Sierra 3500 Extended Cab,Pickup
GMC,2003,Sierra 3500 Extended Cab,Pickup
GMC,2002,Sierra 3500 Extended Cab,Pickup
GMC,2001,Sierra 3500 Extended Cab,Pickup
GMC,2021,Sierra 3500 HD Crew Cab,Pickup
GMC,2020,Sierra 3500 HD Crew Cab,Pickup
GMC,2019,Sierra 3500 HD Crew Cab,Pickup
GMC,2018,Sierra 3500 HD Crew Cab,Pickup
GMC,2017,Sierra 3500 HD Crew Cab,Pickup
GMC,2016,Sierra 3500 HD Crew Cab,Pickup
GMC,2015,Sierra 3500 HD Crew Cab,Pickup
GMC,2014,Sierra 3500 HD Crew Cab,Pickup
GMC,2013,Sierra 3500 HD Crew Cab,Pickup
GMC,2012,Sierra 3500 HD Crew Cab,Pickup
GMC,2011,Sierra 3500 HD Crew Cab,Pickup
GMC,2010,Sierra 3500 HD Crew Cab,Pickup
GMC,2009,Sierra 3500 HD Crew Cab,Pickup
GMC,2008,Sierra 3500 HD Crew Cab,Pickup
GMC,2007,Sierra 3500 HD Crew Cab,Pickup
GMC,2018,Sierra 3500 HD Double Cab,Pickup
GMC,2017,Sierra 3500 HD Double Cab,Pickup
GMC,2016,Sierra 3500 HD Double Cab,Pickup
GMC,2015,Sierra 3500 HD Double Cab,Pickup
GMC,2013,Sierra 3500 HD Extended Cab,Pickup
GMC,2012,Sierra 3500 HD Extended Cab,Pickup
GMC,2011,Sierra 3500 HD Extended Cab,Pickup
GMC,2010,Sierra 3500 HD Extended Cab,Pickup
GMC,2009,Sierra 3500 HD Extended Cab,Pickup
GMC,2008,Sierra 3500 HD Extended Cab,Pickup
GMC,2007,Sierra 3500 HD Extended Cab,Pickup
GMC,2018,Sierra 3500 HD Regular Cab,Pickup
GMC,2017,Sierra 3500 HD Regular Cab,Pickup
GMC,2016,Sierra 3500 HD Regular Cab,Pickup
GMC,2015,Sierra 3500 HD Regular Cab,Pickup
GMC,2014,Sierra 3500 HD Regular Cab,Pickup
GMC,2013,Sierra 3500 HD Regular Cab,Pickup
GMC,2012,Sierra 3500 HD Regular Cab,Pickup
GMC,2011,Sierra 3500 HD Regular Cab,Pickup
GMC,2010,Sierra 3500 HD Regular Cab,Pickup
GMC,2009,Sierra 3500 HD Regular Cab,Pickup
GMC,2008,Sierra 3500 HD Regular Cab,Pickup
GMC,2007,Sierra 3500 HD Regular Cab,Pickup
GMC,2006,Sierra 3500 Regular Cab,Pickup
GMC,2005,Sierra 3500 Regular Cab,Pickup
GMC,2004,Sierra 3500 Regular Cab,Pickup
GMC,2003,Sierra 3500 Regular Cab,Pickup
GMC,2002,Sierra 3500 Regular Cab,Pickup
GMC,2001,Sierra 3500 Regular Cab,Pickup
GMC,1992,Sonoma Club Cab,Pickup
GMC,1998,Sonoma Club Coupe Cab,Pickup
GMC,1997,Sonoma Club Coupe Cab,Pickup
GMC,1996,Sonoma Club Coupe Cab,Pickup
GMC,1995,Sonoma Club Coupe Cab,Pickup
GMC,1994,Sonoma Club Coupe Cab,Pickup
GMC,1993,Sonoma Club Coupe Cab,Pickup
GMC,2004,Sonoma Crew Cab,Pickup
GMC,2003,Sonoma Crew Cab,Pickup
GMC,2002,Sonoma Crew Cab,Pickup
GMC,2001,Sonoma Crew Cab,Pickup
GMC,2003,Sonoma Extended Cab,Pickup
GMC,2002,Sonoma Extended Cab,Pickup
GMC,2001,Sonoma Extended Cab,Pickup
GMC,2000,Sonoma Extended Cab,Pickup
GMC,1999,Sonoma Extended Cab,Pickup
GMC,2003,Sonoma Regular Cab,Pickup
GMC,2002,Sonoma Regular Cab,Pickup
GMC,2001,Sonoma Regular Cab,Pickup
GMC,2000,Sonoma Regular Cab,Pickup
GMC,1999,Sonoma Regular Cab,Pickup
GMC,1998,Sonoma Regular Cab,Pickup
GMC,1997,Sonoma Regular Cab,Pickup
GMC,1996,Sonoma Regular Cab,Pickup
GMC,1995,Sonoma Regular Cab,Pickup
GMC,1994,Sonoma Regular Cab,Pickup
GMC,1993,Sonoma Regular Cab,Pickup
GMC,1992,Sonoma Regular Cab,Pickup
GMC,1999,Suburban 1500,SUV
GMC,1998,Suburban 1500,SUV
GMC,1997,Suburban 1500,SUV
GMC,1996,Suburban 1500,SUV
GMC,1995,Suburban 1500,SUV
GMC,1994,Suburban 1500,SUV
GMC,1993,Suburban 1500,SUV
GMC,1992,Suburban 1500,SUV
GMC,1999,Suburban 2500,SUV
GMC,1998,Suburban 2500,SUV
GMC,1997,Suburban 2500,SUV
GMC,1996,Suburban 2500,SUV
GMC,1995,Suburban 2500,SUV
GMC,1994,Suburban 2500,SUV
GMC,1993,Suburban 2500,SUV
GMC,1992,Suburban 2500,SUV
GMC,2021,Terrain,SUV
GMC,2020,Terrain,SUV
GMC,2019,Terrain,SUV
GMC,2018,Terrain,SUV
GMC,2017,Terrain,SUV
GMC,2016,Terrain,SUV
GMC,2015,Terrain,SUV
GMC,2014,Terrain,SUV
GMC,2013,Terrain,SUV
GMC,2012,Terrain,SUV
GMC,2011,Terrain,SUV
GMC,2010,Terrain,SUV
GMC,1994,Vandura 1500,Van/Minivan
GMC,1993,Vandura 1500,Van/Minivan
GMC,1992,Vandura 1500,Van/Minivan
GMC,1994,Vandura 2500,Van/Minivan
GMC,1993,Vandura 2500,Van/Minivan
GMC,1992,Vandura 2500,Van/Minivan
GMC,1994,Vandura 3500,Van/Minivan
GMC,1993,Vandura 3500,Van/Minivan
GMC,1992,Vandura 3500,Van/Minivan
GMC,1995,Vandura G1500,Van/Minivan
GMC,1995,Vandura G2500,Van/Minivan
GMC,1996,Vandura G3500,Van/Minivan
GMC,1995,Vandura G3500,Van/Minivan
GMC,2021,Yukon,SUV
GMC,2020,Yukon,SUV
GMC,2019,Yukon,SUV
GMC,2018,Yukon,SUV
GMC,2017,Yukon,SUV
GMC,2016,Yukon,SUV
GMC,2015,Yukon,SUV
GMC,2014,Yukon,SUV
GMC,2013,Yukon,SUV
GMC,2012,Yukon,SUV
GMC,2011,Yukon,SUV
GMC,2010,Yukon,SUV
GMC,2009,Yukon,SUV
GMC,2008,Yukon,SUV
GMC,2007,Yukon,SUV
GMC,2006,Yukon,SUV
GMC,2005,Yukon,SUV
GMC,2004,Yukon,SUV
GMC,2003,Yukon,SUV
GMC,2002,Yukon,SUV
GMC,2001,Yukon,SUV
GMC,2000,Yukon,SUV
GMC,1999,Yukon,SUV
GMC,1998,Yukon,SUV
GMC,1997,Yukon,SUV
GMC,1996,Yukon,SUV
GMC,1995,Yukon,SUV
GMC,1994,Yukon,SUV
GMC,1993,Yukon,SUV
GMC,1992,Yukon,SUV
GMC,2000,Yukon Denali,SUV
GMC,2021,Yukon XL,SUV
GMC,2020,Yukon XL,SUV
GMC,2019,Yukon XL,SUV
GMC,2018,Yukon XL,SUV
GMC,2017,Yukon XL,SUV
GMC,2016,Yukon XL,SUV
GMC,2015,Yukon XL,SUV
GMC,2014,Yukon XL 1500,SUV
GMC,2013,Yukon XL 1500,SUV
GMC,2012,Yukon XL 1500,SUV
GMC,2011,Yukon XL 1500,SUV
GMC,2010,Yukon XL 1500,SUV
GMC,2009,Yukon XL 1500,SUV
GMC,2008,Yukon XL 1500,SUV
GMC,2007,Yukon XL 1500,SUV
GMC,2006,Yukon XL 1500,SUV
GMC,2005,Yukon XL 1500,SUV
GMC,2004,Yukon XL 1500,SUV
GMC,2003,Yukon XL 1500,SUV
GMC,2002,Yukon XL 1500,SUV
GMC,2001,Yukon XL 1500,SUV
GMC,2000,Yukon XL 1500,SUV
GMC,2013,Yukon XL 2500,SUV
GMC,2012,Yukon XL 2500,SUV
GMC,2011,Yukon XL 2500,SUV
GMC,2010,Yukon XL 2500,SUV
GMC,2009,Yukon XL 2500,SUV
GMC,2008,Yukon XL 2500,SUV
GMC,2007,Yukon XL 2500,SUV
GMC,2006,Yukon XL 2500,SUV
GMC,2005,Yukon XL 2500,SUV
GMC,2004,Yukon XL 2500,SUV
GMC,2003,Yukon XL 2500,SUV
GMC,2002,Yukon XL 2500,SUV
GMC,2001,Yukon XL 2500,SUV
GMC,2000,Yukon XL 2500,SUV
Honda,2021,Accord,Sedan
Honda,2020,Accord,Sedan
Honda,2019,Accord,Sedan
Honda,2018,Accord,Sedan
Honda,2017,Accord,"Sedan, Coupe"
Honda,2016,Accord,"Sedan, Coupe"
Honda,2015,Accord,"Sedan, Coupe"
Honda,2014,Accord,"Sedan, Coupe"
Honda,2013,Accord,"Sedan, Coupe"
Honda,2012,Accord,"Sedan, Coupe"
Honda,2011,Accord,"Sedan, Coupe"
Honda,2010,Accord,"Sedan, Coupe"
Honda,2009,Accord,"Sedan, Coupe"
Honda,2008,Accord,"Sedan, Coupe"
Honda,2007,Accord,"Sedan, Coupe"
Honda,2006,Accord,"Sedan, Coupe"
Honda,2005,Accord,"Sedan, Coupe"
Honda,2004,Accord,"Sedan, Coupe"
Honda,2003,Accord,"Sedan, Coupe"
Honda,2002,Accord,"Sedan, Coupe"
Honda,2001,Accord,"Sedan, Coupe"
Honda,2000,Accord,"Sedan, Coupe"
Honda,1999,Accord,"Coupe, Sedan"
Honda,1998,Accord,"Sedan, Coupe"
Honda,1997,Accord,"Sedan, Wagon, Coupe"
Honda,1996,Accord,"Sedan, Wagon, Coupe"
Honda,1995,Accord,"Sedan, Wagon, Coupe"
Honda,1994,Accord,"Sedan, Coupe, Wagon"
Honda,1993,Accord,"Coupe, Wagon, Sedan"
Honda,1992,Accord,"Coupe, Wagon, Sedan"
Honda,2011,Accord Crosstour,SUV
Honda,2010,Accord Crosstour,SUV
Honda,2021,Accord Hybrid,Sedan
Honda,2020,Accord Hybrid,Sedan
Honda,2019,Accord Hybrid,Sedan
Honda,2018,Accord Hybrid,Sedan
Honda,2017,Accord Hybrid,Sedan
Honda,2015,Accord Hybrid,Sedan
Honda,2014,Accord Hybrid,Sedan
Honda,2026,Civic,Sedan
Honda,2025,Civic,Sedan
Honda,2024,Civic,Sedan
Honda,2023,Civic,Sedan
Honda,2022,Civic,Sedan
Honda,2021,Civic,"Hatchback,Sedan"
Honda,2020,Civic,"Hatchback, Sedan, Coupe"
Honda,2019,Civic,"Coupe, Sedan, Hatchback"
Honda,2018,Civic,"Coupe, Hatchback, Sedan"
Honda,2017,Civic,"Coupe, Sedan, Hatchback"
Honda,2016,Civic,"Sedan, Coupe"
Honda,2015,Civic,"Sedan, Coupe"
Honda,2014,Civic,"Sedan, Coupe"
Honda,2013,Civic,"Sedan, Coupe"
Honda,2012,Civic,"Coupe, Sedan"
Honda,2011,Civic,"Sedan, Coupe"
Honda,2010,Civic,"Sedan, Coupe"
Honda,2009,Civic,"Coupe, Sedan"
Honda,2008,Civic,"Coupe, Sedan"
Honda,2007,Civic,"Sedan, Coupe"
Honda,2006,Civic,"Sedan, Coupe"
Honda,2005,Civic,"Coupe, Sedan, Hatchback"
Honda,2004,Civic,"Coupe, Sedan, Hatchback"
Honda,2003,Civic,"Coupe, Sedan, Hatchback"
Honda,2002,Civic,"Sedan, Coupe, Hatchback"
Honda,2001,Civic,"Sedan, Coupe"
Honda,2000,Civic,"Coupe, Sedan, Hatchback"
Honda,1999,Civic,"Coupe, Hatchback, Sedan"
Honda,1998,Civic,"Coupe, Hatchback, Sedan"
Honda,1997,Civic,"Coupe, Hatchback, Sedan"
Honda,1996,Civic,"Sedan, Coupe, Hatchback"
Honda,1995,Civic,"Hatchback, Sedan, Coupe"
Honda,1994,Civic,"Hatchback, Sedan, Coupe"
Honda,1993,Civic,"Coupe, Hatchback, Sedan"
Honda,1992,Civic,"Hatchback, Sedan"
Honda,2021,Civic Type R,Hatchback
Honda,2019,Civic Type R,Hatchback
Honda,2018,Civic Type R,Hatchback
Honda,2017,Civic Type R,Hatchback
Honda,2019,Clarity Electric,Sedan
Honda,2018,Clarity Electric,Sedan
Honda,2019,Clarity Fuel Cell,Sedan
Honda,2018,Clarity Fuel Cell,Sedan
Honda,2019,Clarity Plug-in Hybrid,Sedan
Honda,2018,Clarity Plug-in Hybrid,Sedan
Honda,2015,Crosstour,SUV
Honda,2014,Crosstour,SUV
Honda,2013,Crosstour,SUV
Honda,2012,Crosstour,SUV
Honda,2021,CR-V,SUV
Honda,2020,CR-V,SUV
Honda,2019,CR-V,SUV
Honda,2018,CR-V,SUV
Honda,2017,CR-V,SUV
Honda,2016,CR-V,SUV
Honda,2015,CR-V,SUV
Honda,2014,CR-V,SUV
Honda,2013,CR-V,SUV
Honda,2012,CR-V,SUV
Honda,2011,CR-V,SUV
Honda,2010,CR-V,SUV
Honda,2009,CR-V,SUV
Honda,2008,CR-V,SUV
Honda,2007,CR-V,SUV
Honda,2006,CR-V,SUV
Honda,2005,CR-V,SUV
Honda,2004,CR-V,SUV
Honda,2003,CR-V,SUV
Honda,2002,CR-V,SUV
Honda,2001,CR-V,SUV
Honda,2000,CR-V,SUV
Honda,1999,CR-V,SUV
Honda,1998,CR-V,SUV
Honda,1997,CR-V,SUV
Honda,2021,CR-V Hybrid,SUV
Honda,2016,CR-Z,Coupe
Honda,2015,CR-Z,Coupe
Honda,2014,CR-Z,Coupe
Honda,2013,CR-Z,Coupe
Honda,2012,CR-Z,Coupe
Honda,2011,CR-Z,Coupe
Honda,1997,del Sol,Coupe
Honda,1996,del Sol,Coupe
Honda,1995,del Sol,Coupe
Honda,1994,del Sol,Coupe
Honda,1993,del Sol,Coupe
Honda,2011,Element,SUV
Honda,2010,Element,SUV
Honda,2009,Element,SUV
Honda,2008,Element,SUV
Honda,2007,Element,SUV
Honda,2006,Element,SUV
Honda,2005,Element,SUV
Honda,2004,Element,SUV
Honda,2003,Element,SUV
Honda,2019,Fit,Hatchback
Honda,2018,Fit,Hatchback
Honda,2017,Fit,Hatchback
Honda,2016,Fit,Hatchback
Honda,2015,Fit,Hatchback
Honda,2013,Fit,Hatchback
Honda,2012,Fit,Hatchback
Honda,2011,Fit,Hatchback
Honda,2010,Fit,Hatchback
Honda,2009,Fit,Hatchback
Honda,2008,Fit,Hatchback
Honda,2007,Fit,Hatchback
Honda,2021,HR-V,SUV
Honda,2020,HR-V,SUV
Honda,2019,HR-V,SUV
Honda,2018,HR-V,SUV
Honda,2017,HR-V,SUV
Honda,2016,HR-V,SUV
Honda,2021,Insight,Sedan
Honda,2020,Insight,Sedan
Honda,2019,Insight,Sedan
Honda,2014,Insight,Hatchback
Honda,2013,Insight,Hatchback
Honda,2012,Insight,Hatchback
Honda,2011,Insight,Hatchback
Honda,2010,Insight,Hatchback
Honda,2006,Insight,Hatchback
Honda,2005,Insight,Hatchback
Honda,2004,Insight,Hatchback
Honda,2003,Insight,Hatchback
Honda,2002,Insight,Hatchback
Honda,2001,Insight,Hatchback
Honda,2000,Insight,Hatchback
Honda,2021,Odyssey,Van/Minivan
Honda,2020,Odyssey,Van/Minivan
Honda,2019,Odyssey,Van/Minivan
Honda,2018,Odyssey,Van/Minivan
Honda,2017,Odyssey,Van/Minivan
Honda,2016,Odyssey,Van/Minivan
Honda,2015,Odyssey,Van/Minivan
Honda,2014,Odyssey,Van/Minivan
Honda,2013,Odyssey,Van/Minivan
Honda,2012,Odyssey,Van/Minivan
Honda,2011,Odyssey,Van/Minivan
Honda,2010,Odyssey,Van/Minivan
Honda,2009,Odyssey,Van/Minivan
Honda,2008,Odyssey,Van/Minivan
Honda,2007,Odyssey,Van/Minivan
Honda,2006,Odyssey,Van/Minivan
Honda,2005,Odyssey,Van/Minivan
Honda,2004,Odyssey,Van/Minivan
Honda,2003,Odyssey,Van/Minivan
Honda,2002,Odyssey,Van/Minivan
Honda,2001,Odyssey,Van/Minivan
Honda,2000,Odyssey,Van/Minivan
Honda,1999,Odyssey,Van/Minivan
Honda,1998,Odyssey,Van/Minivan
Honda,1997,Odyssey,Van/Minivan
Honda,1996,Odyssey,Van/Minivan
Honda,1995,Odyssey,Van/Minivan
Honda,2021,Passport,SUV
Honda,2020,Passport,SUV
Honda,2019,Passport,SUV
Honda,2002,Passport,SUV
Honda,2001,Passport,SUV
Honda,2000,Passport,SUV
Honda,1999,Passport,SUV
Honda,1998,Passport,SUV
Honda,1997,Passport,SUV
Honda,1996,Passport,SUV
Honda,1995,Passport,SUV
Honda,1994,Passport,SUV
Honda,2021,Pilot,SUV
Honda,2020,Pilot,SUV
Honda,2019,Pilot,SUV
Honda,2018,Pilot,SUV
Honda,2017,Pilot,SUV
Honda,2016,Pilot,SUV
Honda,2015,Pilot,SUV
Honda,2014,Pilot,SUV
Honda,2013,Pilot,SUV
Honda,2012,Pilot,SUV
Honda,2011,Pilot,SUV
Honda,2010,Pilot,SUV
Honda,2009,Pilot,SUV
Honda,2008,Pilot,SUV
Honda,2007,Pilot,SUV
Honda,2006,Pilot,SUV
Honda,2005,Pilot,SUV
Honda,2004,Pilot,SUV
Honda,2003,Pilot,SUV
Honda,2001,Prelude,Coupe
Honda,2000,Prelude,Coupe
Honda,1999,Prelude,Coupe
Honda,1998,Prelude,Coupe
Honda,1997,Prelude,Coupe
Honda,1996,Prelude,Coupe
Honda,1995,Prelude,Coupe
Honda,1994,Prelude,Coupe
Honda,1993,Prelude,Coupe
Honda,1992,Prelude,Coupe
Honda,2021,Ridgeline,Pickup
Honda,2020,Ridgeline,Pickup
Honda,2019,Ridgeline,Pickup
Honda,2018,Ridgeline,Pickup
Honda,2017,Ridgeline,Pickup
Honda,2014,Ridgeline,Pickup
Honda,2013,Ridgeline,Pickup
Honda,2012,Ridgeline,Pickup
Honda,2011,Ridgeline,Pickup
Honda,2010,Ridgeline,Pickup
Honda,2009,Ridgeline,Pickup
Honda,2008,Ridgeline,Pickup
Honda,2007,Ridgeline,Pickup
Honda,2006,Ridgeline,Pickup
Honda,2009,S2000,Convertible
Honda,2008,S2000,Convertible
Honda,2007,S2000,Convertible
Honda,2006,S2000,Convertible
Honda,2005,S2000,Convertible
Honda,2004,S2000,Convertible
Honda,2003,S2000,Convertible
Honda,2002,S2000,Convertible
Honda,2001,S2000,Convertible
Honda,2000,S2000,Convertible
HUMMER,2006,H1,"Wagon, SUV"
HUMMER,2004,H1,"Wagon, SUV"
HUMMER,2003,H1,"Wagon, SUV"
HUMMER,2002,H1,"SUV, Wagon"
HUMMER,2001,H1,"Wagon, SUV"
HUMMER,2000,H1,"SUV, Wagon"
HUMMER,1999,H1,"SUV, Wagon"
HUMMER,1998,H1,"SUV, Wagon"
HUMMER,1997,H1,"SUV, Wagon"
HUMMER,1996,H1,"SUV, Wagon"
HUMMER,1995,H1,"SUV, Wagon"
HUMMER,1994,H1,"SUV, Wagon"
HUMMER,1993,H1,SUV
HUMMER,2009,H2,SUV
HUMMER,2008,H2,SUV
HUMMER,2007,H2,"SUV, Pickup"
HUMMER,2006,H2,"SUV, Pickup"
HUMMER,2005,H2,"SUV, Pickup"
HUMMER,2004,H2,SUV
HUMMER,2003,H2,SUV
HUMMER,2010,H3,SUV
HUMMER,2009,H3,SUV
HUMMER,2008,H3,SUV
HUMMER,2007,H3,SUV
HUMMER,2006,H3,SUV
HUMMER,2010,H3T,Pickup
HUMMER,2009,H3T,Pickup
Hyundai,2021,Accent,Sedan
Hyundai,2020,Accent,Sedan
Hyundai,2019,Accent,Sedan
Hyundai,2018,Accent,Sedan
Hyundai,2017,Accent,"Sedan, Hatchback"
Hyundai,2016,Accent,"Hatchback, Sedan"
Hyundai,2015,Accent,"Sedan, Hatchback"
Hyundai,2014,Accent,"Hatchback, Sedan"
Hyundai,2013,Accent,"Sedan, Hatchback"
Hyundai,2012,Accent,"Sedan, Hatchback"
Hyundai,2011,Accent,"Sedan, Hatchback"
Hyundai,2010,Accent,"Hatchback, Sedan"
Hyundai,2009,Accent,"Hatchback, Sedan"
Hyundai,2008,Accent,"Hatchback, Sedan"
Hyundai,2007,Accent,"Hatchback, Sedan"
Hyundai,2006,Accent,Sedan
Hyundai,2005,Accent,"Hatchback, Sedan"
Hyundai,2004,Accent,"Hatchback, Sedan"
Hyundai,2003,Accent,"Hatchback, Sedan"
Hyundai,2002,Accent,"Hatchback, Sedan"
Hyundai,2001,Accent,"Hatchback, Sedan"
Hyundai,2000,Accent,"Hatchback, Sedan"
Hyundai,1999,Accent,"Hatchback, Sedan"
Hyundai,1998,Accent,"Hatchback, Sedan"
Hyundai,1997,Accent,"Hatchback, Sedan"
Hyundai,1996,Accent,"Hatchback, Sedan"
Hyundai,1995,Accent,"Hatchback, Sedan"
Hyundai,2017,Azera,Sedan
Hyundai,2016,Azera,Sedan
Hyundai,2015,Azera,Sedan
Hyundai,2014,Azera,Sedan
Hyundai,2013,Azera,Sedan
Hyundai,2012,Azera,Sedan
Hyundai,2011,Azera,Sedan
Hyundai,2010,Azera,Sedan
Hyundai,2009,Azera,Sedan
Hyundai,2008,Azera,Sedan
Hyundai,2007,Azera,Sedan
Hyundai,2006,Azera,Sedan
Hyundai,2021,Elantra,Sedan
Hyundai,2020,Elantra,Sedan
Hyundai,2019,Elantra,Sedan
Hyundai,2018,Elantra,Sedan
Hyundai,2017,Elantra,Sedan
Hyundai,2016,Elantra,Sedan
Hyundai,2015,Elantra,Sedan
Hyundai,2014,Elantra,"Sedan, Hatchback, Coupe"
Hyundai,2013,Elantra,"Sedan, Coupe, Hatchback"
Hyundai,2012,Elantra,"Sedan, Wagon"
Hyundai,2011,Elantra,"Wagon, Sedan"
Hyundai,2010,Elantra,"Wagon, Sedan"
Hyundai,2009,Elantra,"Sedan, Wagon"
Hyundai,2008,Elantra,Sedan
Hyundai,2007,Elantra,Sedan
Hyundai,2006,Elantra,"Hatchback, Sedan"
Hyundai,2005,Elantra,"Hatchback, Sedan"
Hyundai,2004,Elantra,"Sedan, Hatchback"
Hyundai,2003,Elantra,"Sedan, Hatchback"
Hyundai,2002,Elantra,"Sedan, Hatchback"
Hyundai,2001,Elantra,"Hatchback, Sedan"
Hyundai,2000,Elantra,"Wagon, Sedan"
Hyundai,1999,Elantra,"Sedan, Wagon"
Hyundai,1998,Elantra,"Sedan, Wagon"
Hyundai,1997,Elantra,"Wagon, Sedan"
Hyundai,1996,Elantra,"Sedan, Wagon"
Hyundai,1995,Elantra,Sedan
Hyundai,1994,Elantra,Sedan
Hyundai,1993,Elantra,Sedan
Hyundai,1992,Elantra,Sedan
Hyundai,2020,Elantra GT,Hatchback
Hyundai,2019,Elantra GT,Hatchback
Hyundai,2018,Elantra GT,Hatchback
Hyundai,2017,Elantra GT,Hatchback
Hyundai,2016,Elantra GT,Hatchback
Hyundai,2015,Elantra GT,Hatchback
Hyundai,2008,Entourage,Van/Minivan
Hyundai,2007,Entourage,Van/Minivan
Hyundai,2016,Equus,Sedan
Hyundai,2015,Equus,Sedan
Hyundai,2014,Equus,Sedan
Hyundai,2013,Equus,Sedan
Hyundai,2012,Equus,Sedan
Hyundai,2011,Equus,Sedan
Hyundai,1994,Excel,"Hatchback, Sedan"
Hyundai,1993,Excel,"Hatchback, Sedan"
Hyundai,1992,Excel,"Sedan, Hatchback"
Hyundai,2016,Genesis,Sedan
Hyundai,2015,Genesis,Sedan
Hyundai,2014,Genesis,Sedan
Hyundai,2013,Genesis,Sedan
Hyundai,2012,Genesis,Sedan
Hyundai,2011,Genesis,Sedan
Hyundai,2010,Genesis,Sedan
Hyundai,2009,Genesis,Sedan
Hyundai,2016,Genesis Coupe,Coupe
Hyundai,2015,Genesis Coupe,Coupe
Hyundai,2014,Genesis Coupe,Coupe
Hyundai,2013,Genesis Coupe,Coupe
Hyundai,2012,Genesis Coupe,Coupe
Hyundai,2011,Genesis Coupe,Coupe
Hyundai,2010,Genesis Coupe,Coupe
Hyundai,2021,Ioniq Electric,Hatchback
Hyundai,2019,Ioniq Electric,Hatchback
Hyundai,2018,Ioniq Electric,Hatchback
Hyundai,2017,Ioniq Electric,Hatchback
Hyundai,2021,Ioniq Hybrid,Hatchback
Hyundai,2019,Ioniq Hybrid,Hatchback
Hyundai,2018,Ioniq Hybrid,Hatchback
Hyundai,2017,Ioniq Hybrid,Hatchback
Hyundai,2021,Ioniq Plug-in Hybrid,Hatchback
Hyundai,2020,Ioniq Plug-in Hybrid,Hatchback
Hyundai,2019,Ioniq Plug-in Hybrid,Hatchback
Hyundai,2018,Ioniq Plug-in Hybrid,Hatchback
Hyundai,2021,Kona,SUV
Hyundai,2020,Kona,SUV
Hyundai,2019,Kona,SUV
Hyundai,2018,Kona,SUV
Hyundai,2021,Kona Electric,SUV
Hyundai,2020,Kona Electric,SUV
Hyundai,2019,Kona Electric,SUV
Hyundai,2020,NEXO,SUV
Hyundai,2019,NEXO,SUV
Hyundai,2021,Palisade,SUV
Hyundai,2020,Palisade,SUV
Hyundai,2021,Santa Fe,SUV
Hyundai,2020,Santa Fe,SUV
Hyundai,2019,Santa Fe,SUV
Hyundai,2018,Santa Fe,SUV
Hyundai,2017,Santa Fe,SUV
Hyundai,2016,Santa Fe,SUV
Hyundai,2015,Santa Fe,SUV
Hyundai,2014,Santa Fe,SUV
Hyundai,2013,Santa Fe,SUV
Hyundai,2012,Santa Fe,SUV
Hyundai,2011,Santa Fe,SUV
Hyundai,2010,Santa Fe,SUV
Hyundai,2009,Santa Fe,SUV
Hyundai,2008,Santa Fe,SUV
Hyundai,2007,Santa Fe,SUV
Hyundai,2006,Santa Fe,SUV
Hyundai,2005,Santa Fe,SUV
Hyundai,2004,Santa Fe,SUV
Hyundai,2003,Santa Fe,SUV
Hyundai,2002,Santa Fe,SUV
Hyundai,2001,Santa Fe,SUV
Hyundai,2018,Santa Fe Sport,SUV
Hyundai,2017,Santa Fe Sport,SUV
Hyundai,2016,Santa Fe Sport,SUV
Hyundai,2015,Santa Fe Sport,SUV
Hyundai,2014,Santa Fe Sport,SUV
Hyundai,2013,Santa Fe Sport,SUV
Hyundai,2019,Santa Fe XL,SUV
Hyundai,1995,Scoupe,Coupe
Hyundai,1994,Scoupe,Coupe
Hyundai,1993,Scoupe,Coupe
Hyundai,1992,Scoupe,Coupe
Hyundai,2021,Sonata,Sedan
Hyundai,2020,Sonata,Sedan
Hyundai,2019,Sonata,Sedan
Hyundai,2018,Sonata,Sedan
Hyundai,2017,Sonata,Sedan
Hyundai,2016,Sonata,Sedan
Hyundai,2015,Sonata,Sedan
Hyundai,2014,Sonata,Sedan
Hyundai,2013,Sonata,Sedan
Hyundai,2012,Sonata,Sedan
Hyundai,2011,Sonata,Sedan
Hyundai,2010,Sonata,Sedan
Hyundai,2009,Sonata,Sedan
Hyundai,2008,Sonata,Sedan
Hyundai,2007,Sonata,Sedan
Hyundai,2006,Sonata,Sedan
Hyundai,2005,Sonata,Sedan
Hyundai,2004,Sonata,Sedan
Hyundai,2003,Sonata,Sedan
Hyundai,2002,Sonata,Sedan
Hyundai,2001,Sonata,Sedan
Hyundai,2000,Sonata,Sedan
Hyundai,1999,Sonata,Sedan
Hyundai,1998,Sonata,Sedan
Hyundai,1997,Sonata,Sedan
Hyundai,1996,Sonata,Sedan
Hyundai,1995,Sonata,Sedan
Hyundai,1994,Sonata,Sedan
Hyundai,1993,Sonata,Sedan
Hyundai,1992,Sonata,Sedan
Hyundai,2021,Sonata Hybrid,Sedan
Hyundai,2019,Sonata Hybrid,Sedan
Hyundai,2018,Sonata Hybrid,Sedan
Hyundai,2017,Sonata Hybrid,Sedan
Hyundai,2016,Sonata Hybrid,Sedan
Hyundai,2019,Sonata Plug-in Hybrid,Sedan
Hyundai,2018,Sonata Plug-in Hybrid,Sedan
Hyundai,2017,Sonata Plug-in Hybrid,Sedan
Hyundai,2016,Sonata Plug-in Hybrid,Sedan
Hyundai,2008,Tiburon,Hatchback
Hyundai,2007,Tiburon,Coupe
Hyundai,2006,Tiburon,Coupe
Hyundai,2005,Tiburon,Coupe
Hyundai,2004,Tiburon,Coupe
Hyundai,2003,Tiburon,Coupe
Hyundai,2001,Tiburon,Hatchback
Hyundai,2000,Tiburon,Hatchback
Hyundai,1999,Tiburon,Hatchback
Hyundai,1998,Tiburon,Hatchback
Hyundai,1997,Tiburon,Hatchback
Hyundai,2026,Tucson,SUV
Hyundai,2025,Tucson,SUV
Hyundai,2024,Tucson,SUV
Hyundai,2023,Tucson,SUV
Hyundai,2022,Tucson,SUV
Hyundai,2021,Tucson,SUV
Hyundai,2020,Tucson,SUV
Hyundai,2019,Tucson,SUV
Hyundai,2018,Tucson,SUV
Hyundai,2017,Tucson,SUV
Hyundai,2016,Tucson,SUV
Hyundai,2015,Tucson,SUV
Hyundai,2014,Tucson,SUV
Hyundai,2013,Tucson,SUV
Hyundai,2012,Tucson,SUV
Hyundai,2011,Tucson,SUV
Hyundai,2010,Tucson,SUV
Hyundai,2009,Tucson,SUV
Hyundai,2008,Tucson,SUV
Hyundai,2007,Tucson,SUV
Hyundai,2006,Tucson,SUV
Hyundai,2005,Tucson,SUV
Hyundai,2017,Tucson Fuel Cell,SUV
Hyundai,2016,Tucson Fuel Cell,SUV
Hyundai,2015,Tucson Fuel Cell,SUV
Hyundai,2021,Veloster,Coupe
Hyundai,2020,Veloster,Coupe
Hyundai,2019,Veloster,Coupe
Hyundai,2017,Veloster,Coupe
Hyundai,2016,Veloster,Coupe
Hyundai,2015,Veloster,Coupe
Hyundai,2014,Veloster,Coupe
Hyundai,2013,Veloster,Coupe
Hyundai,2012,Veloster,Coupe
Hyundai,2021,Venue,SUV
Hyundai,2020,Venue,SUV
Hyundai,2012,Veracruz,SUV
Hyundai,2011,Veracruz,SUV
Hyundai,2010,Veracruz,SUV
Hyundai,2009,Veracruz,SUV
Hyundai,2008,Veracruz,SUV
Hyundai,2007,Veracruz,SUV
Hyundai,2001,XG300,Sedan
Hyundai,2005,XG350,Sedan
Hyundai,2004,XG350,Sedan
Hyundai,2003,XG350,Sedan
Hyundai,2002,XG350,Sedan
INFINITI,2013,EX,SUV
INFINITI,2012,EX,SUV
INFINITI,2011,EX,SUV
INFINITI,2010,EX,SUV
INFINITI,2009,EX,SUV
INFINITI,2008,EX,SUV
INFINITI,2013,FX,SUV
INFINITI,2012,FX,SUV
INFINITI,2011,FX,SUV
INFINITI,2010,FX,SUV
INFINITI,2009,FX,SUV
INFINITI,2008,FX,SUV
INFINITI,2007,FX,SUV
INFINITI,2006,FX,SUV
INFINITI,2005,FX,SUV
INFINITI,2004,FX,SUV
INFINITI,2003,FX,SUV
INFINITI,2013,G,"Sedan, Coupe, Convertible"
INFINITI,2012,G,"Coupe, Convertible, Sedan"
INFINITI,2011,G,"Sedan, Coupe, Convertible"
INFINITI,2010,G,"Coupe, Sedan, Convertible"
INFINITI,2009,G,"Coupe, Sedan, Convertible"
INFINITI,2008,G,"Sedan, Coupe"
INFINITI,2007,G,"Sedan, Coupe"
INFINITI,2006,G,"Coupe, Sedan"
INFINITI,2005,G,"Coupe, Sedan"
INFINITI,2004,G,"Coupe, Sedan"
INFINITI,2003,G,"Sedan, Coupe"
INFINITI,2002,G,Sedan
INFINITI,2001,G,Sedan
INFINITI,2000,G,Sedan
INFINITI,1999,G,Sedan
INFINITI,1996,G,Sedan
INFINITI,1995,G,Sedan
INFINITI,1994,G,Sedan
INFINITI,1993,G,Sedan
INFINITI,1992,G,Sedan
INFINITI,2004,I,Sedan
INFINITI,2003,I,Sedan
INFINITI,2002,I,Sedan
INFINITI,2001,I,Sedan
INFINITI,2000,I,Sedan
INFINITI,1999,I,Sedan
INFINITI,1998,I,Sedan
INFINITI,1997,I,Sedan
INFINITI,1996,I,Sedan
INFINITI,1997,J,Sedan
INFINITI,1996,J,Sedan
INFINITI,1995,J,Sedan
INFINITI,1994,J,Sedan
INFINITI,1993,J,Sedan
INFINITI,2013,JX,SUV
INFINITI,2013,M,Sedan
INFINITI,2012,M,Sedan
INFINITI,2011,M,Sedan
INFINITI,2010,M,Sedan
INFINITI,2009,M,Sedan
INFINITI,2008,M,Sedan
INFINITI,2007,M,Sedan
INFINITI,2006,M,Sedan
INFINITI,2004,M,Sedan
INFINITI,2003,M,Sedan
INFINITI,1992,M,"Coupe, Convertible"
INFINITI,2006,Q,Sedan
INFINITI,2005,Q,Sedan
INFINITI,2004,Q,Sedan
INFINITI,2003,Q,Sedan
INFINITI,2002,Q,Sedan
INFINITI,2001,Q,Sedan
INFINITI,2000,Q,Sedan
INFINITI,1999,Q,Sedan
INFINITI,1998,Q,Sedan
INFINITI,1997,Q,Sedan
INFINITI,1996,Q,Sedan
INFINITI,1995,Q,Sedan
INFINITI,1994,Q,Sedan
INFINITI,1993,Q,Sedan
INFINITI,1992,Q,Sedan
INFINITI,2015,Q40,Sedan
INFINITI,2021,Q50,Sedan
INFINITI,2020,Q50,Sedan
INFINITI,2019,Q50,Sedan
INFINITI,2018,Q50,Sedan
INFINITI,2017,Q50,Sedan
INFINITI,2016,Q50,Sedan
INFINITI,2015,Q50,Sedan
INFINITI,2014,Q50,Sedan
INFINITI,2020,Q60,Coupe
INFINITI,2019,Q60,Coupe
INFINITI,2018,Q60,Coupe
INFINITI,2017,Q60,Coupe
INFINITI,2015,Q60,"Coupe, Convertible"
INFINITI,2014,Q60,"Coupe, Convertible"
INFINITI,2019,Q70,Sedan
INFINITI,2018,Q70,Sedan
INFINITI,2017,Q70,Sedan
INFINITI,2016,Q70,Sedan
INFINITI,2015,Q70,Sedan
INFINITI,2014,Q70,Sedan
INFINITI,2013,QX,SUV
INFINITI,2012,QX,SUV
INFINITI,2011,QX,SUV
INFINITI,2010,QX,SUV
INFINITI,2009,QX,SUV
INFINITI,2008,QX,SUV
INFINITI,2007,QX,SUV
INFINITI,2006,QX,SUV
INFINITI,2005,QX,SUV
INFINITI,2004,QX,SUV
INFINITI,2003,QX,SUV
INFINITI,2002,QX,SUV
INFINITI,2001,QX,SUV
INFINITI,2000,QX,SUV
INFINITI,1999,QX,SUV
INFINITI,1998,QX,SUV
INFINITI,1997,QX,SUV
INFINITI,2019,QX30,SUV
INFINITI,2018,QX30,SUV
INFINITI,2017,QX30,SUV
INFINITI,2021,QX50,SUV
INFINITI,2020,QX50,SUV
INFINITI,2019,QX50,SUV
INFINITI,2017,QX50,SUV
INFINITI,2016,QX50,SUV
INFINITI,2015,QX50,SUV
INFINITI,2014,QX50,SUV
INFINITI,2020,QX60,SUV
INFINITI,2019,QX60,SUV
INFINITI,2018,QX60,SUV
INFINITI,2017,QX60,SUV
INFINITI,2016,QX60,SUV
INFINITI,2015,QX60,SUV
INFINITI,2014,QX60,SUV
INFINITI,2017,QX70,SUV
INFINITI,2016,QX70,SUV
INFINITI,2015,QX70,SUV
INFINITI,2014,QX70,SUV
INFINITI,2021,QX80,SUV
INFINITI,2020,QX80,SUV
INFINITI,2019,QX80,SUV
INFINITI,2018,QX80,SUV
INFINITI,2017,QX80,SUV
INFINITI,2016,QX80,SUV
INFINITI,2015,QX80,SUV
INFINITI,2014,QX80,SUV
Isuzu,2000,Amigo,SUV
Isuzu,1999,Amigo,SUV
Isuzu,1998,Amigo,SUV
Isuzu,1994,Amigo,SUV
Isuzu,1993,Amigo,SUV
Isuzu,1992,Amigo,SUV
Isuzu,2008,Ascender,SUV
Isuzu,2007,Ascender,SUV
Isuzu,2006,Ascender,SUV
Isuzu,2005,Ascender,SUV
Isuzu,2004,Ascender,SUV
Isuzu,2003,Ascender,SUV
Isuzu,2004,Axiom,SUV
Isuzu,2003,Axiom,SUV
Isuzu,2002,Axiom,SUV
Isuzu,2000,Hombre Regular Cab,Pickup
Isuzu,1999,Hombre Regular Cab,Pickup
Isuzu,1998,Hombre Regular Cab,Pickup
Isuzu,1997,Hombre Regular Cab,Pickup
Isuzu,1996,Hombre Regular Cab,Pickup
Isuzu,2000,Hombre Spacecab,Pickup
Isuzu,1999,Hombre Spacecab,Pickup
Isuzu,1998,Hombre Spacecab,Pickup
Isuzu,1997,Hombre Spacecab,Pickup
Isuzu,2006,i-280 Extended Cab,Pickup
Isuzu,2008,i-290 Extended Cab,Pickup
Isuzu,2007,i-290 Extended Cab,Pickup
Isuzu,2006,i-350 Crew Cab,Pickup
Isuzu,2008,i-370 Crew Cab,Pickup
Isuzu,2007,i-370 Crew Cab,Pickup
Isuzu,2008,i-370 Extended Cab,Pickup
Isuzu,2007,i-370 Extended Cab,Pickup
Isuzu,1992,Impulse,Hatchback
Isuzu,1999,Oasis,Van/Minivan
Isuzu,1998,Oasis,Van/Minivan
Isuzu,1997,Oasis,Van/Minivan
Isuzu,1996,Oasis,Van/Minivan
Isuzu,1995,Regular Cab,Pickup
Isuzu,1994,Regular Cab,Pickup
Isuzu,1993,Regular Cab,Pickup
Isuzu,1992,Regular Cab,Pickup
Isuzu,2004,Rodeo,SUV
Isuzu,2003,Rodeo,SUV
Isuzu,2002,Rodeo,SUV
Isuzu,2001,Rodeo,SUV
Isuzu,2000,Rodeo,SUV
Isuzu,1999,Rodeo,SUV
Isuzu,1998,Rodeo,SUV
Isuzu,1997,Rodeo,SUV
Isuzu,1996,Rodeo,SUV
Isuzu,1995,Rodeo,SUV
Isuzu,1994,Rodeo,SUV
Isuzu,1993,Rodeo,SUV
Isuzu,1992,Rodeo,SUV
Isuzu,2003,Rodeo Sport,SUV
Isuzu,2002,Rodeo Sport,SUV
Isuzu,2001,Rodeo Sport,SUV
Isuzu,1994,Spacecab,Pickup
Isuzu,1993,Spacecab,Pickup
Isuzu,1992,Spacecab,Pickup
Isuzu,1993,Stylus,Sedan
Isuzu,1992,Stylus,Sedan
Isuzu,2002,Trooper,SUV
Isuzu,2001,Trooper,SUV
Isuzu,2000,Trooper,SUV
Isuzu,1999,Trooper,SUV
Isuzu,1998,Trooper,SUV
Isuzu,1997,Trooper,SUV
Isuzu,1996,Trooper,SUV
Isuzu,1995,Trooper,SUV
Isuzu,1994,Trooper,SUV
Isuzu,1993,Trooper,SUV
Isuzu,1992,Trooper,SUV
Isuzu,2001,VehiCROSS,SUV
Isuzu,2000,VehiCROSS,SUV
Isuzu,1999,VehiCROSS,SUV
Jaguar,2021,E-PACE,SUV
Jaguar,2020,E-PACE,SUV
Jaguar,2019,E-PACE,SUV
Jaguar,2018,E-PACE,SUV
Jaguar,2020,F-PACE,SUV
Jaguar,2019,F-PACE,SUV
Jaguar,2018,F-PACE,SUV
Jaguar,2017,F-PACE,SUV
Jaguar,2020,F-TYPE,Convertible
Jaguar,2019,F-TYPE,"Coupe, Convertible"
Jaguar,2018,F-TYPE,"Convertible, Coupe"
Jaguar,2017,F-TYPE,"Coupe, Convertible"
Jaguar,2016,F-TYPE,"Coupe, Convertible"
Jaguar,2015,F-TYPE,"Coupe, Convertible"
Jaguar,2014,F-TYPE,Convertible
Jaguar,2021,I-PACE,SUV
Jaguar,2020,I-PACE,SUV
Jaguar,2019,I-PACE,SUV
Jaguar,2008,S-Type,Sedan
Jaguar,2007,S-Type,Sedan
Jaguar,2006,S-Type,Sedan
Jaguar,2005,S-Type,Sedan
Jaguar,2004,S-Type,Sedan
Jaguar,2003,S-Type,Sedan
Jaguar,2002,S-Type,Sedan
Jaguar,2001,S-Type,Sedan
Jaguar,2000,S-Type,Sedan
Jaguar,2019,XE,Sedan
Jaguar,2018,XE,Sedan
Jaguar,2017,XE,Sedan
Jaguar,2019,XF,"Wagon, Sedan"
Jaguar,2018,XF,"Sedan, Wagon"
Jaguar,2017,XF,Sedan
Jaguar,2016,XF,Sedan
Jaguar,2015,XF,Sedan
Jaguar,2014,XF,Sedan
Jaguar,2013,XF,Sedan
Jaguar,2012,XF,Sedan
Jaguar,2011,XF,Sedan
Jaguar,2010,XF,Sedan
Jaguar,2009,XF,Sedan
Jaguar,2019,XJ,Sedan
Jaguar,2018,XJ,Sedan
Jaguar,2017,XJ,Sedan
Jaguar,2016,XJ,Sedan
Jaguar,2015,XJ,Sedan
Jaguar,2014,XJ,Sedan
Jaguar,2013,XJ,Sedan
Jaguar,2012,XJ,Sedan
Jaguar,2011,XJ,Sedan
Jaguar,2009,XJ,Sedan
Jaguar,2008,XJ,Sedan
Jaguar,2007,XJ,Sedan
Jaguar,2006,XJ,Sedan
Jaguar,2005,XJ,Sedan
Jaguar,2004,XJ,Sedan
Jaguar,2003,XJ,Sedan
Jaguar,2002,XJ,Sedan
Jaguar,2001,XJ,Sedan
Jaguar,2000,XJ,Sedan
Jaguar,1999,XJ,Sedan
Jaguar,1998,XJ,Sedan
Jaguar,1997,XJ,Sedan
Jaguar,1996,XJ,"Sedan, Convertible"
Jaguar,1995,XJ,"Sedan, Coupe, Convertible"
Jaguar,1994,XJ,"Sedan, Coupe, Convertible"
Jaguar,1993,XJ,"Sedan, Coupe, Convertible"
Jaguar,1992,XJ,"Sedan, Coupe, Convertible"
Jaguar,2015,XK,"Coupe, Convertible"
Jaguar,2014,XK,"Coupe, Convertible"
Jaguar,2013,XK,"Coupe, Convertible"
Jaguar,2012,XK,"Coupe, Convertible"
Jaguar,2011,XK,"Convertible, Coupe"
Jaguar,2010,XK,"Coupe, Convertible"
Jaguar,2009,XK,"Convertible, Coupe"
Jaguar,2008,XK,"Coupe, Convertible"
Jaguar,2007,XK,"Coupe, Convertible"
Jaguar,2006,XK,"Coupe, Convertible"
Jaguar,2005,XK,"Coupe, Convertible"
Jaguar,2004,XK,"Coupe, Convertible"
Jaguar,2003,XK,"Coupe, Convertible"
Jaguar,2002,XK,"Coupe, Convertible"
Jaguar,2001,XK,"Convertible, Coupe"
Jaguar,2000,XK,"Coupe, Convertible"
Jaguar,1999,XK,"Coupe, Convertible"
Jaguar,1998,XK,"Coupe, Convertible"
Jaguar,1997,XK,"Convertible, Coupe"
Jaguar,2008,X-Type,"Sedan, Wagon"
Jaguar,2007,X-Type,"Sedan, Wagon"
Jaguar,2006,X-Type,"Sedan, Wagon"
Jaguar,2005,X-Type,"Sedan, Wagon"
Jaguar,2004,X-Type,Sedan
Jaguar,2003,X-Type,Sedan
Jaguar,2002,X-Type,Sedan
Jeep,2021,Cherokee,SUV
Jeep,2020,Cherokee,SUV
Jeep,2019,Cherokee,SUV
Jeep,2018,Cherokee,SUV
Jeep,2017,Cherokee,SUV
Jeep,2016,Cherokee,SUV
Jeep,2015,Cherokee,SUV
Jeep,2014,Cherokee,SUV
Jeep,2001,Cherokee,SUV
Jeep,2000,Cherokee,SUV
Jeep,1999,Cherokee,SUV
Jeep,1998,Cherokee,SUV
Jeep,1997,Cherokee,SUV
Jeep,1996,Cherokee,SUV
Jeep,1995,Cherokee,SUV
Jeep,1994,Cherokee,SUV
Jeep,1993,Cherokee,SUV
Jeep,1992,Cherokee,SUV
Jeep,1992,Comanche Regular Cab,Pickup
Jeep,2010,Commander,SUV
Jeep,2009,Commander,SUV
Jeep,2008,Commander,SUV
Jeep,2007,Commander,SUV
Jeep,2006,Commander,SUV
Jeep,2021,Compass,SUV
Jeep,2020,Compass,SUV
Jeep,2019,Compass,SUV
Jeep,2018,Compass,SUV
Jeep,2017,Compass,SUV
Jeep,2016,Compass,SUV
Jeep,2015,Compass,SUV
Jeep,2014,Compass,SUV
Jeep,2013,Compass,SUV
Jeep,2012,Compass,SUV
Jeep,2011,Compass,SUV
Jeep,2010,Compass,SUV
Jeep,2009,Compass,SUV
Jeep,2008,Compass,SUV
Jeep,2007,Compass,SUV
Jeep,2021,Gladiator,Pickup
Jeep,2020,Gladiator,Pickup
Jeep,2021,Grand Cherokee,SUV
Jeep,2020,Grand Cherokee,SUV
Jeep,2019,Grand Cherokee,SUV
Jeep,2018,Grand Cherokee,SUV
Jeep,2017,Grand Cherokee,SUV
Jeep,2016,Grand Cherokee,SUV
Jeep,2015,Grand Cherokee,SUV
Jeep,2014,Grand Cherokee,SUV
Jeep,2013,Grand Cherokee,SUV
Jeep,2012,Grand Cherokee,SUV
Jeep,2011,Grand Cherokee,SUV
Jeep,2010,Grand Cherokee,SUV
Jeep,2009,Grand Cherokee,SUV
Jeep,2008,Grand Cherokee,SUV
Jeep,2007,Grand Cherokee,SUV
Jeep,2006,Grand Cherokee,SUV
Jeep,2005,Grand Cherokee,SUV
Jeep,2004,Grand Cherokee,SUV
Jeep,2003,Grand Cherokee,SUV
Jeep,2002,Grand Cherokee,SUV
Jeep,2001,Grand Cherokee,SUV
Jeep,2000,Grand Cherokee,SUV
Jeep,1999,Grand Cherokee,SUV
Jeep,1998,Grand Cherokee,SUV
Jeep,1997,Grand Cherokee,SUV
Jeep,1996,Grand Cherokee,SUV
Jeep,1995,Grand Cherokee,SUV
Jeep,1994,Grand Cherokee,SUV
Jeep,1993,Grand Cherokee,SUV
Jeep,2021,Grand Cherokee L,SUV
Jeep,2026,Grand Wagoneer,SUV
Jeep,2025,Grand Wagoneer,SUV
Jeep,2024,Grand Wagoneer,SUV
Jeep,2023,Grand Wagoneer,SUV
Jeep,2022,Grand Wagoneer,SUV
Jeep,2012,Liberty,SUV
Jeep,2011,Liberty,SUV
Jeep,2010,Liberty,SUV
Jeep,2009,Liberty,SUV
Jeep,2008,Liberty,SUV
Jeep,2007,Liberty,SUV
Jeep,2006,Liberty,SUV
Jeep,2005,Liberty,SUV
Jeep,2004,Liberty,SUV
Jeep,2003,Liberty,SUV
Jeep,2002,Liberty,SUV
Jeep,2017,Patriot,SUV
Jeep,2016,Patriot,SUV
Jeep,2015,Patriot,SUV
Jeep,2014,Patriot,SUV
Jeep,2013,Patriot,SUV
Jeep,2012,Patriot,SUV
Jeep,2011,Patriot,SUV
Jeep,2010,Patriot,SUV
Jeep,2009,Patriot,SUV
Jeep,2008,Patriot,SUV
Jeep,2007,Patriot,SUV
Jeep,2021,Renegade,SUV
Jeep,2020,Renegade,SUV
Jeep,2019,Renegade,SUV
Jeep,2018,Renegade,SUV
Jeep,2017,Renegade,SUV
Jeep,2016,Renegade,SUV
Jeep,2015,Renegade,SUV
Jeep,2021,Wrangler,SUV
Jeep,2020,Wrangler,SUV
Jeep,2019,Wrangler,SUV
Jeep,2018,Wrangler,SUV
Jeep,2017,Wrangler,SUV
Jeep,2016,Wrangler,SUV
Jeep,2015,Wrangler,SUV
Jeep,2014,Wrangler,SUV
Jeep,2013,Wrangler,SUV
Jeep,2012,Wrangler,SUV
Jeep,2011,Wrangler,SUV
Jeep,2010,Wrangler,SUV
Jeep,2009,Wrangler,SUV
Jeep,2008,Wrangler,SUV
Jeep,2007,Wrangler,SUV
Jeep,2006,Wrangler,SUV
Jeep,2005,Wrangler,SUV
Jeep,2004,Wrangler,SUV
Jeep,2003,Wrangler,SUV
Jeep,2002,Wrangler,SUV
Jeep,2001,Wrangler,SUV
Jeep,2000,Wrangler,SUV
Jeep,1999,Wrangler,SUV
Jeep,1998,Wrangler,SUV
Jeep,1997,Wrangler,SUV
Jeep,1995,Wrangler,SUV
Jeep,1994,Wrangler,SUV
Jeep,1993,Wrangler,SUV
Jeep,1992,Wrangler,SUV
Jeep,2021,Wrangler Unlimited,SUV
Jeep,2020,Wrangler Unlimited,SUV
Jeep,2019,Wrangler Unlimited,SUV
Jeep,2018,Wrangler Unlimited,SUV
Jeep,2017,Wrangler Unlimited,SUV
Kia,2009,Amanti,Sedan
Kia,2008,Amanti,Sedan
Kia,2007,Amanti,Sedan
Kia,2006,Amanti,Sedan
Kia,2005,Amanti,Sedan
Kia,2004,Amanti,Sedan
Kia,2009,Borrego,SUV
Kia,2019,Cadenza,Sedan
Kia,2018,Cadenza,Sedan
Kia,2017,Cadenza,Sedan
Kia,2016,Cadenza,Sedan
Kia,2015,Cadenza,Sedan
Kia,2014,Cadenza,Sedan
Kia,2021,Forte,Sedan
Kia,2020,Forte,Sedan
Kia,2019,Forte,Sedan
Kia,2018,Forte,Sedan
Kia,2017,Forte,Sedan
Kia,2016,Forte,Sedan
Kia,2015,Forte,Sedan
Kia,2014,Forte,"Sedan, Coupe, Hatchback"
Kia,2013,Forte,"Sedan, Hatchback, Coupe"
Kia,2012,Forte,"Sedan, Hatchback, Coupe"
Kia,2011,Forte,"Sedan, Coupe, Hatchback"
Kia,2010,Forte,"Sedan, Coupe"
Kia,2016,Forte Koup,Coupe
Kia,2015,Forte Koup,Coupe
Kia,2018,Forte5,Hatchback
Kia,2017,Forte5,Hatchback
Kia,2016,Forte5,Hatchback
Kia,2015,Forte5,Hatchback
Kia,2021,K5,Sedan
Kia,2019,K900,Sedan
Kia,2017,K900,Sedan
Kia,2016,K900,Sedan
Kia,2015,K900,Sedan
Kia,2019,Niro,Wagon
Kia,2018,Niro,Wagon
Kia,2017,Niro,Wagon
Kia,2019,Niro EV,Wagon
Kia,2019,Niro Plug-in Hybrid,Wagon
Kia,2018,Niro Plug-in Hybrid,Wagon
Kia,2020,Optima,Sedan
Kia,2019,Optima,Sedan
Kia,2018,Optima,Sedan
Kia,2017,Optima,Sedan
Kia,2016,Optima,Sedan
Kia,2015,Optima,Sedan
Kia,2014,Optima,Sedan
Kia,2013,Optima,Sedan
Kia,2012,Optima,Sedan
Kia,2011,Optima,Sedan
Kia,2010,Optima,Sedan
Kia,2009,Optima,Sedan
Kia,2008,Optima,Sedan
Kia,2007,Optima,Sedan
Kia,2006,Optima,Sedan
Kia,2005,Optima,Sedan
Kia,2004,Optima,Sedan
Kia,2003,Optima,Sedan
Kia,2002,Optima,Sedan
Kia,2001,Optima,Sedan
Kia,2006,Optima (2006.5),Sedan
Kia,2020,Optima Hybrid,Sedan
Kia,2019,Optima Hybrid,Sedan
Kia,2018,Optima Hybrid,Sedan
Kia,2017,Optima Hybrid,Sedan
Kia,2016,Optima Hybrid,Sedan
Kia,2015,Optima Hybrid,Sedan
Kia,2020,Optima Plug-in Hybrid,Sedan
Kia,2019,Optima Plug-in Hybrid,Sedan
Kia,2018,Optima Plug-in Hybrid,Sedan
Kia,2017,Optima Plug-in Hybrid,Sedan
Kia,2021,Rio,"Hatchback,Sedan"
Kia,2020,Rio,"Sedan, Hatchback"
Kia,2019,Rio,"Sedan, Hatchback"
Kia,2018,Rio,"Sedan, Hatchback"
Kia,2017,Rio,"Sedan, Hatchback"
Kia,2016,Rio,"Sedan, Hatchback"
Kia,2015,Rio,"Sedan, Hatchback"
Kia,2014,Rio,"Sedan, Hatchback"
Kia,2013,Rio,"Sedan, Hatchback"
Kia,2012,Rio,"Hatchback, Sedan"
Kia,2011,Rio,"Sedan, Hatchback"
Kia,2010,Rio,"Sedan, Hatchback"
Kia,2009,Rio,"Sedan, Hatchback"
Kia,2008,Rio,"Sedan, Hatchback"
Kia,2007,Rio,"Sedan, Hatchback"
Kia,2006,Rio,"Sedan, Hatchback"
Kia,2005,Rio,"Sedan, Wagon"
Kia,2004,Rio,"Wagon, Sedan"
Kia,2003,Rio,"Sedan, Wagon"
Kia,2002,Rio,"Sedan, Wagon"
Kia,2001,Rio,Sedan
Kia,2010,Rondo,Wagon
Kia,2009,Rondo,Wagon
Kia,2008,Rondo,Wagon
Kia,2007,Rondo,Wagon
Kia,2021,Sedona,Van/Minivan
Kia,2020,Sedona,Van/Minivan
Kia,2019,Sedona,Van/Minivan
Kia,2018,Sedona,Van/Minivan
Kia,2017,Sedona,Van/Minivan
Kia,2016,Sedona,Van/Minivan
Kia,2015,Sedona,Van/Minivan
Kia,2014,Sedona,Van/Minivan
Kia,2012,Sedona,Van/Minivan
Kia,2011,Sedona,Van/Minivan
Kia,2010,Sedona,Van/Minivan
Kia,2009,Sedona,Van/Minivan
Kia,2008,Sedona,Van/Minivan
Kia,2007,Sedona,Van/Minivan
Kia,2006,Sedona,Van/Minivan
Kia,2005,Sedona,Van/Minivan
Kia,2004,Sedona,Van/Minivan
Kia,2003,Sedona,Van/Minivan
Kia,2002,Sedona,Van/Minivan
Kia,2021,Seltos,SUV
Kia,2001,Sephia,Sedan
Kia,2000,Sephia,Sedan
Kia,1999,Sephia,Sedan
Kia,1998,Sephia,Sedan
Kia,1997,Sephia,Sedan
Kia,1996,Sephia,Sedan
Kia,1995,Sephia,Sedan
Kia,1994,Sephia,Sedan
Kia,2026,Sorento,SUV
Kia,2025,Sorento,SUV
Kia,2024,Sorento,SUV
Kia,2023,Sorento,SUV
Kia,2022,Sorento,SUV
Kia,2021,Sorento,SUV
Kia,2020,Sorento,SUV
Kia,2019,Sorento,SUV
Kia,2018,Sorento,SUV
Kia,2017,Sorento,SUV
Kia,2016,Sorento,SUV
Kia,2015,Sorento,SUV
Kia,2014,Sorento,SUV
Kia,2013,Sorento,SUV
Kia,2012,Sorento,SUV
Kia,2011,Sorento,SUV
Kia,2009,Sorento,SUV
Kia,2008,Sorento,SUV
Kia,2007,Sorento,SUV
Kia,2006,Sorento,SUV
Kia,2005,Sorento,SUV
Kia,2004,Sorento,SUV
Kia,2003,Sorento,SUV
Kia,2021,Soul,Wagon
Kia,2020,Soul,Wagon
Kia,2019,Soul,Wagon
Kia,2018,Soul,Wagon
Kia,2017,Soul,Wagon
Kia,2016,Soul,Wagon
Kia,2015,Soul,Wagon
Kia,2014,Soul,Wagon
Kia,2013,Soul,Wagon
Kia,2012,Soul,Wagon
Kia,2011,Soul,Wagon
Kia,2010,Soul,Wagon
Kia,2019,Soul EV,Wagon
Kia,2018,Soul EV,Wagon
Kia,2017,Soul EV,Wagon
Kia,2016,Soul EV,Wagon
Kia,2015,Soul EV,Wagon
Kia,2009,Spectra,"Sedan, Hatchback"
Kia,2008,Spectra,"Sedan, Hatchback"
Kia,2007,Spectra,"Sedan, Hatchback"
Kia,2006,Spectra,"Sedan, Hatchback"
Kia,2005,Spectra,"Sedan, Hatchback"
Kia,2004,Spectra,"Sedan, Hatchback"
Kia,2003,Spectra,"Sedan, Hatchback"
Kia,2002,Spectra,"Sedan, Hatchback"
Kia,2001,Spectra,Hatchback
Kia,2000,Spectra,Hatchback
Kia,2021,Sportage,SUV
Kia,2020,Sportage,SUV
Kia,2019,Sportage,SUV
Kia,2018,Sportage,SUV
Kia,2017,Sportage,SUV
Kia,2016,Sportage,SUV
Kia,2015,Sportage,SUV
Kia,2014,Sportage,SUV
Kia,2013,Sportage,SUV
Kia,2012,Sportage,SUV
Kia,2011,Sportage,SUV
Kia,2010,Sportage,SUV
Kia,2009,Sportage,SUV
Kia,2008,Sportage,SUV
Kia,2007,Sportage,SUV
Kia,2006,Sportage,SUV
Kia,2005,Sportage,SUV
Kia,2002,Sportage,SUV
Kia,2001,Sportage,SUV
Kia,2000,Sportage,SUV
Kia,1999,Sportage,SUV
Kia,1998,Sportage,SUV
Kia,1997,Sportage,SUV
Kia,1996,Sportage,SUV
Kia,1995,Sportage,SUV
Kia,2021,Stinger,Sedan
Kia,2020,Stinger,Sedan
Kia,2019,Stinger,Sedan
Kia,2018,Stinger,Sedan
Kia,2021,Telluride,SUV
Kia,2020,Telluride,SUV
Lamborghini,2018,Aventador,"Convertible, Coupe"
Lamborghini,2017,Aventador,"Coupe, Convertible"
Lamborghini,2016,Aventador,"Convertible, Coupe"
Lamborghini,2015,Aventador,"Coupe, Convertible"
Lamborghini,2014,Aventador,"Coupe, Convertible"
Lamborghini,2013,Aventador,"Coupe, Convertible"
Lamborghini,2012,Aventador,Coupe
Lamborghini,2014,Gallardo,"Coupe, Convertible"
Lamborghini,2013,Gallardo,"Coupe, Convertible"
Lamborghini,2012,Gallardo,"Coupe, Convertible"
Lamborghini,2011,Gallardo,"Coupe, Convertible"
Lamborghini,2010,Gallardo,"Coupe, Convertible"
Lamborghini,2009,Gallardo,"Convertible, Coupe"
Lamborghini,2008,Gallardo,"Convertible, Coupe"
Lamborghini,2007,Gallardo,"Convertible, Coupe"
Lamborghini,2006,Gallardo,"Coupe, Convertible"
Lamborghini,2018,Huracan,Coupe
Lamborghini,2017,Huracan,"Coupe, Convertible"
Lamborghini,2016,Huracan,"Coupe, Convertible"
Lamborghini,2015,Huracan,Coupe
Lamborghini,2010,Murcielago,"Coupe, Convertible"
Lamborghini,2009,Murcielago,"Convertible, Coupe"
Lamborghini,2007,Murcielago,"Convertible, Coupe"
Lamborghini,2006,Murcielago,"Convertible, Coupe"
Lamborghini,2008,Murcielago LP640,"Coupe, Convertible"
Land Rover,1993,Defender 110,SUV
Land Rover,1997,Defender 90,SUV
Land Rover,1995,Defender 90,SUV
Land Rover,1994,Defender 90,SUV
Land Rover,2021,Discovery,SUV
Land Rover,2020,Discovery,SUV
Land Rover,2019,Discovery,SUV
Land Rover,2018,Discovery,SUV
Land Rover,2017,Discovery,SUV
Land Rover,2004,Discovery,SUV
Land Rover,2003,Discovery,SUV
Land Rover,1999,Discovery,SUV
Land Rover,1998,Discovery,SUV
Land Rover,1997,Discovery,SUV
Land Rover,1996,Discovery,SUV
Land Rover,1995,Discovery,SUV
Land Rover,1994,Discovery,SUV
Land Rover,2002,Discovery Series II,SUV
Land Rover,2001,Discovery Series II,SUV
Land Rover,2000,Discovery Series II,SUV
Land Rover,1999,Discovery Series II,SUV
Land Rover,2020,Discovery Sport,SUV
Land Rover,2019,Discovery Sport,SUV
Land Rover,2018,Discovery Sport,SUV
Land Rover,2017,Discovery Sport,SUV
Land Rover,2016,Discovery Sport,SUV
Land Rover,2015,Discovery Sport,SUV
Land Rover,2005,Freelander,SUV
Land Rover,2004,Freelander,SUV
Land Rover,2003,Freelander,SUV
Land Rover,2002,Freelander,SUV
Land Rover,2015,LR2,SUV
Land Rover,2014,LR2,SUV
Land Rover,2013,LR2,SUV
Land Rover,2012,LR2,SUV
Land Rover,2011,LR2,SUV
Land Rover,2010,LR2,SUV
Land Rover,2009,LR2,SUV
Land Rover,2008,LR2,SUV
Land Rover,2009,LR3,SUV
Land Rover,2008,LR3,SUV
Land Rover,2007,LR3,SUV
Land Rover,2006,LR3,SUV
Land Rover,2005,LR3,SUV
Land Rover,2016,LR4,SUV
Land Rover,2015,LR4,SUV
Land Rover,2014,LR4,SUV
Land Rover,2013,LR4,SUV
Land Rover,2012,LR4,SUV
Land Rover,2011,LR4,SUV
Land Rover,2010,LR4,SUV
Land Rover,2021,Range Rover,SUV
Land Rover,2020,Range Rover,SUV
Land Rover,2019,Range Rover,SUV
Land Rover,2018,Range Rover,SUV
Land Rover,2017,Range Rover,SUV
Land Rover,2016,Range Rover,SUV
Land Rover,2015,Range Rover,SUV
Land Rover,2014,Range Rover,SUV
Land Rover,2013,Range Rover,SUV
Land Rover,2012,Range Rover,SUV
Land Rover,2011,Range Rover,SUV
Land Rover,2010,Range Rover,SUV
Land Rover,2009,Range Rover,SUV
Land Rover,2008,Range Rover,SUV
Land Rover,2007,Range Rover,SUV
Land Rover,2006,Range Rover,SUV
Land Rover,2005,Range Rover,SUV
Land Rover,2004,Range Rover,SUV
Land Rover,2003,Range Rover,SUV
Land Rover,2002,Range Rover,SUV
Land Rover,2001,Range Rover,SUV
Land Rover,2000,Range Rover,SUV
Land Rover,1999,Range Rover,SUV
Land Rover,1998,Range Rover,SUV
Land Rover,1997,Range Rover,SUV
Land Rover,1996,Range Rover,SUV
Land Rover,1995,Range Rover,SUV
Land Rover,1994,Range Rover,SUV
Land Rover,1993,Range Rover,SUV
Land Rover,1992,Range Rover,SUV
Land Rover,2020,Range Rover Evoque,SUV
Land Rover,2019,Range Rover Evoque,SUV
Land Rover,2018,Range Rover Evoque,SUV
Land Rover,2017,Range Rover Evoque,SUV
Land Rover,2016,Range Rover Evoque,SUV
Land Rover,2015,Range Rover Evoque,SUV
Land Rover,2014,Range Rover Evoque,SUV
Land Rover,2013,Range Rover Evoque,SUV
Land Rover,2012,Range Rover Evoque,SUV
Land Rover,2021,Range Rover Sport,SUV
Land Rover,2020,Range Rover Sport,SUV
Land Rover,2019,Range Rover Sport,SUV
Land Rover,2018,Range Rover Sport,SUV
Land Rover,2017,Range Rover Sport,SUV
Land Rover,2016,Range Rover Sport,SUV
Land Rover,2015,Range Rover Sport,SUV
Land Rover,2014,Range Rover Sport,SUV
Land Rover,2013,Range Rover Sport,SUV
Land Rover,2012,Range Rover Sport,SUV
Land Rover,2011,Range Rover Sport,SUV
Land Rover,2010,Range Rover Sport,SUV
Land Rover,2009,Range Rover Sport,SUV
Land Rover,2008,Range Rover Sport,SUV
Land Rover,2007,Range Rover Sport,SUV
Land Rover,2006,Range Rover Sport,SUV
Land Rover,2021,Range Rover Velar,SUV
Land Rover,2020,Range Rover Velar,SUV
Land Rover,2019,Range Rover Velar,SUV
Land Rover,2018,Range Rover Velar,SUV
Lexus,2017,CT,Hatchback
Lexus,2016,CT,Hatchback
Lexus,2015,CT,Hatchback
Lexus,2014,CT,Hatchback
Lexus,2013,CT,Hatchback
Lexus,2012,CT,Hatchback
Lexus,2011,CT,Hatchback
Lexus,2021,ES,Sedan
Lexus,2020,ES,Sedan
Lexus,2019,ES,Sedan
Lexus,2018,ES,Sedan
Lexus,2017,ES,Sedan
Lexus,2016,ES,Sedan
Lexus,2015,ES,Sedan
Lexus,2014,ES,Sedan
Lexus,2013,ES,Sedan
Lexus,2012,ES,Sedan
Lexus,2011,ES,Sedan
Lexus,2010,ES,Sedan
Lexus,2009,ES,Sedan
Lexus,2008,ES,Sedan
Lexus,2007,ES,Sedan
Lexus,2006,ES,Sedan
Lexus,2005,ES,Sedan
Lexus,2004,ES,Sedan
Lexus,2003,ES,Sedan
Lexus,2002,ES,Sedan
Lexus,2001,ES,Sedan
Lexus,2000,ES,Sedan
Lexus,1999,ES,Sedan
Lexus,1998,ES,Sedan
Lexus,1997,ES,Sedan
Lexus,1996,ES,Sedan
Lexus,1995,ES,Sedan
Lexus,1994,ES,Sedan
Lexus,1993,ES,Sedan
Lexus,1992,ES,Sedan
Lexus,2020,GS,Sedan
Lexus,2019,GS,Sedan
Lexus,2018,GS,Sedan
Lexus,2017,GS,Sedan
Lexus,2016,GS,Sedan
Lexus,2015,GS,Sedan
Lexus,2014,GS,Sedan
Lexus,2013,GS,Sedan
Lexus,2011,GS,Sedan
Lexus,2010,GS,Sedan
Lexus,2009,GS,Sedan
Lexus,2008,GS,Sedan
Lexus,2007,GS,Sedan
Lexus,2006,GS,Sedan
Lexus,2005,GS,Sedan
Lexus,2004,GS,Sedan
Lexus,2003,GS,Sedan
Lexus,2002,GS,Sedan
Lexus,2001,GS,Sedan
Lexus,2000,GS,Sedan
Lexus,1999,GS,Sedan
Lexus,1998,GS,Sedan
Lexus,1997,GS,Sedan
Lexus,1996,GS,Sedan
Lexus,1995,GS,Sedan
Lexus,1994,GS,Sedan
Lexus,1993,GS,Sedan
Lexus,2021,GX,SUV
Lexus,2020,GX,SUV
Lexus,2019,GX,SUV
Lexus,2018,GX,SUV
Lexus,2017,GX,SUV
Lexus,2016,GX,SUV
Lexus,2015,GX,SUV
Lexus,2014,GX,SUV
Lexus,2013,GX,SUV
Lexus,2012,GX,SUV
Lexus,2011,GX,SUV
Lexus,2010,GX,SUV
Lexus,2009,GX,SUV
Lexus,2008,GX,SUV
Lexus,2007,GX,SUV
Lexus,2006,GX,SUV
Lexus,2005,GX,SUV
Lexus,2004,GX,SUV
Lexus,2003,GX,SUV
Lexus,2012,HS,Sedan
Lexus,2011,HS,Sedan
Lexus,2010,HS,Sedan
Lexus,2021,IS,Sedan
Lexus,2020,IS,Sedan
Lexus,2019,IS,Sedan
Lexus,2018,IS,Sedan
Lexus,2017,IS,Sedan
Lexus,2016,IS,Sedan
Lexus,2015,IS,"Sedan, Convertible"
Lexus,2014,IS,"Sedan, Convertible"
Lexus,2013,IS,"Sedan, Convertible"
Lexus,2012,IS,"Sedan, Convertible"
Lexus,2011,IS,"Sedan, Convertible"
Lexus,2010,IS,"Convertible, Sedan"
Lexus,2009,IS,Sedan
Lexus,2008,IS,Sedan
Lexus,2007,IS,Sedan
Lexus,2006,IS,Sedan
Lexus,2005,IS,"Sedan, Hatchback"
Lexus,2004,IS,"Sedan, Hatchback"
Lexus,2003,IS,"Hatchback, Sedan"
Lexus,2002,IS,"Sedan, Hatchback"
Lexus,2001,IS,Sedan
Lexus,2011,IS F,Sedan
Lexus,2010,IS F,Sedan
Lexus,2009,IS F,Sedan
Lexus,2008,IS F,Sedan
Lexus,2021,LC,"Coupe,Convertible"
Lexus,2020,LC,Coupe
Lexus,2019,LC,Coupe
Lexus,2018,LC,Coupe
Lexus,2012,LFA,Coupe
Lexus,2021,LS,Sedan
Lexus,2020,LS,Sedan
Lexus,2019,LS,Sedan
Lexus,2018,LS,Sedan
Lexus,2017,LS,Sedan
Lexus,2016,LS,Sedan
Lexus,2015,LS,Sedan
Lexus,2014,LS,Sedan
Lexus,2013,LS,Sedan
Lexus,2012,LS,Sedan
Lexus,2011,LS,Sedan
Lexus,2010,LS,Sedan
Lexus,2009,LS,Sedan
Lexus,2008,LS,Sedan
Lexus,2007,LS,Sedan
Lexus,2006,LS,Sedan
Lexus,2005,LS,Sedan
Lexus,2004,LS,Sedan
Lexus,2003,LS,Sedan
Lexus,2002,LS,Sedan
Lexus,2001,LS,Sedan
Lexus,2000,LS,Sedan
Lexus,1999,LS,Sedan
Lexus,1998,LS,Sedan
Lexus,1997,LS,Sedan
Lexus,1996,LS,Sedan
Lexus,1995,LS,Sedan
Lexus,1994,LS,Sedan
Lexus,1993,LS,Sedan
Lexus,1992,LS,Sedan
Lexus,2021,LX,SUV
Lexus,2020,LX,SUV
Lexus,2019,LX,SUV
Lexus,2018,LX,SUV
Lexus,2017,LX,SUV
Lexus,2016,LX,SUV
Lexus,2015,LX,SUV
Lexus,2014,LX,SUV
Lexus,2013,LX,SUV
Lexus,2011,LX,SUV
Lexus,2010,LX,SUV
Lexus,2009,LX,SUV
Lexus,2008,LX,SUV
Lexus,2007,LX,SUV
Lexus,2006,LX,SUV
Lexus,2005,LX,SUV
Lexus,2004,LX,SUV
Lexus,2003,LX,SUV
Lexus,2002,LX,SUV
Lexus,2001,LX,SUV
Lexus,2000,LX,SUV
Lexus,1999,LX,SUV
Lexus,1998,LX,SUV
Lexus,1997,LX,SUV
Lexus,1996,LX,SUV
Lexus,2021,NX,SUV
Lexus,2020,NX,SUV
Lexus,2019,NX,SUV
Lexus,2018,NX,SUV
Lexus,2017,NX,SUV
Lexus,2016,NX,SUV
Lexus,2015,NX,SUV
Lexus,2021,RC,Coupe
Lexus,2020,RC,Coupe
Lexus,2019,RC,Coupe
Lexus,2018,RC,Coupe
Lexus,2017,RC,Coupe
Lexus,2016,RC,Coupe
Lexus,2015,RC,Coupe
Lexus,2021,RX,SUV
Lexus,2020,RX,SUV
Lexus,2019,RX,SUV
Lexus,2018,RX,SUV
Lexus,2017,RX,SUV
Lexus,2016,RX,SUV
Lexus,2015,RX,SUV
Lexus,2014,RX,SUV
Lexus,2013,RX,SUV
Lexus,2012,RX,SUV
Lexus,2011,RX,SUV
Lexus,2010,RX,SUV
Lexus,2009,RX,SUV
Lexus,2008,RX,SUV
Lexus,2007,RX,SUV
Lexus,2006,RX,SUV
Lexus,2005,RX,SUV
Lexus,2004,RX,SUV
Lexus,2003,RX,SUV
Lexus,2002,RX,SUV
Lexus,2001,RX,SUV
Lexus,2000,RX,SUV
Lexus,1999,RX,SUV
Lexus,2010,SC,Convertible
Lexus,2009,SC,Convertible
Lexus,2008,SC,Convertible
Lexus,2007,SC,Convertible
Lexus,2006,SC,Convertible
Lexus,2005,SC,Convertible
Lexus,2004,SC,Convertible
Lexus,2003,SC,Convertible
Lexus,2002,SC,Convertible
Lexus,2000,SC,Coupe
Lexus,1999,SC,Coupe
Lexus,1998,SC,Coupe
Lexus,1997,SC,Coupe
Lexus,1996,SC,Coupe
Lexus,1995,SC,Coupe
Lexus,1994,SC,Coupe
Lexus,1993,SC,Coupe
Lexus,1992,SC,Coupe
Lexus,2021,UX,SUV
Lexus,2020,UX,SUV
Lexus,2019,UX,SUV
Lincoln,2021,Aviator,SUV
Lincoln,2020,Aviator,SUV
Lincoln,2005,Aviator,SUV
Lincoln,2004,Aviator,SUV
Lincoln,2003,Aviator,SUV
Lincoln,2002,Blackwood,Pickup
Lincoln,2019,Continental,Sedan
Lincoln,2018,Continental,Sedan
Lincoln,2017,Continental,Sedan
Lincoln,2002,Continental,Sedan
Lincoln,2001,Continental,Sedan
Lincoln,2000,Continental,Sedan
Lincoln,1999,Continental,Sedan
Lincoln,1998,Continental,Sedan
Lincoln,1997,Continental,Sedan
Lincoln,1996,Continental,Sedan
Lincoln,1995,Continental,Sedan
Lincoln,1994,Continental,Sedan
Lincoln,1993,Continental,Sedan
Lincoln,1992,Continental,Sedan
Lincoln,2021,Corsair,SUV
Lincoln,2020,Corsair,SUV
Lincoln,2006,LS,Sedan
Lincoln,2005,LS,Sedan
Lincoln,2004,LS,Sedan
Lincoln,2003,LS,Sedan
Lincoln,2002,LS,Sedan
Lincoln,2001,LS,Sedan
Lincoln,2000,LS,Sedan
Lincoln,2008,Mark LT,Pickup
Lincoln,2007,Mark LT,Pickup
Lincoln,2006,Mark LT,Pickup
Lincoln,1992,Mark VII,Coupe
Lincoln,1998,Mark VIII,Coupe
Lincoln,1997,Mark VIII,Coupe
Lincoln,1996,Mark VIII,Coupe
Lincoln,1995,Mark VIII,Coupe
Lincoln,1994,Mark VIII,Coupe
Lincoln,1993,Mark VIII,Coupe
Lincoln,2019,MKC,SUV
Lincoln,2018,MKC,SUV
Lincoln,2017,MKC,SUV
Lincoln,2016,MKC,SUV
Lincoln,2015,MKC,SUV
Lincoln,2016,MKS,Sedan
Lincoln,2015,MKS,Sedan
Lincoln,2014,MKS,Sedan
Lincoln,2013,MKS,Sedan
Lincoln,2012,MKS,Sedan
Lincoln,2011,MKS,Sedan
Lincoln,2010,MKS,Sedan
Lincoln,2009,MKS,Sedan
Lincoln,2019,MKT,SUV
Lincoln,2018,MKT,SUV
Lincoln,2017,MKT,SUV
Lincoln,2016,MKT,SUV
Lincoln,2015,MKT,SUV
Lincoln,2014,MKT,SUV
Lincoln,2013,MKT,SUV
Lincoln,2012,MKT,SUV
Lincoln,2011,MKT,SUV
Lincoln,2010,MKT,SUV
Lincoln,2018,MKX,SUV
Lincoln,2017,MKX,SUV
Lincoln,2016,MKX,SUV
Lincoln,2015,MKX,SUV
Lincoln,2014,MKX,SUV
Lincoln,2013,MKX,SUV
Lincoln,2012,MKX,SUV
Lincoln,2011,MKX,SUV
Lincoln,2010,MKX,SUV
Lincoln,2009,MKX,SUV
Lincoln,2008,MKX,SUV
Lincoln,2007,MKX,SUV
Lincoln,2020,MKZ,Sedan
Lincoln,2019,MKZ,Sedan
Lincoln,2018,MKZ,Sedan
Lincoln,2017,MKZ,Sedan
Lincoln,2016,MKZ,Sedan
Lincoln,2015,MKZ,Sedan
Lincoln,2014,MKZ,Sedan
Lincoln,2013,MKZ,Sedan
Lincoln,2012,MKZ,Sedan
Lincoln,2011,MKZ,Sedan
Lincoln,2010,MKZ,Sedan
Lincoln,2009,MKZ,Sedan
Lincoln,2008,MKZ,Sedan
Lincoln,2007,MKZ,Sedan
Lincoln,2021,Nautilus,SUV
Lincoln,2020,Nautilus,SUV
Lincoln,2019,Nautilus,SUV
Lincoln,2021,Navigator,SUV
Lincoln,2020,Navigator,SUV
Lincoln,2019,Navigator,SUV
Lincoln,2018,Navigator,SUV
Lincoln,2017,Navigator,SUV
Lincoln,2016,Navigator,SUV
Lincoln,2015,Navigator,SUV
Lincoln,2014,Navigator,SUV
Lincoln,2013,Navigator,SUV
Lincoln,2012,Navigator,SUV
Lincoln,2011,Navigator,SUV
Lincoln,2010,Navigator,SUV
Lincoln,2009,Navigator,SUV
Lincoln,2008,Navigator,SUV
Lincoln,2007,Navigator,SUV
Lincoln,2006,Navigator,SUV
Lincoln,2005,Navigator,SUV
Lincoln,2004,Navigator,SUV
Lincoln,2003,Navigator,SUV
Lincoln,2002,Navigator,SUV
Lincoln,2001,Navigator,SUV
Lincoln,2000,Navigator,SUV
Lincoln,1999,Navigator,SUV
Lincoln,1998,Navigator,SUV
Lincoln,2021,Navigator L,SUV
Lincoln,2020,Navigator L,SUV
Lincoln,2019,Navigator L,SUV
Lincoln,2018,Navigator L,SUV
Lincoln,2017,Navigator L,SUV
Lincoln,2016,Navigator L,SUV
Lincoln,2015,Navigator L,SUV
Lincoln,2014,Navigator L,SUV
Lincoln,2013,Navigator L,SUV
Lincoln,2012,Navigator L,SUV
Lincoln,2011,Navigator L,SUV
Lincoln,2010,Navigator L,SUV
Lincoln,2009,Navigator L,SUV
Lincoln,2008,Navigator L,SUV
Lincoln,2007,Navigator L,SUV
Lincoln,2011,Town Car,Sedan
Lincoln,2010,Town Car,Sedan
Lincoln,2009,Town Car,Sedan
Lincoln,2008,Town Car,Sedan
Lincoln,2007,Town Car,Sedan
Lincoln,2006,Town Car,Sedan
Lincoln,2005,Town Car,Sedan
Lincoln,2004,Town Car,Sedan
Lincoln,2003,Town Car,Sedan
Lincoln,2002,Town Car,Sedan
Lincoln,2001,Town Car,Sedan
Lincoln,2000,Town Car,Sedan
Lincoln,1999,Town Car,Sedan
Lincoln,1998,Town Car,Sedan
Lincoln,1997,Town Car,Sedan
Lincoln,1996,Town Car,Sedan
Lincoln,1995,Town Car,Sedan
Lincoln,1994,Town Car,Sedan
Lincoln,1993,Town Car,Sedan
Lincoln,1992,Town Car,Sedan
Lincoln,2006,Zephyr,Sedan
Lotus,2011,Elise,Coupe
Lotus,2010,Elise,Coupe
Lotus,2009,Elise,Coupe
Lotus,2008,Elise,Coupe
Lotus,2007,Elise,Coupe
Lotus,2006,Elise,Coupe
Lotus,2005,Elise,Coupe
Lotus,2014,Evora,Coupe
Lotus,2013,Evora,Coupe
Lotus,2012,Evora,Coupe
Lotus,2011,Evora,Coupe
Lotus,2010,Evora,Coupe
Lotus,2018,Evora 400,Coupe
Lotus,2017,Evora 400,Coupe
Lotus,2011,Exige,Coupe
Lotus,2010,Exige,Coupe
Lotus,2009,Exige,Coupe
Lotus,2006,Exige,Coupe
Lotus,2008,Exige S,Coupe
Lotus,2007,Exige S,Coupe
Maserati,2006,Coupe,Coupe
Maserati,2005,Coupe,Coupe
Maserati,2019,Ghibli,Sedan
Maserati,2018,Ghibli,Sedan
Maserati,2017,Ghibli,Sedan
Maserati,2016,Ghibli,Sedan
Maserati,2015,Ghibli,Sedan
Maserati,2014,Ghibli,Sedan
Maserati,2006,GranSport,"Coupe, Convertible"
Maserati,2005,GranSport,Coupe
Maserati,2018,GranTurismo,"Coupe, Convertible"
Maserati,2017,GranTurismo,"Coupe, Convertible"
Maserati,2016,GranTurismo,"Coupe, Convertible"
Maserati,2015,GranTurismo,"Coupe, Convertible"
Maserati,2014,GranTurismo,"Convertible, Coupe"
Maserati,2013,GranTurismo,"Coupe, Convertible"
Maserati,2012,GranTurismo,"Coupe, Convertible"
Maserati,2011,GranTurismo,"Coupe, Convertible"
Maserati,2010,GranTurismo,"Convertible, Coupe"
Maserati,2009,GranTurismo,Coupe
Maserati,2008,GranTurismo,Coupe
Maserati,2019,Levante,SUV
Maserati,2018,Levante,SUV
Maserati,2017,Levante,SUV
Maserati,2018,Quattroporte,Sedan
Maserati,2017,Quattroporte,Sedan
Maserati,2016,Quattroporte,Sedan
Maserati,2015,Quattroporte,Sedan
Maserati,2014,Quattroporte,Sedan
Maserati,2013,Quattroporte,Sedan
Maserati,2012,Quattroporte,Sedan
Maserati,2011,Quattroporte,Sedan
Maserati,2010,Quattroporte,Sedan
Maserati,2009,Quattroporte,Sedan
Maserati,2008,Quattroporte,Sedan
Maserati,2007,Quattroporte,Sedan
Maserati,2006,Quattroporte,Sedan
Maserati,2005,Quattroporte,Sedan
Maybach,2012,57,Sedan
Maybach,2011,57,Sedan
Maybach,2010,57,Sedan
Maybach,2009,57,Sedan
Maybach,2008,57,Sedan
Maybach,2007,57,Sedan
Maybach,2006,57,Sedan
Maybach,2005,57,Sedan
Maybach,2012,62,Sedan
Maybach,2011,62,Sedan
Maybach,2010,62,Sedan
Maybach,2009,62,Sedan
Maybach,2008,62,Sedan
Maybach,2007,62,Sedan
Maybach,2006,62,Sedan
Maybach,2005,62,Sedan
MAZDA,1994,323,Hatchback
MAZDA,1993,323,Hatchback
MAZDA,1992,323,Hatchback
MAZDA,2002,626,Sedan
MAZDA,2001,626,Sedan
MAZDA,2000,626,Sedan
MAZDA,1999,626,Sedan
MAZDA,1998,626,Sedan
MAZDA,1997,626,Sedan
MAZDA,1996,626,Sedan
MAZDA,1995,626,Sedan
MAZDA,1994,626,Sedan
MAZDA,1993,626,Sedan
MAZDA,1992,626,Sedan
MAZDA,1995,929,Sedan
MAZDA,1994,929,Sedan
MAZDA,1993,929,Sedan
MAZDA,1992,929,Sedan
MAZDA,2004,B-Series Cab Plus,Pickup
MAZDA,2003,B-Series Cab Plus,Pickup
MAZDA,2002,B-Series Cab Plus,Pickup
MAZDA,2001,B-Series Cab Plus,Pickup
MAZDA,2000,B-Series Cab Plus,Pickup
MAZDA,1999,B-Series Cab Plus,Pickup
MAZDA,1998,B-Series Cab Plus,Pickup
MAZDA,1997,B-Series Cab Plus,Pickup
MAZDA,1996,B-Series Cab Plus,Pickup
MAZDA,1995,B-Series Cab Plus,Pickup
MAZDA,1994,B-Series Cab Plus,Pickup
MAZDA,1993,B-Series Cab Plus,Pickup
MAZDA,1992,B-Series Cab Plus,Pickup
MAZDA,2009,B-Series Extended Cab,Pickup
MAZDA,2008,B-Series Extended Cab,Pickup
MAZDA,2007,B-Series Extended Cab,Pickup
MAZDA,2006,B-Series Extended Cab,Pickup
MAZDA,2005,B-Series Extended Cab,Pickup
MAZDA,2009,B-Series Regular Cab,Pickup
MAZDA,2008,B-Series Regular Cab,Pickup
MAZDA,2007,B-Series Regular Cab,Pickup
MAZDA,2006,B-Series Regular Cab,Pickup
MAZDA,2005,B-Series Regular Cab,Pickup
MAZDA,2004,B-Series Regular Cab,Pickup
MAZDA,2003,B-Series Regular Cab,Pickup
MAZDA,2002,B-Series Regular Cab,Pickup
MAZDA,2001,B-Series Regular Cab,Pickup
MAZDA,2000,B-Series Regular Cab,Pickup
MAZDA,1999,B-Series Regular Cab,Pickup
MAZDA,1998,B-Series Regular Cab,Pickup
MAZDA,1997,B-Series Regular Cab,Pickup
MAZDA,1996,B-Series Regular Cab,Pickup
MAZDA,1995,B-Series Regular Cab,Pickup
MAZDA,1994,B-Series Regular Cab,Pickup
MAZDA,1993,B-Series Regular Cab,Pickup
MAZDA,1992,B-Series Regular Cab,Pickup
MAZDA,2021,CX-3,SUV
MAZDA,2019,CX-3,SUV
MAZDA,2018,CX-3,SUV
MAZDA,2017,CX-3,SUV
MAZDA,2016,CX-3,SUV
MAZDA,2021,CX-30,SUV
MAZDA,2020,CX-30,SUV
MAZDA,2021,CX-5,SUV
MAZDA,2020,CX-5,SUV
MAZDA,2019,CX-5,SUV
MAZDA,2018,CX-5,SUV
MAZDA,2017,CX-5,SUV
MAZDA,2016,CX-5,SUV
MAZDA,2015,CX-5,SUV
MAZDA,2014,CX-5,SUV
MAZDA,2013,CX-5,SUV
MAZDA,2012,CX-7,SUV
MAZDA,2011,CX-7,SUV
MAZDA,2010,CX-7,SUV
MAZDA,2009,CX-7,SUV
MAZDA,2008,CX-7,SUV
MAZDA,2007,CX-7,SUV
MAZDA,2021,CX-9,SUV
MAZDA,2020,CX-9,SUV
MAZDA,2019,CX-9,SUV
MAZDA,2018,CX-9,SUV
MAZDA,2017,CX-9,SUV
MAZDA,2016,CX-9,SUV
MAZDA,2015,CX-9,SUV
MAZDA,2014,CX-9,SUV
MAZDA,2013,CX-9,SUV
MAZDA,2012,CX-9,SUV
MAZDA,2011,CX-9,SUV
MAZDA,2010,CX-9,SUV
MAZDA,2009,CX-9,SUV
MAZDA,2008,CX-9,SUV
MAZDA,2007,CX-9,SUV
MAZDA,2014,MAZDA2,Hatchback
MAZDA,2013,MAZDA2,Hatchback
MAZDA,2012,MAZDA2,Hatchback
MAZDA,2011,MAZDA2,Hatchback
MAZDA,2021,MAZDA3,"Hatchback,Sedan"
MAZDA,2020,MAZDA3,"Sedan, Hatchback"
MAZDA,2019,MAZDA3,"Sedan, Hatchback"
MAZDA,2018,MAZDA3,"Sedan, Hatchback"
MAZDA,2017,MAZDA3,"Hatchback, Sedan"
MAZDA,2016,MAZDA3,"Sedan, Hatchback"
MAZDA,2015,MAZDA3,"Sedan, Hatchback"
MAZDA,2014,MAZDA3,"Sedan, Hatchback"
MAZDA,2013,MAZDA3,"Sedan, Hatchback"
MAZDA,2012,MAZDA3,"Hatchback, Sedan"
MAZDA,2011,MAZDA3,"Sedan, Hatchback"
MAZDA,2010,MAZDA3,"Sedan, Hatchback"
MAZDA,2009,MAZDA3,"Sedan, Hatchback"
MAZDA,2008,MAZDA3,"Sedan, Hatchback"
MAZDA,2007,MAZDA3,"Sedan, Hatchback"
MAZDA,2006,MAZDA3,"Sedan, Hatchback"
MAZDA,2005,MAZDA3,"Sedan, Hatchback"
MAZDA,2004,MAZDA3,"Sedan, Hatchback"
MAZDA,2015,MAZDA5,Van/Minivan
MAZDA,2014,MAZDA5,Van/Minivan
MAZDA,2013,MAZDA5,Van/Minivan
MAZDA,2012,MAZDA5,Van/Minivan
MAZDA,2010,MAZDA5,Van/Minivan
MAZDA,2009,MAZDA5,Van/Minivan
MAZDA,2008,MAZDA5,Van/Minivan
MAZDA,2007,MAZDA5,Van/Minivan
MAZDA,2006,MAZDA5,Van/Minivan
MAZDA,2021,MAZDA6,Sedan
MAZDA,2020,MAZDA6,Sedan
MAZDA,2019,MAZDA6,Sedan
MAZDA,2018,MAZDA6,Sedan
MAZDA,2017,MAZDA6,Sedan
MAZDA,2016,MAZDA6,Sedan
MAZDA,2015,MAZDA6,Sedan
MAZDA,2014,MAZDA6,Sedan
MAZDA,2013,MAZDA6,Sedan
MAZDA,2012,MAZDA6,Sedan
MAZDA,2011,MAZDA6,Sedan
MAZDA,2010,MAZDA6,Sedan
MAZDA,2009,MAZDA6,Sedan
MAZDA,2008,MAZDA6,"Sedan, Hatchback"
MAZDA,2007,MAZDA6,"Sedan, Hatchback, Wagon"
MAZDA,2006,MAZDA6,"Sedan, Hatchback, Wagon"
MAZDA,2005,MAZDA6,"Sedan, Hatchback, Wagon"
MAZDA,2004,MAZDA6,"Sedan, Wagon, Hatchback"
MAZDA,2003,MAZDA6,Sedan
MAZDA,2002,Millenia,Sedan
MAZDA,2001,Millenia,Sedan
MAZDA,2000,Millenia,Sedan
MAZDA,1999,Millenia,Sedan
MAZDA,1998,Millenia,Sedan
MAZDA,1997,Millenia,Sedan
MAZDA,1996,Millenia,Sedan
MAZDA,1995,Millenia,Sedan
MAZDA,2006,MPV,Van/Minivan
MAZDA,2005,MPV,Van/Minivan
MAZDA,2004,MPV,Van/Minivan
MAZDA,2003,MPV,Van/Minivan
MAZDA,2002,MPV,Van/Minivan
MAZDA,2001,MPV,Van/Minivan
MAZDA,2000,MPV,Van/Minivan
MAZDA,1998,MPV,Van/Minivan
MAZDA,1997,MPV,Van/Minivan
MAZDA,1996,MPV,Van/Minivan
MAZDA,1995,MPV,Van/Minivan
MAZDA,1994,MPV,Van/Minivan
MAZDA,1993,MPV,Van/Minivan
MAZDA,1992,MPV,Van/Minivan
MAZDA,1995,MX-3,Hatchback
MAZDA,1994,MX-3,Hatchback
MAZDA,1993,MX-3,Hatchback
MAZDA,1992,MX-3,Hatchback
MAZDA,2021,MX-5 Miata,Convertible
MAZDA,2019,MX-5 Miata,Convertible
MAZDA,2018,MX-5 Miata,Convertible
MAZDA,2017,MX-5 Miata,Convertible
MAZDA,2016,MX-5 Miata,Convertible
MAZDA,2015,MX-5 Miata,Convertible
MAZDA,2014,MX-5 Miata,Convertible
MAZDA,2013,MX-5 Miata,Convertible
MAZDA,2012,MX-5 Miata,Convertible
MAZDA,2011,MX-5 Miata,Convertible
MAZDA,2010,MX-5 Miata,Convertible
MAZDA,2009,MX-5 Miata,Convertible
MAZDA,2008,MX-5 Miata,Convertible
MAZDA,2007,MX-5 Miata,Convertible
MAZDA,2006,MX-5 Miata,Convertible
MAZDA,2005,MX-5 Miata,Convertible
MAZDA,2004,MX-5 Miata,Convertible
MAZDA,2003,MX-5 Miata,Convertible
MAZDA,2002,MX-5 Miata,Convertible
MAZDA,2001,MX-5 Miata,Convertible
MAZDA,2000,MX-5 Miata,Convertible
MAZDA,1999,MX-5 Miata,Convertible
MAZDA,1997,MX-5 Miata,Convertible
MAZDA,1996,MX-5 Miata,Convertible
MAZDA,1995,MX-5 Miata,Convertible
MAZDA,1994,MX-5 Miata,Convertible
MAZDA,1993,MX-5 Miata,Convertible
MAZDA,1992,MX-5 Miata,Convertible
MAZDA,2021,MX-5 Miata RF,Convertible
MAZDA,2019,MX-5 Miata RF,Convertible
MAZDA,2018,MX-5 Miata RF,Convertible
MAZDA,2017,MX-5 Miata RF,Convertible
MAZDA,1997,MX-6,Coupe
MAZDA,1996,MX-6,Coupe
MAZDA,1995,MX-6,Coupe
MAZDA,1994,MX-6,Coupe
MAZDA,1993,MX-6,Coupe
MAZDA,1992,MX-6,Coupe
MAZDA,1994,Navajo,SUV
MAZDA,1993,Navajo,SUV
MAZDA,1992,Navajo,SUV
MAZDA,2003,Protege,Sedan
MAZDA,2002,Protege,Sedan
MAZDA,2001,Protege,Sedan
MAZDA,2000,Protege,Sedan
MAZDA,1999,Protege,Sedan
MAZDA,1998,Protege,Sedan
MAZDA,1997,Protege,Sedan
MAZDA,1996,Protege,Sedan
MAZDA,1995,Protege,Sedan
MAZDA,1994,Protege,Sedan
MAZDA,1993,Protege,Sedan
MAZDA,1992,Protege,Sedan
MAZDA,2003,Protege5,Hatchback
MAZDA,2002,Protege5,Hatchback
MAZDA,1995,RX-7,Hatchback
MAZDA,1994,RX-7,Hatchback
MAZDA,1993,RX-7,Hatchback
MAZDA,2011,RX-8,Coupe
MAZDA,2010,RX-8,Coupe
MAZDA,2009,RX-8,Coupe
MAZDA,2008,RX-8,Coupe
MAZDA,2007,RX-8,Coupe
MAZDA,2006,RX-8,Coupe
MAZDA,2005,RX-8,Coupe
MAZDA,2004,RX-8,Coupe
MAZDA,2011,Tribute,SUV
MAZDA,2010,Tribute,SUV
MAZDA,2009,Tribute,SUV
MAZDA,2008,Tribute,SUV
MAZDA,2006,Tribute,SUV
MAZDA,2005,Tribute,SUV
MAZDA,2004,Tribute,SUV
MAZDA,2003,Tribute,SUV
MAZDA,2002,Tribute,SUV
MAZDA,2001,Tribute,SUV
McLaren,2018,570GT,Coupe
McLaren,2017,570GT,Coupe
McLaren,2018,570S,"Coupe, Convertible"
McLaren,2017,570S,Coupe
McLaren,2016,570S,Coupe
McLaren,2016,650S,"Convertible, Coupe"
McLaren,2015,650S,"Coupe, Convertible"
McLaren,2016,675LT,Coupe
McLaren,2018,720S,Coupe
McLaren,2014,MP4-12C,"Coupe, Convertible"
McLaren,2013,MP4-12C,Coupe
McLaren,2012,MP4-12C,Coupe
Mercedes-Benz,1993,190 E,Sedan
Mercedes-Benz,1992,190 E,Sedan
Mercedes-Benz,1993,300 CE,"Coupe, Convertible"
Mercedes-Benz,1992,300 CE,Coupe
Mercedes-Benz,1993,300 D,Sedan
Mercedes-Benz,1992,300 D,Sedan
Mercedes-Benz,1993,300 E,Sedan
Mercedes-Benz,1992,300 E,Sedan
Mercedes-Benz,1993,300 SD,Sedan
Mercedes-Benz,1992,300 SD,Sedan
Mercedes-Benz,1993,300 SE,Sedan
Mercedes-Benz,1992,300 SE,Sedan
Mercedes-Benz,1993,300 SL,Convertible
Mercedes-Benz,1992,300 SL,Convertible
Mercedes-Benz,1993,300 TE,Wagon
Mercedes-Benz,1992,300 TE,Wagon
Mercedes-Benz,1993,400 E,Sedan
Mercedes-Benz,1992,400 E,Sedan
Mercedes-Benz,1992,400 SE,Sedan
Mercedes-Benz,1993,400 SEL,Sedan
Mercedes-Benz,1993,500 E,Sedan
Mercedes-Benz,1992,500 E,Sedan
Mercedes-Benz,1993,500 SEC,Coupe
Mercedes-Benz,1993,500 SEL,Sedan
Mercedes-Benz,1992,500 SEL,Sedan
Mercedes-Benz,1993,500 SL,Convertible
Mercedes-Benz,1992,500 SL,Convertible
Mercedes-Benz,1993,600 SEC,Coupe
Mercedes-Benz,1993,600 SEL,Sedan
Mercedes-Benz,1992,600 SEL,Sedan
Mercedes-Benz,1993,600 SL,Convertible
Mercedes-Benz,2021,A-Class,Sedan
Mercedes-Benz,2019,A-Class,Sedan
Mercedes-Benz,2017,B-Class,Hatchback
Mercedes-Benz,2016,B-Class,Hatchback
Mercedes-Benz,2015,B-Class,Hatchback
Mercedes-Benz,2014,B-Class,Hatchback
Mercedes-Benz,2026,C-Class,Coupe
Mercedes-Benz,2025,C-Class,Coupe
Mercedes-Benz,2024,C-Class,Coupe
Mercedes-Benz,2023,C-Class,Coupe
Mercedes-Benz,2022,C-Class,Coupe
Mercedes-Benz,2021,C-Class,Coupe
Mercedes-Benz,2020,C-Class,"Convertible, Sedan, Coupe"
Mercedes-Benz,2019,C-Class,"Convertible, Sedan, Coupe"
Mercedes-Benz,2018,C-Class,"Convertible, Coupe, Sedan"
Mercedes-Benz,2017,C-Class,"Coupe, Sedan, Convertible"
Mercedes-Benz,2016,C-Class,Sedan
Mercedes-Benz,2015,C-Class,"Sedan, Coupe"
Mercedes-Benz,2014,C-Class,"Sedan, Coupe"
Mercedes-Benz,2013,C-Class,"Sedan, Coupe"
Mercedes-Benz,2012,C-Class,"Sedan, Coupe"
Mercedes-Benz,2011,C-Class,Sedan
Mercedes-Benz,2010,C-Class,Sedan
Mercedes-Benz,2009,C-Class,Sedan
Mercedes-Benz,2008,C-Class,Sedan
Mercedes-Benz,2007,C-Class,Sedan
Mercedes-Benz,2006,C-Class,Sedan
Mercedes-Benz,2005,C-Class,"Sedan, Coupe, Wagon"
Mercedes-Benz,2004,C-Class,"Sedan, Coupe, Wagon"
Mercedes-Benz,2003,C-Class,"Coupe, Sedan, Wagon"
Mercedes-Benz,2002,C-Class,"Coupe, Sedan, Wagon"
Mercedes-Benz,2001,C-Class,Sedan
Mercedes-Benz,2000,C-Class,Sedan
Mercedes-Benz,1999,C-Class,Sedan
Mercedes-Benz,1998,C-Class,Sedan
Mercedes-Benz,1997,C-Class,Sedan
Mercedes-Benz,1996,C-Class,Sedan
Mercedes-Benz,1995,C-Class,Sedan
Mercedes-Benz,1994,C-Class,Sedan
Mercedes-Benz,2020,CLA,Sedan
Mercedes-Benz,2019,CLA,Sedan
Mercedes-Benz,2018,CLA,Sedan
Mercedes-Benz,2017,CLA,Sedan
Mercedes-Benz,2016,CLA,Sedan
Mercedes-Benz,2015,CLA-Class,Sedan
Mercedes-Benz,2014,CLA-Class,Sedan
Mercedes-Benz,2014,CL-Class,Coupe
Mercedes-Benz,2013,CL-Class,Coupe
Mercedes-Benz,2012,CL-Class,Coupe
Mercedes-Benz,2011,CL-Class,Coupe
Mercedes-Benz,2010,CL-Class,Coupe
Mercedes-Benz,2009,CL-Class,Coupe
Mercedes-Benz,2008,CL-Class,Coupe
Mercedes-Benz,2007,CL-Class,Coupe
Mercedes-Benz,2006,CL-Class,Coupe
Mercedes-Benz,2005,CL-Class,Coupe
Mercedes-Benz,2004,CL-Class,Coupe
Mercedes-Benz,2003,CL-Class,Coupe
Mercedes-Benz,2002,CL-Class,Coupe
Mercedes-Benz,2001,CL-Class,Coupe
Mercedes-Benz,2000,CL-Class,Coupe
Mercedes-Benz,1999,CL-Class,Coupe
Mercedes-Benz,1998,CL-Class,Coupe
Mercedes-Benz,2009,CLK-Class,"Coupe, Convertible"
Mercedes-Benz,2008,CLK-Class,"Convertible, Coupe"
Mercedes-Benz,2007,CLK-Class,"Convertible, Coupe"
Mercedes-Benz,2006,CLK-Class,"Coupe, Convertible"
Mercedes-Benz,2005,CLK-Class,"Coupe, Convertible"
Mercedes-Benz,2004,CLK-Class,"Coupe, Convertible"
Mercedes-Benz,2003,CLK-Class,"Convertible, Coupe"
Mercedes-Benz,2002,CLK-Class,"Coupe, Convertible"
Mercedes-Benz,2001,CLK-Class,"Coupe, Convertible"
Mercedes-Benz,2000,CLK-Class,"Coupe, Convertible"
Mercedes-Benz,1999,CLK-Class,"Coupe, Convertible"
Mercedes-Benz,1998,CLK-Class,Coupe
Mercedes-Benz,2019,CLS,Sedan
Mercedes-Benz,2018,CLS,Sedan
Mercedes-Benz,2017,CLS,Sedan
Mercedes-Benz,2016,CLS-Class,Sedan
Mercedes-Benz,2015,CLS-Class,Sedan
Mercedes-Benz,2014,CLS-Class,Coupe
Mercedes-Benz,2013,CLS-Class,Coupe
Mercedes-Benz,2012,CLS-Class,Coupe
Mercedes-Benz,2011,CLS-Class,Coupe
Mercedes-Benz,2010,CLS-Class,Coupe
Mercedes-Benz,2009,CLS-Class,Coupe
Mercedes-Benz,2008,CLS-Class,Coupe
Mercedes-Benz,2007,CLS-Class,Coupe
Mercedes-Benz,2006,CLS-Class,Coupe
Mercedes-Benz,2020,E-Class,"Coupe, Wagon, Sedan, Convertible"
Mercedes-Benz,2019,E-Class,"Coupe, Sedan, Wagon, Convertible"
Mercedes-Benz,2018,E-Class,"Sedan, Coupe, Convertible, Wagon"
Mercedes-Benz,2017,E-Class,"Convertible, Sedan, Coupe, Wagon"
Mercedes-Benz,2016,E-Class,"Sedan, Coupe, Wagon, Convertible"
Mercedes-Benz,2015,E-Class,"Convertible, Wagon, Coupe, Sedan"
Mercedes-Benz,2014,E-Class,"Sedan, Wagon, Coupe, Convertible"
Mercedes-Benz,2013,E-Class,"Sedan, Coupe, Wagon, Convertible"
Mercedes-Benz,2012,E-Class,"Sedan, Coupe, Convertible, Wagon"
Mercedes-Benz,2011,E-Class,"Coupe, Convertible, Sedan, Wagon"
Mercedes-Benz,2010,E-Class,"Sedan, Coupe"
Mercedes-Benz,2009,E-Class,"Sedan, Wagon"
Mercedes-Benz,2008,E-Class,"Sedan, Wagon"
Mercedes-Benz,2007,E-Class,"Sedan, Wagon"
Mercedes-Benz,2006,E-Class,"Sedan, Wagon"
Mercedes-Benz,2005,E-Class,"Sedan, Wagon"
Mercedes-Benz,2004,E-Class,"Sedan, Wagon"
Mercedes-Benz,2003,E-Class,"Sedan, Wagon"
Mercedes-Benz,2002,E-Class,"Sedan, Wagon"
Mercedes-Benz,2001,E-Class,"Sedan, Wagon"
Mercedes-Benz,2000,E-Class,"Sedan, Wagon"
Mercedes-Benz,1999,E-Class,"Sedan, Wagon"
Mercedes-Benz,1998,E-Class,"Sedan, Wagon"
Mercedes-Benz,1997,E-Class,Sedan
Mercedes-Benz,1996,E-Class,Sedan
Mercedes-Benz,1995,E-Class,"Coupe, Convertible, Sedan, Wagon"
Mercedes-Benz,1994,E-Class,"Coupe, Convertible, Wagon, Sedan"
Mercedes-Benz,2021,G-Class,SUV
Mercedes-Benz,2020,G-Class,SUV
Mercedes-Benz,2019,G-Class,SUV
Mercedes-Benz,2018,G-Class,SUV
Mercedes-Benz,2017,G-Class,SUV
Mercedes-Benz,2016,G-Class,SUV
Mercedes-Benz,2015,G-Class,SUV
Mercedes-Benz,2014,G-Class,SUV
Mercedes-Benz,2013,G-Class,SUV
Mercedes-Benz,2012,G-Class,SUV
Mercedes-Benz,2011,G-Class,SUV
Mercedes-Benz,2010,G-Class,SUV
Mercedes-Benz,2009,G-Class,SUV
Mercedes-Benz,2008,G-Class,SUV
Mercedes-Benz,2007,G-Class,SUV
Mercedes-Benz,2006,G-Class,SUV
Mercedes-Benz,2005,G-Class,SUV
Mercedes-Benz,2004,G-Class,SUV
Mercedes-Benz,2003,G-Class,SUV
Mercedes-Benz,2002,G-Class,SUV
Mercedes-Benz,2021,GLA,SUV
Mercedes-Benz,2020,GLA,SUV
Mercedes-Benz,2019,GLA,SUV
Mercedes-Benz,2018,GLA,SUV
Mercedes-Benz,2017,GLA,SUV
Mercedes-Benz,2016,GLA,SUV
Mercedes-Benz,2015,GLA-Class,SUV
Mercedes-Benz,2021,GLB,SUV
Mercedes-Benz,2021,GLC,SUV
Mercedes-Benz,2020,GLC,SUV
Mercedes-Benz,2019,GLC,SUV
Mercedes-Benz,2018,GLC,SUV
Mercedes-Benz,2017,GLC,SUV
Mercedes-Benz,2016,GLC,SUV
Mercedes-Benz,2019,GLC Coupe,SUV
Mercedes-Benz,2018,GLC Coupe,SUV
Mercedes-Benz,2017,GLC Coupe,SUV
Mercedes-Benz,2016,GL-Class,SUV
Mercedes-Benz,2015,GL-Class,SUV
Mercedes-Benz,2014,GL-Class,SUV
Mercedes-Benz,2013,GL-Class,SUV
Mercedes-Benz,2012,GL-Class,SUV
Mercedes-Benz,2011,GL-Class,SUV
Mercedes-Benz,2010,GL-Class,SUV
Mercedes-Benz,2009,GL-Class,SUV
Mercedes-Benz,2008,GL-Class,SUV
Mercedes-Benz,2007,GL-Class,SUV
Mercedes-Benz,2021,GLE,SUV
Mercedes-Benz,2020,GLE,SUV
Mercedes-Benz,2019,GLE,SUV
Mercedes-Benz,2018,GLE,SUV
Mercedes-Benz,2017,GLE,SUV
Mercedes-Benz,2016,GLE,SUV
Mercedes-Benz,2016,GLE Coupe,SUV
Mercedes-Benz,2015,GLK-Class,SUV
Mercedes-Benz,2014,GLK-Class,SUV
Mercedes-Benz,2013,GLK-Class,SUV
Mercedes-Benz,2012,GLK-Class,SUV
Mercedes-Benz,2011,GLK-Class,SUV
Mercedes-Benz,2010,GLK-Class,SUV
Mercedes-Benz,2020,GLS,SUV
Mercedes-Benz,2019,GLS,SUV
Mercedes-Benz,2018,GLS,SUV
Mercedes-Benz,2017,GLS,SUV
Mercedes-Benz,2015,M-Class,SUV
Mercedes-Benz,2014,M-Class,SUV
Mercedes-Benz,2013,M-Class,SUV
Mercedes-Benz,2012,M-Class,SUV
Mercedes-Benz,2011,M-Class,SUV
Mercedes-Benz,2010,M-Class,SUV
Mercedes-Benz,2009,M-Class,SUV
Mercedes-Benz,2008,M-Class,SUV
Mercedes-Benz,2007,M-Class,SUV
Mercedes-Benz,2006,M-Class,SUV
Mercedes-Benz,2005,M-Class,SUV
Mercedes-Benz,2004,M-Class,SUV
Mercedes-Benz,2003,M-Class,SUV
Mercedes-Benz,2002,M-Class,SUV
Mercedes-Benz,2001,M-Class,SUV
Mercedes-Benz,2000,M-Class,SUV
Mercedes-Benz,1999,M-Class,SUV
Mercedes-Benz,1998,M-Class,SUV
Mercedes-Benz,2019,Mercedes-AMG C-Class,"Sedan, Convertible, Coupe"
Mercedes-Benz,2018,Mercedes-AMG C-Class,"Convertible, Sedan, Coupe"
Mercedes-Benz,2017,Mercedes-AMG C-Class,"Convertible, Sedan, Coupe"
Mercedes-Benz,2019,Mercedes-AMG CLA,Sedan
Mercedes-Benz,2018,Mercedes-AMG CLA,Sedan
Mercedes-Benz,2017,Mercedes-AMG CLA,Sedan
Mercedes-Benz,2016,Mercedes-AMG CLA,Sedan
Mercedes-Benz,2019,Mercedes-AMG CLS,Sedan
Mercedes-Benz,2018,Mercedes-AMG CLS,Sedan
Mercedes-Benz,2017,Mercedes-AMG CLS,Sedan
Mercedes-Benz,2019,Mercedes-AMG E-Class,"Coupe, Convertible, Sedan, Wagon"
Mercedes-Benz,2018,Mercedes-AMG E-Class,"Sedan, Wagon"
Mercedes-Benz,2017,Mercedes-AMG E-Class,Sedan
Mercedes-Benz,2021,Mercedes-AMG G-Class,SUV
Mercedes-Benz,2019,Mercedes-AMG G-Class,SUV
Mercedes-Benz,2018,Mercedes-AMG G-Class,SUV
Mercedes-Benz,2017,Mercedes-AMG G-Class,SUV
Mercedes-Benz,2019,Mercedes-AMG GLA,SUV
Mercedes-Benz,2018,Mercedes-AMG GLA,SUV
Mercedes-Benz,2017,Mercedes-AMG GLA,SUV
Mercedes-Benz,2016,Mercedes-AMG GLA,SUV
Mercedes-Benz,2019,Mercedes-AMG GLC,SUV
Mercedes-Benz,2018,Mercedes-AMG GLC,SUV
Mercedes-Benz,2017,Mercedes-AMG GLC,SUV
Mercedes-Benz,2019,Mercedes-AMG GLC Coupe,SUV
Mercedes-Benz,2018,Mercedes-AMG GLC Coupe,SUV
Mercedes-Benz,2017,Mercedes-AMG GLC Coupe,SUV
Mercedes-Benz,2019,Mercedes-AMG GLE,SUV
Mercedes-Benz,2018,Mercedes-AMG GLE,SUV
Mercedes-Benz,2017,Mercedes-AMG GLE,SUV
Mercedes-Benz,2016,Mercedes-AMG GLE,SUV
Mercedes-Benz,2019,Mercedes-AMG GLE Coupe,SUV
Mercedes-Benz,2018,Mercedes-AMG GLE Coupe,SUV
Mercedes-Benz,2017,Mercedes-AMG GLE Coupe,SUV
Mercedes-Benz,2016,Mercedes-AMG GLE Coupe,SUV
Mercedes-Benz,2019,Mercedes-AMG GLS,SUV
Mercedes-Benz,2018,Mercedes-AMG GLS,SUV
Mercedes-Benz,2017,Mercedes-AMG GLS,SUV
Mercedes-Benz,2019,Mercedes-AMG GT,"Coupe, Sedan, Convertible"
Mercedes-Benz,2018,Mercedes-AMG GT,"Coupe, Convertible"
Mercedes-Benz,2017,Mercedes-AMG GT,Coupe
Mercedes-Benz,2016,Mercedes-AMG GT,Coupe
Mercedes-Benz,2019,Mercedes-AMG S-Class,"Sedan, Coupe, Convertible"
Mercedes-Benz,2018,Mercedes-AMG S-Class,"Coupe, Convertible, Sedan"
Mercedes-Benz,2017,Mercedes-AMG S-Class,"Sedan, Coupe, Convertible"
Mercedes-Benz,2019,Mercedes-AMG SL,Convertible
Mercedes-Benz,2018,Mercedes-AMG SL,Convertible
Mercedes-Benz,2017,Mercedes-AMG SL,Convertible
Mercedes-Benz,2016,Mercedes-AMG SL,Convertible
Mercedes-Benz,2019,Mercedes-AMG SLC,Convertible
Mercedes-Benz,2018,Mercedes-AMG SLC,Convertible
Mercedes-Benz,2017,Mercedes-AMG SLC,Convertible
Mercedes-Benz,2016,Mercedes-AMG SLK,Convertible
Mercedes-Benz,2016,Mercedes-Maybach S 600,Sedan
Mercedes-Benz,2019,Mercedes-Maybach S-Class,Sedan
Mercedes-Benz,2018,Mercedes-Maybach S-Class,Sedan
Mercedes-Benz,2017,Mercedes-Maybach S-Class,Sedan
Mercedes-Benz,2019,Metris Cargo,Van/Minivan
Mercedes-Benz,2018,Metris Cargo,Van/Minivan
Mercedes-Benz,2017,Metris Cargo,Van/Minivan
Mercedes-Benz,2016,Metris Cargo,Van/Minivan
Mercedes-Benz,2019,Metris Passenger,Van/Minivan
Mercedes-Benz,2018,Metris Passenger,Van/Minivan
Mercedes-Benz,2017,Metris Passenger,Van/Minivan
Mercedes-Benz,2016,Metris Passenger,Van/Minivan
Mercedes-Benz,2018,Metris WORKER Cargo,Van/Minivan
Mercedes-Benz,2017,Metris WORKER Cargo,Van/Minivan
Mercedes-Benz,2018,Metris WORKER Passenger,Van/Minivan
Mercedes-Benz,2017,Metris WORKER Passenger,Van/Minivan
Mercedes-Benz,2012,R-Class,Wagon
Mercedes-Benz,2011,R-Class,Wagon
Mercedes-Benz,2010,R-Class,Wagon
Mercedes-Benz,2009,R-Class,Wagon
Mercedes-Benz,2008,R-Class,Wagon
Mercedes-Benz,2007,R-Class,Wagon
Mercedes-Benz,2006,R-Class,Wagon
Mercedes-Benz,2019,S-Class,"Coupe, Sedan, Convertible"
Mercedes-Benz,2018,S-Class,"Sedan, Coupe, Convertible"
Mercedes-Benz,2017,S-Class,"Sedan, Convertible, Coupe"
Mercedes-Benz,2016,S-Class,"Sedan, Coupe"
Mercedes-Benz,2015,S-Class,"Sedan, Coupe"
Mercedes-Benz,2014,S-Class,Sedan
Mercedes-Benz,2013,S-Class,Sedan
Mercedes-Benz,2012,S-Class,Sedan
Mercedes-Benz,2011,S-Class,Sedan
Mercedes-Benz,2010,S-Class,Sedan
Mercedes-Benz,2009,S-Class,Sedan
Mercedes-Benz,2008,S-Class,Sedan
Mercedes-Benz,2007,S-Class,Sedan
Mercedes-Benz,2006,S-Class,Sedan
Mercedes-Benz,2005,S-Class,Sedan
Mercedes-Benz,2004,S-Class,Sedan
Mercedes-Benz,2003,S-Class,Sedan
Mercedes-Benz,2002,S-Class,Sedan
Mercedes-Benz,2001,S-Class,Sedan
Mercedes-Benz,2000,S-Class,Sedan
Mercedes-Benz,1999,S-Class,Sedan
Mercedes-Benz,1998,S-Class,Sedan
Mercedes-Benz,1997,S-Class,"Sedan, Coupe"
Mercedes-Benz,1996,S-Class,"Sedan, Coupe"
Mercedes-Benz,1995,S-Class,"Sedan, Coupe"
Mercedes-Benz,1994,S-Class,"Sedan, Coupe"
Mercedes-Benz,2019,SL,Convertible
Mercedes-Benz,2018,SL,Convertible
Mercedes-Benz,2017,SL,Convertible
Mercedes-Benz,2016,SL,Convertible
Mercedes-Benz,2019,SLC,Convertible
Mercedes-Benz,2018,SLC,Convertible
Mercedes-Benz,2017,SLC,Convertible
Mercedes-Benz,2015,SL-Class,Convertible
Mercedes-Benz,2014,SL-Class,Convertible
Mercedes-Benz,2013,SL-Class,Convertible
Mercedes-Benz,2012,SL-Class,Convertible
Mercedes-Benz,2011,SL-Class,Convertible
Mercedes-Benz,2009,SL-Class,Convertible
Mercedes-Benz,2008,SL-Class,Convertible
Mercedes-Benz,2007,SL-Class,Convertible
Mercedes-Benz,2006,SL-Class,Convertible
Mercedes-Benz,2005,SL-Class,Convertible
Mercedes-Benz,2004,SL-Class,Convertible
Mercedes-Benz,2003,SL-Class,Convertible
Mercedes-Benz,2002,SL-Class,Convertible
Mercedes-Benz,2001,SL-Class,Convertible
Mercedes-Benz,2000,SL-Class,Convertible
Mercedes-Benz,1999,SL-Class,Convertible
Mercedes-Benz,1998,SL-Class,Convertible
Mercedes-Benz,1997,SL-Class,Convertible
Mercedes-Benz,1996,SL-Class,Convertible
Mercedes-Benz,1995,SL-Class,Convertible
Mercedes-Benz,1994,SL-Class,Convertible
Mercedes-Benz,2016,SLK,Convertible
Mercedes-Benz,2015,SLK-Class,Convertible
Mercedes-Benz,2014,SLK-Class,Convertible
Mercedes-Benz,2013,SLK-Class,Convertible
Mercedes-Benz,2012,SLK-Class,Convertible
Mercedes-Benz,2011,SLK-Class,Convertible
Mercedes-Benz,2010,SLK-Class,Convertible
Mercedes-Benz,2009,SLK-Class,Convertible
Mercedes-Benz,2008,SLK-Class,Convertible
Mercedes-Benz,2007,SLK-Class,Convertible
Mercedes-Benz,2006,SLK-Class,Convertible
Mercedes-Benz,2005,SLK-Class,Convertible
Mercedes-Benz,2004,SLK-Class,Convertible
Mercedes-Benz,2003,SLK-Class,Convertible
Mercedes-Benz,2002,SLK-Class,Convertible
Mercedes-Benz,2001,SLK-Class,Convertible
Mercedes-Benz,2000,SLK-Class,Convertible
Mercedes-Benz,1999,SLK-Class,Convertible
Mercedes-Benz,1998,SLK-Class,Convertible
Mercedes-Benz,2009,SLR McLaren,Convertible
Mercedes-Benz,2008,SLR McLaren,Convertible
Mercedes-Benz,2007,SLR McLaren,Coupe
Mercedes-Benz,2006,SLR McLaren,Coupe
Mercedes-Benz,2005,SLR McLaren,Coupe
Mercedes-Benz,2015,SLS-Class,"Coupe, Convertible"
Mercedes-Benz,2014,SLS-Class,"Coupe, Convertible"
Mercedes-Benz,2013,SLS-Class,"Coupe, Convertible"
Mercedes-Benz,2012,SLS-Class,"Convertible, Coupe"
Mercedes-Benz,2011,SLS-Class,Coupe
Mercedes-Benz,2019,Sprinter 2500 Cargo,Van/Minivan
Mercedes-Benz,2018,Sprinter 2500 Cargo,Van/Minivan
Mercedes-Benz,2017,Sprinter 2500 Cargo,Van/Minivan
Mercedes-Benz,2016,Sprinter 2500 Cargo,Van/Minivan
Mercedes-Benz,2015,Sprinter 2500 Cargo,Van/Minivan
Mercedes-Benz,2014,Sprinter 2500 Cargo,Van/Minivan
Mercedes-Benz,2013,Sprinter 2500 Cargo,Van/Minivan
Mercedes-Benz,2012,Sprinter 2500 Cargo,Van/Minivan
Mercedes-Benz,2011,Sprinter 2500 Cargo,Van/Minivan
Mercedes-Benz,2018,Sprinter 2500 Crew,Van/Minivan
Mercedes-Benz,2017,Sprinter 2500 Crew,Van/Minivan
Mercedes-Benz,2016,Sprinter 2500 Crew,Van/Minivan
Mercedes-Benz,2015,Sprinter 2500 Crew,Van/Minivan
Mercedes-Benz,2014,Sprinter 2500 Crew,Van/Minivan
Mercedes-Benz,2013,Sprinter 2500 Crew,Van/Minivan
Mercedes-Benz,2012,Sprinter 2500 Crew,Van/Minivan
Mercedes-Benz,2011,Sprinter 2500 Crew,Van/Minivan
Mercedes-Benz,2018,Sprinter 2500 Passenger,Van/Minivan
Mercedes-Benz,2017,Sprinter 2500 Passenger,Van/Minivan
Mercedes-Benz,2016,Sprinter 2500 Passenger,Van/Minivan
Mercedes-Benz,2015,Sprinter 2500 Passenger,Van/Minivan
Mercedes-Benz,2014,Sprinter 2500 Passenger,Van/Minivan
Mercedes-Benz,2013,Sprinter 2500 Passenger,Van/Minivan
Mercedes-Benz,2012,Sprinter 2500 Passenger,Van/Minivan
Mercedes-Benz,2011,Sprinter 2500 Passenger,Van/Minivan
Mercedes-Benz,2018,Sprinter 3500 Cargo,Van/Minivan
Mercedes-Benz,2017,Sprinter 3500 Cargo,Van/Minivan
Mercedes-Benz,2016,Sprinter 3500 Cargo,Van/Minivan
Mercedes-Benz,2015,Sprinter 3500 Cargo,Van/Minivan
Mercedes-Benz,2014,Sprinter 3500 Cargo,Van/Minivan
Mercedes-Benz,2013,Sprinter 3500 Cargo,Van/Minivan
Mercedes-Benz,2012,Sprinter 3500 Cargo,Van/Minivan
Mercedes-Benz,2011,Sprinter 3500 Cargo,Van/Minivan
Mercedes-Benz,2018,Sprinter 3500 XD Cargo,Van/Minivan
Mercedes-Benz,2017,Sprinter 3500 XD Cargo,Van/Minivan
Mercedes-Benz,2018,Sprinter WORKER Cargo,Van/Minivan
Mercedes-Benz,2017,Sprinter WORKER Cargo,Van/Minivan
Mercedes-Benz,2017,Sprinter WORKER Passenger,Van/Minivan
Mercury,1994,Capri,Convertible
Mercury,1993,Capri,Convertible
Mercury,1992,Capri,Convertible
Mercury,2002,Cougar,Coupe
Mercury,2001,Cougar,Coupe
Mercury,2000,Cougar,Coupe
Mercury,1999,Cougar,Coupe
Mercury,1997,Cougar,Sedan
Mercury,1996,Cougar,Coupe
Mercury,1995,Cougar,Coupe
Mercury,1994,Cougar,Coupe
Mercury,1993,Cougar,Coupe
Mercury,1992,Cougar,Coupe
Mercury,2011,Grand Marquis,Sedan
Mercury,2010,Grand Marquis,Sedan
Mercury,2009,Grand Marquis,Sedan
Mercury,2008,Grand Marquis,Sedan
Mercury,2007,Grand Marquis,Sedan
Mercury,2006,Grand Marquis,Sedan
Mercury,2005,Grand Marquis,Sedan
Mercury,2004,Grand Marquis,Sedan
Mercury,2003,Grand Marquis,Sedan
Mercury,2002,Grand Marquis,Sedan
Mercury,2001,Grand Marquis,Sedan
Mercury,2000,Grand Marquis,Sedan
Mercury,1999,Grand Marquis,Sedan
Mercury,1998,Grand Marquis,Sedan
Mercury,1997,Grand Marquis,Sedan
Mercury,1996,Grand Marquis,Sedan
Mercury,1995,Grand Marquis,Sedan
Mercury,1994,Grand Marquis,Sedan
Mercury,1993,Grand Marquis,Sedan
Mercury,1992,Grand Marquis,Sedan
Mercury,2004,Marauder,Sedan
Mercury,2003,Marauder,Sedan
Mercury,2011,Mariner,SUV
Mercury,2010,Mariner,SUV
Mercury,2009,Mariner,SUV
Mercury,2008,Mariner,SUV
Mercury,2007,Mariner,SUV
Mercury,2006,Mariner,SUV
Mercury,2005,Mariner,SUV
Mercury,2011,Milan,Sedan
Mercury,2010,Milan,Sedan
Mercury,2009,Milan,Sedan
Mercury,2008,Milan,Sedan
Mercury,2007,Milan,Sedan
Mercury,2006,Milan,Sedan
Mercury,2007,Montego,Sedan
Mercury,2006,Montego,Sedan
Mercury,2005,Montego,Sedan
Mercury,2007,Monterey,Van/Minivan
Mercury,2006,Monterey,Van/Minivan
Mercury,2005,Monterey,Van/Minivan
Mercury,2004,Monterey,Van/Minivan
Mercury,2010,Mountaineer,SUV
Mercury,2009,Mountaineer,SUV
Mercury,2008,Mountaineer,SUV
Mercury,2007,Mountaineer,SUV
Mercury,2006,Mountaineer,SUV
Mercury,2005,Mountaineer,SUV
Mercury,2004,Mountaineer,SUV
Mercury,2003,Mountaineer,SUV
Mercury,2002,Mountaineer,SUV
Mercury,2001,Mountaineer,SUV
Mercury,2000,Mountaineer,SUV
Mercury,1999,Mountaineer,SUV
Mercury,1998,Mountaineer,SUV
Mercury,1997,Mountaineer,SUV
Mercury,2000,Mystique,Sedan
Mercury,1999,Mystique,Sedan
Mercury,1998,Mystique,Sedan
Mercury,1997,Mystique,Sedan
Mercury,1996,Mystique,Sedan
Mercury,1995,Mystique,Sedan
Mercury,2009,Sable,Sedan
Mercury,2008,Sable,Sedan
Mercury,2005,Sable,"Sedan, Wagon"
Mercury,2004,Sable,"Sedan, Wagon"
Mercury,2003,Sable,"Sedan, Wagon"
Mercury,2002,Sable,"Sedan, Wagon"
Mercury,2001,Sable,"Sedan, Wagon"
Mercury,2000,Sable,"Wagon, Sedan"
Mercury,1999,Sable,"Sedan, Wagon"
Mercury,1998,Sable,"Wagon, Sedan"
Mercury,1997,Sable,"Sedan, Wagon"
Mercury,1996,Sable,"Sedan, Wagon"
Mercury,1995,Sable,"Wagon, Sedan"
Mercury,1994,Sable,"Wagon, Sedan"
Mercury,1993,Sable,"Sedan, Wagon"
Mercury,1992,Sable,"Sedan, Wagon"
Mercury,1994,Topaz,Sedan
Mercury,1993,Topaz,"Sedan, Coupe"
Mercury,1992,Topaz,"Sedan, Coupe"
Mercury,1999,Tracer,"Sedan, Wagon"
Mercury,1998,Tracer,"Sedan, Wagon"
Mercury,1997,Tracer,"Sedan, Wagon"
Mercury,1996,Tracer,"Sedan, Wagon"
Mercury,1995,Tracer,"Sedan, Wagon"
Mercury,1994,Tracer,"Wagon, Sedan"
Mercury,1993,Tracer,"Sedan, Wagon"
Mercury,1992,Tracer,"Sedan, Wagon"
Mercury,2002,Villager,Van/Minivan
Mercury,2001,Villager,Van/Minivan
Mercury,2000,Villager,Van/Minivan
Mercury,1999,Villager,Van/Minivan
Mercury,1998,Villager,Van/Minivan
Mercury,1997,Villager,Van/Minivan
Mercury,1996,Villager,Van/Minivan
Mercury,1995,Villager,Van/Minivan
Mercury,1994,Villager,Van/Minivan
Mercury,1993,Villager,Van/Minivan
MINI,2019,Clubman,Hatchback
MINI,2018,Clubman,Hatchback
MINI,2017,Clubman,Hatchback
MINI,2016,Clubman,Hatchback
MINI,2014,Clubman,Hatchback
MINI,2013,Clubman,Hatchback
MINI,2012,Clubman,Hatchback
MINI,2011,Clubman,Hatchback
MINI,2010,Clubman,Hatchback
MINI,2009,Clubman,Hatchback
MINI,2008,Clubman,Hatchback
MINI,2019,Convertible,Convertible
MINI,2018,Convertible,Convertible
MINI,2017,Convertible,Convertible
MINI,2016,Convertible,Convertible
MINI,2015,Convertible,Convertible
MINI,2014,Convertible,Convertible
MINI,2013,Convertible,Convertible
MINI,2012,Convertible,Convertible
MINI,2011,Convertible,Convertible
MINI,2010,Convertible,Convertible
MINI,2009,Convertible,Convertible
MINI,2008,Convertible,Convertible
MINI,2007,Convertible,Convertible
MINI,2006,Convertible,Convertible
MINI,2005,Convertible,Convertible
MINI,2008,Cooper,Hatchback
MINI,2007,Cooper,Hatchback
MINI,2006,Cooper,Hatchback
MINI,2005,Cooper,Hatchback
MINI,2004,Cooper,Hatchback
MINI,2003,Cooper,Hatchback
MINI,2002,Cooper,Hatchback
MINI,2020,Countryman,SUV
MINI,2019,Countryman,SUV
MINI,2018,Countryman,SUV
MINI,2017,Countryman,SUV
MINI,2016,Countryman,SUV
MINI,2015,Countryman,Hatchback
MINI,2014,Countryman,Hatchback
MINI,2013,Countryman,Hatchback
MINI,2012,Countryman,Hatchback
MINI,2011,Countryman,Hatchback
MINI,2015,Coupe,Coupe
MINI,2014,Coupe,Coupe
MINI,2013,Coupe,Coupe
MINI,2012,Coupe,Coupe
MINI,2014,Hardtop,Hatchback
MINI,2013,Hardtop,Hatchback
MINI,2012,Hardtop,Hatchback
MINI,2011,Hardtop,Hatchback
MINI,2010,Hardtop,Hatchback
MINI,2009,Hardtop,Hatchback
MINI,2019,Hardtop 2 Door,Hatchback
MINI,2018,Hardtop 2 Door,Hatchback
MINI,2017,Hardtop 2 Door,Hatchback
MINI,2016,Hardtop 2 Door,Hatchback
MINI,2015,Hardtop 2 Door,Hatchback
MINI,2019,Hardtop 4 Door,Hatchback
MINI,2018,Hardtop 4 Door,Hatchback
MINI,2017,Hardtop 4 Door,Hatchback
MINI,2016,Hardtop 4 Door,Hatchback
MINI,2015,Hardtop 4 Door,Hatchback
MINI,2016,Paceman,Hatchback
MINI,2015,Paceman,Hatchback
MINI,2014,Paceman,Hatchback
MINI,2013,Paceman,Hatchback
MINI,2015,Roadster,Convertible
MINI,2014,Roadster,Convertible
MINI,2013,Roadster,Convertible
MINI,2012,Roadster,Convertible
Mitsubishi,1999,3000GT,Hatchback
Mitsubishi,1998,3000GT,Hatchback
Mitsubishi,1997,3000GT,Hatchback
Mitsubishi,1996,3000GT,"Coupe, Convertible"
Mitsubishi,1995,3000GT,"Convertible, Hatchback"
Mitsubishi,1994,3000GT,Coupe
Mitsubishi,1993,3000GT,Hatchback
Mitsubishi,1992,3000GT,Hatchback
Mitsubishi,2004,Diamante,Sedan
Mitsubishi,2003,Diamante,Sedan
Mitsubishi,2002,Diamante,Sedan
Mitsubishi,2001,Diamante,Sedan
Mitsubishi,2000,Diamante,Sedan
Mitsubishi,1999,Diamante,Sedan
Mitsubishi,1998,Diamante,Sedan
Mitsubishi,1997,Diamante,Sedan
Mitsubishi,1996,Diamante,Sedan
Mitsubishi,1995,Diamante,"Sedan, Wagon"
Mitsubishi,1994,Diamante,"Sedan, Wagon"
Mitsubishi,1993,Diamante,"Sedan, Wagon"
Mitsubishi,1992,Diamante,Sedan
Mitsubishi,2012,Eclipse,"Coupe, Convertible"
Mitsubishi,2011,Eclipse,"Coupe, Convertible"
Mitsubishi,2010,Eclipse,"Coupe, Convertible"
Mitsubishi,2009,Eclipse,"Coupe, Convertible"
Mitsubishi,2008,Eclipse,"Convertible, Coupe"
Mitsubishi,2007,Eclipse,"Convertible, Coupe"
Mitsubishi,2006,Eclipse,Coupe
Mitsubishi,2005,Eclipse,"Coupe, Convertible"
Mitsubishi,2004,Eclipse,"Coupe, Convertible"
Mitsubishi,2003,Eclipse,"Coupe, Convertible"
Mitsubishi,2002,Eclipse,"Coupe, Convertible"
Mitsubishi,2001,Eclipse,"Hatchback, Convertible"
Mitsubishi,2000,Eclipse,Coupe
Mitsubishi,1999,Eclipse,"Coupe, Convertible"
Mitsubishi,1998,Eclipse,"Coupe, Convertible"
Mitsubishi,1997,Eclipse,"Coupe, Convertible"
Mitsubishi,1996,Eclipse,"Hatchback, Convertible"
Mitsubishi,1995,Eclipse,Hatchback
Mitsubishi,1994,Eclipse,Coupe
Mitsubishi,1993,Eclipse,Hatchback
Mitsubishi,1992,Eclipse,Hatchback
Mitsubishi,2026,Eclipse Cross,SUV
Mitsubishi,2025,Eclipse Cross,SUV
Mitsubishi,2024,Eclipse Cross,SUV
Mitsubishi,2023,Eclipse Cross,SUV
Mitsubishi,2022,Eclipse Cross,SUV
Mitsubishi,2020,Eclipse Cross,SUV
Mitsubishi,2019,Eclipse Cross,SUV
Mitsubishi,2018,Eclipse Cross,SUV
Mitsubishi,2011,Endeavor,SUV
Mitsubishi,2010,Endeavor,SUV
Mitsubishi,2008,Endeavor,SUV
Mitsubishi,2007,Endeavor,SUV
Mitsubishi,2006,Endeavor,SUV
Mitsubishi,2005,Endeavor,SUV
Mitsubishi,2004,Endeavor,SUV
Mitsubishi,1995,Expo,Wagon
Mitsubishi,1994,Expo,Wagon
Mitsubishi,1993,Expo,Wagon
Mitsubishi,1992,Expo,Wagon
Mitsubishi,2012,Galant,Sedan
Mitsubishi,2011,Galant,Sedan
Mitsubishi,2010,Galant,Sedan
Mitsubishi,2009,Galant,Sedan
Mitsubishi,2008,Galant,Sedan
Mitsubishi,2007,Galant,Sedan
Mitsubishi,2006,Galant,Sedan
Mitsubishi,2005,Galant,Sedan
Mitsubishi,2004,Galant,Sedan
Mitsubishi,2003,Galant,Sedan
Mitsubishi,2002,Galant,Sedan
Mitsubishi,2001,Galant,Sedan
Mitsubishi,2000,Galant,Sedan
Mitsubishi,1999,Galant,Sedan
Mitsubishi,1998,Galant,Sedan
Mitsubishi,1997,Galant,Sedan
Mitsubishi,1996,Galant,Sedan
Mitsubishi,1995,Galant,Sedan
Mitsubishi,1994,Galant,Sedan
Mitsubishi,1993,Galant,Sedan
Mitsubishi,1992,Galant,Sedan
Mitsubishi,2017,i-MiEV,Hatchback
Mitsubishi,2016,i-MiEV,Hatchback
Mitsubishi,2014,i-MiEV,Hatchback
Mitsubishi,2012,i-MiEV,Hatchback
Mitsubishi,2017,Lancer,Sedan
Mitsubishi,2016,Lancer,Sedan
Mitsubishi,2015,Lancer,Sedan
Mitsubishi,2014,Lancer,"Sedan, Hatchback"
Mitsubishi,2013,Lancer,"Sedan, Hatchback"
Mitsubishi,2012,Lancer,"Sedan, Hatchback"
Mitsubishi,2011,Lancer,"Sedan, Hatchback"
Mitsubishi,2010,Lancer,"Sedan, Hatchback"
Mitsubishi,2009,Lancer,Sedan
Mitsubishi,2008,Lancer,Sedan
Mitsubishi,2007,Lancer,Sedan
Mitsubishi,2006,Lancer,Sedan
Mitsubishi,2005,Lancer,Sedan
Mitsubishi,2004,Lancer,"Sedan, Wagon"
Mitsubishi,2003,Lancer,Sedan
Mitsubishi,2002,Lancer,Sedan
Mitsubishi,2015,Lancer Evolution,Sedan
Mitsubishi,1994,Mighty Max Macro Cab,Pickup
Mitsubishi,1993,Mighty Max Macro Cab,Pickup
Mitsubishi,1992,Mighty Max Macro Cab,Pickup
Mitsubishi,1996,Mighty Max Regular Cab,Pickup
Mitsubishi,1995,Mighty Max Regular Cab,Pickup
Mitsubishi,1994,Mighty Max Regular Cab,Pickup
Mitsubishi,1993,Mighty Max Regular Cab,Pickup
Mitsubishi,1992,Mighty Max Regular Cab,Pickup
Mitsubishi,2020,Mirage,Hatchback
Mitsubishi,2019,Mirage,Hatchback
Mitsubishi,2018,Mirage,Hatchback
Mitsubishi,2017,Mirage,Hatchback
Mitsubishi,2015,Mirage,Hatchback
Mitsubishi,2014,Mirage,Hatchback
Mitsubishi,2002,Mirage,Coupe
Mitsubishi,2001,Mirage,"Coupe, Sedan"
Mitsubishi,2000,Mirage,"Coupe, Sedan"
Mitsubishi,1999,Mirage,"Sedan, Coupe"
Mitsubishi,1998,Mirage,"Sedan, Coupe"
Mitsubishi,1997,Mirage,"Sedan, Coupe"
Mitsubishi,1996,Mirage,"Coupe, Sedan"
Mitsubishi,1995,Mirage,"Sedan, Coupe"
Mitsubishi,1994,Mirage,"Sedan, Coupe"
Mitsubishi,1993,Mirage,"Sedan, Coupe"
Mitsubishi,1992,Mirage,"Hatchback, Sedan"
Mitsubishi,2020,Mirage G4,Sedan
Mitsubishi,2019,Mirage G4,Sedan
Mitsubishi,2018,Mirage G4,Sedan
Mitsubishi,2017,Mirage G4,Sedan
Mitsubishi,2006,Montero,SUV
Mitsubishi,2005,Montero,SUV
Mitsubishi,2004,Montero,SUV
Mitsubishi,2003,Montero,SUV
Mitsubishi,2002,Montero,SUV
Mitsubishi,2001,Montero,SUV
Mitsubishi,2000,Montero,SUV
Mitsubishi,1999,Montero,SUV
Mitsubishi,1998,Montero,SUV
Mitsubishi,1997,Montero,SUV
Mitsubishi,1996,Montero,SUV
Mitsubishi,1995,Montero,SUV
Mitsubishi,1994,Montero,SUV
Mitsubishi,1993,Montero,SUV
Mitsubishi,1992,Montero,SUV
Mitsubishi,2004,Montero Sport,SUV
Mitsubishi,2003,Montero Sport,SUV
Mitsubishi,2002,Montero Sport,SUV
Mitsubishi,2001,Montero Sport,SUV
Mitsubishi,2000,Montero Sport,SUV
Mitsubishi,1999,Montero Sport,SUV
Mitsubishi,1998,Montero Sport,SUV
Mitsubishi,1997,Montero Sport,SUV
Mitsubishi,2020,Outlander,SUV
Mitsubishi,2019,Outlander,SUV
Mitsubishi,2018,Outlander,SUV
Mitsubishi,2017,Outlander,SUV
Mitsubishi,2016,Outlander,SUV
Mitsubishi,2015,Outlander,SUV
Mitsubishi,2014,Outlander,SUV
Mitsubishi,2013,Outlander,SUV
Mitsubishi,2012,Outlander,SUV
Mitsubishi,2011,Outlander,SUV
Mitsubishi,2010,Outlander,SUV
Mitsubishi,2009,Outlander,SUV
Mitsubishi,2008,Outlander,SUV
Mitsubishi,2007,Outlander,SUV
Mitsubishi,2006,Outlander,SUV
Mitsubishi,2005,Outlander,SUV
Mitsubishi,2004,Outlander,SUV
Mitsubishi,2003,Outlander,SUV
Mitsubishi,2020,Outlander PHEV,SUV
Mitsubishi,2019,Outlander PHEV,SUV
Mitsubishi,2018,Outlander PHEV,SUV
Mitsubishi,2021,Outlander Sport,SUV
Mitsubishi,2020,Outlander Sport,SUV
Mitsubishi,2019,Outlander Sport,SUV
Mitsubishi,2018,Outlander Sport,SUV
Mitsubishi,2017,Outlander Sport,SUV
Mitsubishi,2016,Outlander Sport,SUV
Mitsubishi,2015,Outlander Sport,SUV
Mitsubishi,2014,Outlander Sport,SUV
Mitsubishi,2013,Outlander Sport,SUV
Mitsubishi,2012,Outlander Sport,SUV
Mitsubishi,2011,Outlander Sport,SUV
Mitsubishi,1994,Precis,Hatchback
Mitsubishi,1993,Precis,Hatchback
Mitsubishi,1992,Precis,Hatchback
Mitsubishi,2009,Raider Double Cab,Pickup
Mitsubishi,2008,Raider Double Cab,Pickup
Mitsubishi,2007,Raider Double Cab,Pickup
Mitsubishi,2006,Raider Double Cab,Pickup
Mitsubishi,2009,Raider Extended Cab,Pickup
Mitsubishi,2008,Raider Extended Cab,Pickup
Mitsubishi,2007,Raider Extended Cab,Pickup
Mitsubishi,2006,Raider Extended Cab,Pickup
Nissan,1998,200SX,Coupe
Nissan,1997,200SX,Coupe
Nissan,1996,200SX,Coupe
Nissan,1995,200SX,Coupe
Nissan,1998,240SX,Coupe
Nissan,1997,240SX,Coupe
Nissan,1996,240SX,Coupe
Nissan,1995,240SX,Coupe
Nissan,1994,240SX,Convertible
Nissan,1993,240SX,"Hatchback, Coupe, Convertible"
Nissan,1992,240SX,"Hatchback, Coupe, Convertible"
Nissan,1996,300ZX,"Hatchback, Convertible"
Nissan,1995,300ZX,"Hatchback, Convertible"
Nissan,1994,300ZX,"Hatchback, Convertible"
Nissan,1993,300ZX,"Hatchback, Convertible"
Nissan,1992,300ZX,Hatchback
Nissan,2009,350Z,Convertible
Nissan,2008,350Z,"Coupe, Convertible"
Nissan,2007,350Z,"Coupe, Convertible"
Nissan,2006,350Z,"Convertible, Coupe"
Nissan,2005,350Z,"Coupe, Convertible"
Nissan,2004,350Z,"Coupe, Convertible"
Nissan,2003,350Z,Coupe
Nissan,2020,370Z,Coupe
Nissan,2019,370Z,"Coupe, Convertible"
Nissan,2018,370Z,"Coupe, Convertible"
Nissan,2017,370Z,"Coupe, Convertible"
Nissan,2016,370Z,"Coupe, Convertible"
Nissan,2015,370Z,"Coupe, Convertible"
Nissan,2014,370Z,"Coupe, Convertible"
Nissan,2013,370Z,"Coupe, Convertible"
Nissan,2012,370Z,"Convertible, Coupe"
Nissan,2011,370Z,"Coupe, Convertible"
Nissan,2010,370Z,"Convertible, Coupe"
Nissan,2009,370Z,Coupe
Nissan,2021,Altima,Sedan
Nissan,2020,Altima,Sedan
Nissan,2019,Altima,Sedan
Nissan,2018,Altima,Sedan
Nissan,2017,Altima,Sedan
Nissan,2016,Altima,Sedan
Nissan,2015,Altima,Sedan
Nissan,2014,Altima,Sedan
Nissan,2013,Altima,"Sedan, Coupe"
Nissan,2012,Altima,"Coupe, Sedan"
Nissan,2011,Altima,"Coupe, Sedan"
Nissan,2010,Altima,"Sedan, Coupe"
Nissan,2009,Altima,"Sedan, Coupe"
Nissan,2008,Altima,"Sedan, Coupe"
Nissan,2007,Altima,Sedan
Nissan,2006,Altima,Sedan
Nissan,2005,Altima,Sedan
Nissan,2004,Altima,Sedan
Nissan,2003,Altima,Sedan
Nissan,2002,Altima,Sedan
Nissan,2001,Altima,Sedan
Nissan,2000,Altima,Sedan
Nissan,1999,Altima,Sedan
Nissan,1998,Altima,Sedan
Nissan,1997,Altima,Sedan
Nissan,1996,Altima,Sedan
Nissan,1995,Altima,Sedan
Nissan,1994,Altima,Sedan
Nissan,1993,Altima,Sedan
Nissan,2020,Armada,SUV
Nissan,2019,Armada,SUV
Nissan,2018,Armada,SUV
Nissan,2017,Armada,SUV
Nissan,2015,Armada,SUV
Nissan,2014,Armada,SUV
Nissan,2013,Armada,SUV
Nissan,2012,Armada,SUV
Nissan,2011,Armada,SUV
Nissan,2010,Armada,SUV
Nissan,2009,Armada,SUV
Nissan,2008,Armada,SUV
Nissan,2007,Armada,SUV
Nissan,2006,Armada,SUV
Nissan,2005,Armada,SUV
Nissan,2014,cube,Wagon
Nissan,2013,cube,Wagon
Nissan,2012,cube,Wagon
Nissan,2011,cube,Wagon
Nissan,2010,cube,Wagon
Nissan,2009,cube,Wagon
Nissan,2026,Frontier Crew Cab,Pickup
Nissan,2025,Frontier Crew Cab,Pickup
Nissan,2024,Frontier Crew Cab,Pickup
Nissan,2023,Frontier Crew Cab,Pickup
Nissan,2022,Frontier Crew Cab,Pickup
Nissan,2021,Frontier Crew Cab,Pickup
Nissan,2019,Frontier Crew Cab,Pickup
Nissan,2018,Frontier Crew Cab,Pickup
Nissan,2017,Frontier Crew Cab,Pickup
Nissan,2016,Frontier Crew Cab,Pickup
Nissan,2015,Frontier Crew Cab,Pickup
Nissan,2014,Frontier Crew Cab,Pickup
Nissan,2013,Frontier Crew Cab,Pickup
Nissan,2012,Frontier Crew Cab,Pickup
Nissan,2011,Frontier Crew Cab,Pickup
Nissan,2010,Frontier Crew Cab,Pickup
Nissan,2009,Frontier Crew Cab,Pickup
Nissan,2008,Frontier Crew Cab,Pickup
Nissan,2007,Frontier Crew Cab,Pickup
Nissan,2006,Frontier Crew Cab,Pickup
Nissan,2005,Frontier Crew Cab,Pickup
Nissan,2004,Frontier Crew Cab,Pickup
Nissan,2003,Frontier Crew Cab,Pickup
Nissan,2002,Frontier Crew Cab,Pickup
Nissan,2001,Frontier Crew Cab,Pickup
Nissan,2000,Frontier Crew Cab,Pickup
Nissan,2021,Frontier King Cab,Pickup
Nissan,2019,Frontier King Cab,Pickup
Nissan,2018,Frontier King Cab,Pickup
Nissan,2017,Frontier King Cab,Pickup
Nissan,2016,Frontier King Cab,Pickup
Nissan,2015,Frontier King Cab,Pickup
Nissan,2014,Frontier King Cab,Pickup
Nissan,2013,Frontier King Cab,Pickup
Nissan,2012,Frontier King Cab,Pickup
Nissan,2011,Frontier King Cab,Pickup
Nissan,2010,Frontier King Cab,Pickup
Nissan,2009,Frontier King Cab,Pickup
Nissan,2008,Frontier King Cab,Pickup
Nissan,2007,Frontier King Cab,Pickup
Nissan,2006,Frontier King Cab,Pickup
Nissan,2005,Frontier King Cab,Pickup
Nissan,2004,Frontier King Cab,Pickup
Nissan,2003,Frontier King Cab,Pickup
Nissan,2002,Frontier King Cab,Pickup
Nissan,2001,Frontier King Cab,Pickup
Nissan,2000,Frontier King Cab,Pickup
Nissan,1999,Frontier King Cab,Pickup
Nissan,1998,Frontier King Cab,Pickup
Nissan,2001,Frontier Regular Cab,Pickup
Nissan,2000,Frontier Regular Cab,Pickup
Nissan,1999,Frontier Regular Cab,Pickup
Nissan,1998,Frontier Regular Cab,Pickup
Nissan,2020,GT-R,Coupe
Nissan,2019,GT-R,Coupe
Nissan,2018,GT-R,Coupe
Nissan,2017,GT-R,Coupe
Nissan,2016,GT-R,Coupe
Nissan,2015,GT-R,Coupe
Nissan,2014,GT-R,Coupe
Nissan,2013,GT-R,Coupe
Nissan,2012,GT-R,Coupe
Nissan,2011,GT-R,Coupe
Nissan,2010,GT-R,Coupe
Nissan,2009,GT-R,Coupe
Nissan,2017,JUKE,SUV
Nissan,2016,JUKE,SUV
Nissan,2015,JUKE,SUV
Nissan,2014,JUKE,SUV
Nissan,2013,JUKE,SUV
Nissan,2012,JUKE,SUV
Nissan,2011,JUKE,SUV
Nissan,2021,Kicks,SUV
Nissan,2020,Kicks,SUV
Nissan,2019,Kicks,SUV
Nissan,2018,Kicks,SUV
Nissan,1997,King Cab,Pickup
Nissan,1996,King Cab,Pickup
Nissan,1995,King Cab,Pickup
Nissan,1994,King Cab,Pickup
Nissan,1993,King Cab,Pickup
Nissan,1992,King Cab,Pickup
Nissan,2021,LEAF,Hatchback
Nissan,2019,LEAF,Hatchback
Nissan,2018,LEAF,Hatchback
Nissan,2017,LEAF,Hatchback
Nissan,2016,LEAF,Hatchback
Nissan,2015,LEAF,Hatchback
Nissan,2014,LEAF,Hatchback
Nissan,2013,LEAF,Hatchback
Nissan,2012,LEAF,Hatchback
Nissan,2011,LEAF,Hatchback
Nissan,2021,Maxima,Sedan
Nissan,2020,Maxima,Sedan
Nissan,2019,Maxima,Sedan
Nissan,2018,Maxima,Sedan
Nissan,2017,Maxima,Sedan
Nissan,2016,Maxima,Sedan
Nissan,2014,Maxima,Sedan
Nissan,2013,Maxima,Sedan
Nissan,2012,Maxima,Sedan
Nissan,2011,Maxima,Sedan
Nissan,2010,Maxima,Sedan
Nissan,2009,Maxima,Sedan
Nissan,2008,Maxima,Sedan
Nissan,2007,Maxima,Sedan
Nissan,2006,Maxima,Sedan
Nissan,2005,Maxima,Sedan
Nissan,2004,Maxima,Sedan
Nissan,2003,Maxima,Sedan
Nissan,2002,Maxima,Sedan
Nissan,2001,Maxima,Sedan
Nissan,2000,Maxima,Sedan
Nissan,1999,Maxima,Sedan
Nissan,1998,Maxima,Sedan
Nissan,1997,Maxima,Sedan
Nissan,1996,Maxima,Sedan
Nissan,1995,Maxima,Sedan
Nissan,1994,Maxima,Sedan
Nissan,1993,Maxima,Sedan
Nissan,1992,Maxima,Sedan
Nissan,2021,Murano,SUV
Nissan,2020,Murano,SUV
Nissan,2019,Murano,SUV
Nissan,2018,Murano,SUV
Nissan,2017,Murano,SUV
Nissan,2016,Murano,SUV
Nissan,2015,Murano,SUV
Nissan,2014,Murano,SUV
Nissan,2013,Murano,SUV
Nissan,2012,Murano,SUV
Nissan,2011,Murano,SUV
Nissan,2010,Murano,SUV
Nissan,2009,Murano,SUV
Nissan,2007,Murano,SUV
Nissan,2006,Murano,SUV
Nissan,2005,Murano,SUV
Nissan,2004,Murano,SUV
Nissan,2003,Murano,SUV
Nissan,2020,NV1500 Cargo,Van/Minivan
Nissan,2019,NV1500 Cargo,Van/Minivan
Nissan,2018,NV1500 Cargo,Van/Minivan
Nissan,2017,NV1500 Cargo,Van/Minivan
Nissan,2016,NV1500 Cargo,Van/Minivan
Nissan,2015,NV1500 Cargo,Van/Minivan
Nissan,2014,NV1500 Cargo,Van/Minivan
Nissan,2013,NV1500 Cargo,Van/Minivan
Nissan,2012,NV1500 Cargo,Van/Minivan
Nissan,2020,NV200,Van/Minivan
Nissan,2019,NV200,Van/Minivan
Nissan,2018,NV200,Van/Minivan
Nissan,2017,NV200,Van/Minivan
Nissan,2016,NV200,Van/Minivan
Nissan,2015,NV200,Van/Minivan
Nissan,2014,NV200,Van/Minivan
Nissan,2013,NV200,Van/Minivan
Nissan,2019,NV200 Taxi,Van/Minivan
Nissan,2016,NV200 Taxi,Van/Minivan
Nissan,2015,NV200 Taxi,Van/Minivan
Nissan,2020,NV2500 HD Cargo,Van/Minivan
Nissan,2019,NV2500 HD Cargo,Van/Minivan
Nissan,2018,NV2500 HD Cargo,Van/Minivan
Nissan,2017,NV2500 HD Cargo,Van/Minivan
Nissan,2016,NV2500 HD Cargo,Van/Minivan
Nissan,2015,NV2500 HD Cargo,Van/Minivan
Nissan,2014,NV2500 HD Cargo,Van/Minivan
Nissan,2013,NV2500 HD Cargo,Van/Minivan
Nissan,2012,NV2500 HD Cargo,Van/Minivan
Nissan,2021,NV3500 HD Cargo,Van/Minivan
Nissan,2020,NV3500 HD Cargo,Van/Minivan
Nissan,2019,NV3500 HD Cargo,Van/Minivan
Nissan,2018,NV3500 HD Cargo,Van/Minivan
Nissan,2017,NV3500 HD Cargo,Van/Minivan
Nissan,2016,NV3500 HD Cargo,Van/Minivan
Nissan,2015,NV3500 HD Cargo,Van/Minivan
Nissan,2014,NV3500 HD Cargo,Van/Minivan
Nissan,2013,NV3500 HD Cargo,Van/Minivan
Nissan,2012,NV3500 HD Cargo,Van/Minivan
Nissan,2020,NV3500 HD Passenger,Van/Minivan
Nissan,2019,NV3500 HD Passenger,Van/Minivan
Nissan,2018,NV3500 HD Passenger,Van/Minivan
Nissan,2017,NV3500 HD Passenger,Van/Minivan
Nissan,2016,NV3500 HD Passenger,Van/Minivan
Nissan,2015,NV3500 HD Passenger,Van/Minivan
Nissan,2014,NV3500 HD Passenger,Van/Minivan
Nissan,2013,NV3500 HD Passenger,Van/Minivan
Nissan,2012,NV3500 HD Passenger,Van/Minivan
Nissan,1993,NX,Hatchback
Nissan,1992,NX,Hatchback
Nissan,2026,Pathfinder,SUV
Nissan,2025,Pathfinder,SUV
Nissan,2024,Pathfinder,SUV
Nissan,2023,Pathfinder,SUV
Nissan,2022,Pathfinder,SUV
Nissan,2020,Pathfinder,SUV
Nissan,2019,Pathfinder,SUV
Nissan,2018,Pathfinder,SUV
Nissan,2017,Pathfinder,SUV
Nissan,2016,Pathfinder,SUV
Nissan,2015,Pathfinder,SUV
Nissan,2014,Pathfinder,SUV
Nissan,2013,Pathfinder,SUV
Nissan,2012,Pathfinder,SUV
Nissan,2011,Pathfinder,SUV
Nissan,2010,Pathfinder,SUV
Nissan,2009,Pathfinder,SUV
Nissan,2008,Pathfinder,SUV
Nissan,2007,Pathfinder,SUV
Nissan,2006,Pathfinder,SUV
Nissan,2005,Pathfinder,SUV
Nissan,2004,Pathfinder,SUV
Nissan,2003,Pathfinder,SUV
Nissan,2002,Pathfinder,SUV
Nissan,2001,Pathfinder,SUV
Nissan,2000,Pathfinder,SUV
Nissan,1999,Pathfinder,SUV
Nissan,1998,Pathfinder,SUV
Nissan,1997,Pathfinder,SUV
Nissan,1996,Pathfinder,SUV
Nissan,1995,Pathfinder,SUV
Nissan,1994,Pathfinder,SUV
Nissan,1993,Pathfinder,SUV
Nissan,1992,Pathfinder,SUV
Nissan,2004,Pathfinder Armada,SUV
Nissan,2017,Quest,Van/Minivan
Nissan,2016,Quest,Van/Minivan
Nissan,2015,Quest,Van/Minivan
Nissan,2014,Quest,Van/Minivan
Nissan,2013,Quest,Van/Minivan
Nissan,2012,Quest,Van/Minivan
Nissan,2011,Quest,Van/Minivan
Nissan,2009,Quest,Van/Minivan
Nissan,2008,Quest,Van/Minivan
Nissan,2007,Quest,Van/Minivan
Nissan,2006,Quest,Van/Minivan
Nissan,2005,Quest,Van/Minivan
Nissan,2004,Quest,Van/Minivan
Nissan,2002,Quest,Van/Minivan
Nissan,2001,Quest,Van/Minivan
Nissan,2000,Quest,Van/Minivan
Nissan,1999,Quest,Van/Minivan
Nissan,1998,Quest,Van/Minivan
Nissan,1997,Quest,Van/Minivan
Nissan,1996,Quest,Van/Minivan
Nissan,1995,Quest,Van/Minivan
Nissan,1994,Quest,Van/Minivan
Nissan,1993,Quest,Van/Minivan
Nissan,1997,Regular Cab,Pickup
Nissan,1996,Regular Cab,Pickup
Nissan,1995,Regular Cab,Pickup
Nissan,1994,Regular Cab,Pickup
Nissan,1993,Regular Cab,Pickup
Nissan,1992,Regular Cab,Pickup
Nissan,2021,Rogue,SUV
Nissan,2020,Rogue,SUV
Nissan,2019,Rogue,SUV
Nissan,2018,Rogue,SUV
Nissan,2017,Rogue,SUV
Nissan,2016,Rogue,SUV
Nissan,2015,Rogue,SUV
Nissan,2014,Rogue,SUV
Nissan,2013,Rogue,SUV
Nissan,2012,Rogue,SUV
Nissan,2011,Rogue,SUV
Nissan,2010,Rogue,SUV
Nissan,2009,Rogue,SUV
Nissan,2008,Rogue,SUV
Nissan,2015,Rogue Select,SUV
Nissan,2014,Rogue Select,SUV
Nissan,2020,Rogue Sport,SUV
Nissan,2019,Rogue Sport,SUV
Nissan,2018,Rogue Sport,SUV
Nissan,2017,Rogue Sport,SUV
Nissan,2021,Sentra,Sedan
Nissan,2019,Sentra,Sedan
Nissan,2018,Sentra,Sedan
Nissan,2017,Sentra,Sedan
Nissan,2016,Sentra,Sedan
Nissan,2015,Sentra,Sedan
Nissan,2014,Sentra,Sedan
Nissan,2013,Sentra,Sedan
Nissan,2012,Sentra,Sedan
Nissan,2011,Sentra,Sedan
Nissan,2010,Sentra,Sedan
Nissan,2009,Sentra,Sedan
Nissan,2008,Sentra,Sedan
Nissan,2007,Sentra,Sedan
Nissan,2006,Sentra,Sedan
Nissan,2005,Sentra,Sedan
Nissan,2004,Sentra,Sedan
Nissan,2003,Sentra,Sedan
Nissan,2002,Sentra,Sedan
Nissan,2001,Sentra,Sedan
Nissan,2000,Sentra,Sedan
Nissan,1999,Sentra,Sedan
Nissan,1998,Sentra,Sedan
Nissan,1997,Sentra,Sedan
Nissan,1996,Sentra,Sedan
Nissan,1995,Sentra,Sedan
Nissan,1994,Sentra,Sedan
Nissan,1993,Sentra,"Coupe, Sedan"
Nissan,1992,Sentra,"Coupe, Sedan"
Nissan,1992,Stanza,Sedan
Nissan,2019,Titan Crew Cab,Pickup
Nissan,2018,Titan Crew Cab,Pickup
Nissan,2017,Titan Crew Cab,Pickup
Nissan,2015,Titan Crew Cab,Pickup
Nissan,2014,Titan Crew Cab,Pickup
Nissan,2013,Titan Crew Cab,Pickup
Nissan,2012,Titan Crew Cab,Pickup
Nissan,2011,Titan Crew Cab,Pickup
Nissan,2010,Titan Crew Cab,Pickup
Nissan,2009,Titan Crew Cab,Pickup
Nissan,2008,Titan Crew Cab,Pickup
Nissan,2007,Titan Crew Cab,Pickup
Nissan,2006,Titan Crew Cab,Pickup
Nissan,2005,Titan Crew Cab,Pickup
Nissan,2004,Titan Crew Cab,Pickup
Nissan,2019,Titan King Cab,Pickup
Nissan,2018,Titan King Cab,Pickup
Nissan,2017,Titan King Cab,Pickup
Nissan,2015,Titan King Cab,Pickup
Nissan,2014,Titan King Cab,Pickup
Nissan,2013,Titan King Cab,Pickup
Nissan,2012,Titan King Cab,Pickup
Nissan,2011,Titan King Cab,Pickup
Nissan,2010,Titan King Cab,Pickup
Nissan,2009,Titan King Cab,Pickup
Nissan,2008,Titan King Cab,Pickup
Nissan,2007,Titan King Cab,Pickup
Nissan,2006,Titan King Cab,Pickup
Nissan,2005,Titan King Cab,Pickup
Nissan,2004,Titan King Cab,Pickup
Nissan,2019,TITAN Single Cab,Pickup
Nissan,2018,TITAN Single Cab,Pickup
Nissan,2017,TITAN Single Cab,Pickup
Nissan,2021,TITAN XD Crew Cab,Pickup
Nissan,2019,TITAN XD Crew Cab,Pickup
Nissan,2018,TITAN XD Crew Cab,Pickup
Nissan,2017,TITAN XD Crew Cab,Pickup
Nissan,2016,TITAN XD Crew Cab,Pickup
Nissan,2019,TITAN XD King Cab,Pickup
Nissan,2018,TITAN XD King Cab,Pickup
Nissan,2017,TITAN XD King Cab,Pickup
Nissan,2019,TITAN XD Single Cab,Pickup
Nissan,2018,TITAN XD Single Cab,Pickup
Nissan,2017,TITAN XD Single Cab,Pickup
Nissan,2021,Versa,Sedan
Nissan,2020,Versa,Sedan
Nissan,2019,Versa,Sedan
Nissan,2018,Versa,Sedan
Nissan,2017,Versa,Sedan
Nissan,2016,Versa,Sedan
Nissan,2015,Versa,"Sedan, Hatchback"
Nissan,2014,Versa,"Sedan, Hatchback"
Nissan,2013,Versa,Sedan
Nissan,2012,Versa,"Sedan, Hatchback"
Nissan,2011,Versa,"Sedan, Hatchback"
Nissan,2010,Versa,"Sedan, Hatchback"
Nissan,2009,Versa,"Sedan, Hatchback"
Nissan,2008,Versa,"Sedan, Hatchback"
Nissan,2007,Versa,"Hatchback, Sedan"
Nissan,2019,Versa Note,Hatchback
Nissan,2018,Versa Note,Hatchback
Nissan,2017,Versa Note,Hatchback
Nissan,2016,Versa Note,Hatchback
Nissan,2015,Xterra,SUV
Nissan,2014,Xterra,SUV
Nissan,2013,Xterra,SUV
Nissan,2012,Xterra,SUV
Nissan,2011,Xterra,SUV
Nissan,2010,Xterra,SUV
Nissan,2009,Xterra,SUV
Nissan,2008,Xterra,SUV
Nissan,2007,Xterra,SUV
Nissan,2006,Xterra,SUV
Nissan,2005,Xterra,SUV
Nissan,2004,Xterra,SUV
Nissan,2003,Xterra,SUV
Nissan,2002,Xterra,SUV
Nissan,2001,Xterra,SUV
Nissan,2000,Xterra,SUV
Oldsmobile,1999,88,Sedan
Oldsmobile,1998,88,Sedan
Oldsmobile,1997,88,Sedan
Oldsmobile,1996,88,Sedan
Oldsmobile,1995,88,Sedan
Oldsmobile,1994,88,Sedan
Oldsmobile,1993,88,Sedan
Oldsmobile,1992,88,Sedan
Oldsmobile,1996,98,Sedan
Oldsmobile,1995,98,Sedan
Oldsmobile,1994,98,Sedan
Oldsmobile,1993,98,Sedan
Oldsmobile,1992,98,Sedan
Oldsmobile,1998,Achieva,Sedan
Oldsmobile,1997,Achieva,"Sedan, Coupe"
Oldsmobile,1996,Achieva,"Sedan, Coupe"
Oldsmobile,1995,Achieva,"Sedan, Coupe"
Oldsmobile,1994,Achieva,"Sedan, Coupe"
Oldsmobile,1993,Achieva,"Coupe, Sedan"
Oldsmobile,1992,Achieva,"Sedan, Coupe"
Oldsmobile,2004,Alero,"Coupe, Sedan"
Oldsmobile,2003,Alero,"Sedan, Coupe"
Oldsmobile,2002,Alero,"Sedan, Coupe"
Oldsmobile,2001,Alero,"Sedan, Coupe"
Oldsmobile,2000,Alero,"Sedan, Coupe"
Oldsmobile,1999,Alero,"Sedan, Coupe"
Oldsmobile,2003,Aurora,Sedan
Oldsmobile,2002,Aurora,Sedan
Oldsmobile,2001,Aurora,Sedan
Oldsmobile,1999,Aurora,Sedan
Oldsmobile,1998,Aurora,Sedan
Oldsmobile,1997,Aurora,Sedan
Oldsmobile,1996,Aurora,Sedan
Oldsmobile,1995,Aurora,Sedan
Oldsmobile,2004,Bravada,SUV
Oldsmobile,2003,Bravada,SUV
Oldsmobile,2002,Bravada,SUV
Oldsmobile,2001,Bravada,SUV
Oldsmobile,2000,Bravada,SUV
Oldsmobile,1999,Bravada,SUV
Oldsmobile,1998,Bravada,SUV
Oldsmobile,1997,Bravada,SUV
Oldsmobile,1996,Bravada,SUV
Oldsmobile,1994,Bravada,SUV
Oldsmobile,1993,Bravada,SUV
Oldsmobile,1992,Bravada,SUV
Oldsmobile,1996,Ciera,"Sedan, Wagon"
Oldsmobile,1992,Custom Cruiser,Wagon
Oldsmobile,1999,Cutlass,Sedan
Oldsmobile,1998,Cutlass,Sedan
Oldsmobile,1997,Cutlass,Sedan
Oldsmobile,1995,Cutlass Ciera,"Sedan, Wagon"
Oldsmobile,1994,Cutlass Ciera,Sedan
Oldsmobile,1993,Cutlass Ciera,Sedan
Oldsmobile,1992,Cutlass Ciera,"Sedan, Wagon"
Oldsmobile,1994,Cutlass Cruiser,Wagon
Oldsmobile,1993,Cutlass Cruiser,Wagon
Oldsmobile,1997,Cutlass Supreme,"Sedan, Coupe"
Oldsmobile,1996,Cutlass Supreme,"Sedan, Coupe"
Oldsmobile,1995,Cutlass Supreme,"Convertible, Sedan, Coupe"
Oldsmobile,1994,Cutlass Supreme,"Convertible, Sedan, Coupe"
Oldsmobile,1993,Cutlass Supreme,"Coupe, Convertible, Sedan"
Oldsmobile,1992,Cutlass Supreme,"Sedan, Convertible, Coupe"
Oldsmobile,2002,Intrigue,Sedan
Oldsmobile,2001,Intrigue,Sedan
Oldsmobile,2000,Intrigue,Sedan
Oldsmobile,1999,Intrigue,Sedan
Oldsmobile,1998,Intrigue,Sedan
Oldsmobile,1999,LSS,Sedan
Oldsmobile,1998,LSS,Sedan
Oldsmobile,1997,LSS,Sedan
Oldsmobile,1998,Regency,Sedan
Oldsmobile,1997,Regency,Sedan
Oldsmobile,2004,Silhouette,Van/Minivan
Oldsmobile,2003,Silhouette,Van/Minivan
Oldsmobile,2002,Silhouette,Van/Minivan
Oldsmobile,2001,Silhouette,Van/Minivan
Oldsmobile,2000,Silhouette,Van/Minivan
Oldsmobile,1999,Silhouette,Van/Minivan
Oldsmobile,1998,Silhouette,Van/Minivan
Oldsmobile,1997,Silhouette,Van/Minivan
Oldsmobile,1996,Silhouette,Van/Minivan
Oldsmobile,1995,Silhouette,Van/Minivan
Oldsmobile,1994,Silhouette,Van/Minivan
Oldsmobile,1993,Silhouette,Van/Minivan
Oldsmobile,1992,Silhouette,Van/Minivan
Oldsmobile,1992,Toronado,Coupe
Panoz,2006,Esperante,"Coupe, Convertible"
Panoz,2005,Esperante,"Coupe, Convertible"
Plymouth,1995,Acclaim,Sedan
Plymouth,1994,Acclaim,Sedan
Plymouth,1993,Acclaim,Sedan
Plymouth,1992,Acclaim,Sedan
Plymouth,2000,Breeze,Sedan
Plymouth,1999,Breeze,Sedan
Plymouth,1998,Breeze,Sedan
Plymouth,1997,Breeze,Sedan
Plymouth,1996,Breeze,Sedan
Plymouth,1994,Colt,Sedan
Plymouth,1993,Colt,"Coupe, Sedan"
Plymouth,1992,Colt,Hatchback
Plymouth,1994,Colt Vista,Wagon
Plymouth,1993,Colt Vista,Wagon
Plymouth,1992,Colt Vista,Wagon
Plymouth,2000,Grand Voyager,Van/Minivan
Plymouth,1999,Grand Voyager,Van/Minivan
Plymouth,1998,Grand Voyager,Van/Minivan
Plymouth,1997,Grand Voyager,Van/Minivan
Plymouth,1996,Grand Voyager,Van/Minivan
Plymouth,1995,Grand Voyager,Van/Minivan
Plymouth,1994,Grand Voyager,Van/Minivan
Plymouth,1993,Grand Voyager,Van/Minivan
Plymouth,1992,Grand Voyager,Van/Minivan
Plymouth,1994,Laser,Hatchback
Plymouth,1993,Laser,Hatchback
Plymouth,1992,Laser,Hatchback
Plymouth,2001,Neon,Sedan
Plymouth,2000,Neon,Sedan
Plymouth,1999,Neon,"Coupe, Sedan"
Plymouth,1998,Neon,"Coupe, Sedan"
Plymouth,1997,Neon,"Sedan, Coupe"
Plymouth,1996,Neon,"Coupe, Sedan"
Plymouth,1995,Neon,"Sedan, Coupe"
Plymouth,2000,Prowler,Convertible
Plymouth,1999,Prowler,Convertible
Plymouth,1997,Prowler,Convertible
Plymouth,1994,Sundance,Hatchback
Plymouth,1993,Sundance,Hatchback
Plymouth,1992,Sundance,Hatchback
Plymouth,2000,Voyager,Van/Minivan
Plymouth,1999,Voyager,Van/Minivan
Plymouth,1998,Voyager,Van/Minivan
Plymouth,1997,Voyager,Van/Minivan
Plymouth,1996,Voyager,Van/Minivan
Plymouth,1995,Voyager,Van/Minivan
Plymouth,1994,Voyager,Van/Minivan
Plymouth,1993,Voyager,Van/Minivan
Plymouth,1992,Voyager,Van/Minivan
Polestar,2021,2,Hatchback
Pontiac,2005,Aztek,SUV
Pontiac,2004,Aztek,SUV
Pontiac,2003,Aztek,SUV
Pontiac,2002,Aztek,SUV
Pontiac,2001,Aztek,SUV
Pontiac,2005,Bonneville,Sedan
Pontiac,2004,Bonneville,Sedan
Pontiac,2003,Bonneville,Sedan
Pontiac,2002,Bonneville,Sedan
Pontiac,2001,Bonneville,Sedan
Pontiac,2000,Bonneville,Sedan
Pontiac,1999,Bonneville,Sedan
Pontiac,1998,Bonneville,Sedan
Pontiac,1997,Bonneville,Sedan
Pontiac,1996,Bonneville,Sedan
Pontiac,1995,Bonneville,Sedan
Pontiac,1994,Bonneville,Sedan
Pontiac,1993,Bonneville,Sedan
Pontiac,1992,Bonneville,Sedan
Pontiac,2002,Firebird,"Coupe, Convertible"
Pontiac,2001,Firebird,"Coupe, Convertible"
Pontiac,2000,Firebird,"Coupe, Convertible"
Pontiac,1999,Firebird,"Convertible, Coupe"
Pontiac,1998,Firebird,"Coupe, Convertible"
Pontiac,1997,Firebird,"Coupe, Convertible"
Pontiac,1996,Firebird,"Hatchback, Convertible"
Pontiac,1995,Firebird,"Convertible, Hatchback"
Pontiac,1994,Firebird,"Convertible, Hatchback"
Pontiac,1993,Firebird,Hatchback
Pontiac,1992,Firebird,"Hatchback, Convertible"
Pontiac,2010,G3,Hatchback
Pontiac,2009,G3,Hatchback
Pontiac,2009,G5,Coupe
Pontiac,2008,G5,Coupe
Pontiac,2007,G5,Coupe
Pontiac,2010,G6,Sedan
Pontiac,2009,G6,"Sedan, Coupe, Convertible"
Pontiac,2008,G6,"Sedan, Coupe, Convertible"
Pontiac,2007,G6,"Sedan, Coupe, Convertible"
Pontiac,2006,G6,"Coupe, Convertible, Sedan"
Pontiac,2005,G6,Sedan
Pontiac,2009,G6 (2009.5),"Coupe, Sedan, Convertible"
Pontiac,2009,G8,Sedan
Pontiac,2008,G8,Sedan
Pontiac,2005,Grand Am,"Sedan, Coupe"
Pontiac,2004,Grand Am,"Coupe, Sedan"
Pontiac,2003,Grand Am,"Sedan, Coupe"
Pontiac,2002,Grand Am,"Coupe, Sedan"
Pontiac,2001,Grand Am,"Coupe, Sedan"
Pontiac,2000,Grand Am,"Sedan, Coupe"
Pontiac,1999,Grand Am,"Sedan, Coupe"
Pontiac,1998,Grand Am,"Sedan, Coupe"
Pontiac,1997,Grand Am,"Sedan, Coupe"
Pontiac,1996,Grand Am,"Sedan, Coupe"
Pontiac,1995,Grand Am,"Coupe, Sedan"
Pontiac,1994,Grand Am,"Sedan, Coupe"
Pontiac,1993,Grand Am,"Coupe, Sedan"
Pontiac,1992,Grand Am,"Sedan, Coupe"
Pontiac,2008,Grand Prix,Sedan
Pontiac,2007,Grand Prix,Sedan
Pontiac,2006,Grand Prix,Sedan
Pontiac,2005,Grand Prix,Sedan
Pontiac,2004,Grand Prix,Sedan
Pontiac,2003,Grand Prix,Sedan
Pontiac,2002,Grand Prix,"Sedan, Coupe"
Pontiac,2001,Grand Prix,"Sedan, Coupe"
Pontiac,2000,Grand Prix,"Sedan, Coupe"
Pontiac,1999,Grand Prix,"Sedan, Coupe"
Pontiac,1998,Grand Prix,"Coupe, Sedan"
Pontiac,1997,Grand Prix,"Sedan, Coupe"
Pontiac,1996,Grand Prix,"Sedan, Coupe"
Pontiac,1995,Grand Prix,"Sedan, Coupe"
Pontiac,1994,Grand Prix,"Sedan, Coupe"
Pontiac,1993,Grand Prix,"Sedan, Coupe"
Pontiac,1992,Grand Prix,"Coupe, Sedan"
Pontiac,2006,GTO,Coupe
Pontiac,2005,GTO,Coupe
Pontiac,2004,GTO,Coupe
Pontiac,1993,LeMans,"Hatchback, Sedan"
Pontiac,1992,LeMans,"Hatchback, Sedan"
Pontiac,2005,Montana,Van/Minivan
Pontiac,2004,Montana,Van/Minivan
Pontiac,2003,Montana,Van/Minivan
Pontiac,2002,Montana,Van/Minivan
Pontiac,2001,Montana,Van/Minivan
Pontiac,2000,Montana,Van/Minivan
Pontiac,1999,Montana,Van/Minivan
Pontiac,2006,Montana SV6,Van/Minivan
Pontiac,2005,Montana SV6,Van/Minivan
Pontiac,2009,Solstice,"Convertible, Coupe"
Pontiac,2008,Solstice,Convertible
Pontiac,2007,Solstice,Convertible
Pontiac,2006,Solstice,Convertible
Pontiac,1994,Sunbird,"Sedan, Coupe, Convertible"
Pontiac,1993,Sunbird,"Coupe, Sedan, Convertible"
Pontiac,1992,Sunbird,"Sedan, Coupe, Convertible"
Pontiac,2005,Sunfire,Coupe
Pontiac,2004,Sunfire,Coupe
Pontiac,2003,Sunfire,Coupe
Pontiac,2002,Sunfire,"Sedan, Coupe"
Pontiac,2001,Sunfire,"Coupe, Sedan"
Pontiac,2000,Sunfire,"Sedan, Coupe, Convertible"
Pontiac,1999,Sunfire,"Coupe, Sedan, Convertible"
Pontiac,1998,Sunfire,"Convertible, Sedan, Coupe"
Pontiac,1997,Sunfire,"Coupe, Convertible, Sedan"
Pontiac,1996,Sunfire,"Sedan, Coupe, Convertible"
Pontiac,1995,Sunfire,"Coupe, Convertible, Sedan"
Pontiac,2009,Torrent,SUV
Pontiac,2008,Torrent,SUV
Pontiac,2007,Torrent,SUV
Pontiac,2006,Torrent,SUV
Pontiac,1998,Trans Sport,Van/Minivan
Pontiac,1997,Trans Sport,Van/Minivan
Pontiac,1996,Trans Sport,Van/Minivan
Pontiac,1995,Trans Sport,Van/Minivan
Pontiac,1994,Trans Sport,Van/Minivan
Pontiac,1993,Trans Sport,Van/Minivan
Pontiac,1992,Trans Sport,Van/Minivan
Pontiac,2010,Vibe,Wagon
Pontiac,2009,Vibe,Wagon
Pontiac,2008,Vibe,Wagon
Pontiac,2007,Vibe,Hatchback
Pontiac,2006,Vibe,Wagon
Pontiac,2005,Vibe,Wagon
Pontiac,2004,Vibe,Wagon
Pontiac,2003,Vibe,Wagon
Porsche,2021,911,"Coupe,Convertible"
Porsche,2020,911,Convertible
Porsche,2019,911,"Coupe, Convertible"
Porsche,2018,911,"Coupe, Convertible"
Porsche,2017,911,"Coupe, Convertible"
Porsche,2016,911,"Coupe, Convertible"
Porsche,2015,911,"Coupe, Convertible"
Porsche,2014,911,"Coupe, Convertible"
Porsche,2013,911,"Coupe, Convertible"
Porsche,2012,911,"Coupe, Convertible"
Porsche,2011,911,"Convertible, Coupe"
Porsche,2010,911,"Coupe, Convertible"
Porsche,2009,911,"Coupe, Convertible"
Porsche,2008,911,"Coupe, Convertible"
Porsche,2007,911,"Coupe, Convertible"
Porsche,2006,911,"Coupe, Convertible"
Porsche,2005,911,"Coupe, Convertible"
Porsche,2004,911,"Convertible, Coupe"
Porsche,2003,911,"Convertible, Coupe"
Porsche,2002,911,"Coupe, Convertible"
Porsche,2001,911,"Coupe, Convertible"
Porsche,2000,911,"Coupe, Convertible"
Porsche,1999,911,"Coupe, Convertible"
Porsche,1998,911,"Coupe, Convertible"
Porsche,1997,911,"Coupe, Convertible"
Porsche,1996,911,"Coupe, Convertible"
Porsche,1995,911,"Coupe, Convertible"
Porsche,1994,911,"Coupe, Convertible"
Porsche,1993,911,"Coupe, Convertible"
Porsche,1992,911,"Coupe, Convertible"
Porsche,1995,928,Hatchback
Porsche,1994,928,Hatchback
Porsche,1993,928,Hatchback
Porsche,1995,968,"Coupe, Convertible"
Porsche,1994,968,"Coupe, Convertible"
Porsche,1993,968,"Coupe, Convertible"
Porsche,1992,968,"Coupe, Convertible"
Porsche,2021,718 Boxster,Convertible
Porsche,2019,718 Boxster,Convertible
Porsche,2018,718 Boxster,Convertible
Porsche,2017,718 Boxster,Convertible
Porsche,2021,718 Cayman,Coupe
Porsche,2019,718 Cayman,Coupe
Porsche,2018,718 Cayman,Coupe
Porsche,2017,718 Cayman,Coupe
Porsche,2021,718 Spyder,Convertible
Porsche,2016,Boxster,Convertible
Porsche,2015,Boxster,Convertible
Porsche,2014,Boxster,Convertible
Porsche,2013,Boxster,Convertible
Porsche,2012,Boxster,Convertible
Porsche,2011,Boxster,Convertible
Porsche,2010,Boxster,Convertible
Porsche,2009,Boxster,Convertible
Porsche,2008,Boxster,Convertible
Porsche,2007,Boxster,Convertible
Porsche,2006,Boxster,Convertible
Porsche,2005,Boxster,Convertible
Porsche,2004,Boxster,Convertible
Porsche,2003,Boxster,Convertible
Porsche,2002,Boxster,Convertible
Porsche,2001,Boxster,Convertible
Porsche,2000,Boxster,Convertible
Porsche,1999,Boxster,Convertible
Porsche,1998,Boxster,Convertible
Porsche,1997,Boxster,Convertible
Porsche,2005,Carrera GT,Convertible
Porsche,2004,Carrera GT,Convertible
Porsche,2021,Cayenne,SUV
Porsche,2020,Cayenne,SUV
Porsche,2019,Cayenne,SUV
Porsche,2018,Cayenne,SUV
Porsche,2017,Cayenne,SUV
Porsche,2016,Cayenne,SUV
Porsche,2015,Cayenne,SUV
Porsche,2014,Cayenne,SUV
Porsche,2013,Cayenne,SUV
Porsche,2012,Cayenne,SUV
Porsche,2011,Cayenne,SUV
Porsche,2010,Cayenne,SUV
Porsche,2009,Cayenne,SUV
Porsche,2008,Cayenne,SUV
Porsche,2006,Cayenne,SUV
Porsche,2005,Cayenne,SUV
Porsche,2004,Cayenne,SUV
Porsche,2003,Cayenne,SUV
Porsche,2021,Cayenne Coupe,SUV
Porsche,2020,Cayenne Coupe,SUV
Porsche,2016,Cayman,Coupe
Porsche,2015,Cayman,Coupe
Porsche,2014,Cayman,Coupe
Porsche,2012,Cayman,Coupe
Porsche,2011,Cayman,Coupe
Porsche,2010,Cayman,Coupe
Porsche,2009,Cayman,Coupe
Porsche,2008,Cayman,Coupe
Porsche,2007,Cayman,Coupe
Porsche,2006,Cayman,Coupe
Porsche,2021,Macan,SUV
Porsche,2020,Macan,SUV
Porsche,2019,Macan,SUV
Porsche,2018,Macan,SUV
Porsche,2017,Macan,SUV
Porsche,2016,Macan,SUV
Porsche,2015,Macan,SUV
Porsche,2021,Panamera,Sedan
Porsche,2020,Panamera,Sedan
Porsche,2019,Panamera,Sedan
Porsche,2018,Panamera,Sedan
Porsche,2017,Panamera,Sedan
Porsche,2016,Panamera,Sedan
Porsche,2015,Panamera,Sedan
Porsche,2014,Panamera,Sedan
Porsche,2013,Panamera,Sedan
Porsche,2012,Panamera,Sedan
Porsche,2011,Panamera,Sedan
Porsche,2010,Panamera,Sedan
Porsche,2021,Taycan,Sedan
Porsche,2020,Taycan,Sedan
Ram,2019,1500 Classic Crew Cab,Pickup
Ram,2019,1500 Classic Quad Cab,Pickup
Ram,2019,1500 Classic Regular Cab,Pickup
Ram,2021,1500 Crew Cab,Pickup
Ram,2020,1500 Crew Cab,Pickup
Ram,2019,1500 Crew Cab,Pickup
Ram,2018,1500 Crew Cab,Pickup
Ram,2017,1500 Crew Cab,Pickup
Ram,2016,1500 Crew Cab,Pickup
Ram,2015,1500 Crew Cab,Pickup
Ram,2014,1500 Crew Cab,Pickup
Ram,2013,1500 Crew Cab,Pickup
Ram,2012,1500 Crew Cab,Pickup
Ram,2011,1500 Crew Cab,Pickup
Ram,2019,1500 Quad Cab,Pickup
Ram,2018,1500 Quad Cab,Pickup
Ram,2017,1500 Quad Cab,Pickup
Ram,2016,1500 Quad Cab,Pickup
Ram,2015,1500 Quad Cab,Pickup
Ram,2014,1500 Quad Cab,Pickup
Ram,2013,1500 Quad Cab,Pickup
Ram,2012,1500 Quad Cab,Pickup
Ram,2011,1500 Quad Cab,Pickup
Ram,2018,1500 Regular Cab,Pickup
Ram,2017,1500 Regular Cab,Pickup
Ram,2016,1500 Regular Cab,Pickup
Ram,2015,1500 Regular Cab,Pickup
Ram,2014,1500 Regular Cab,Pickup
Ram,2013,1500 Regular Cab,Pickup
Ram,2012,1500 Regular Cab,Pickup
Ram,2011,1500 Regular Cab,Pickup
Ram,2021,2500 Crew Cab,Pickup
Ram,2020,2500 Crew Cab,Pickup
Ram,2019,2500 Crew Cab,Pickup
Ram,2018,2500 Crew Cab,Pickup
Ram,2017,2500 Crew Cab,Pickup
Ram,2016,2500 Crew Cab,Pickup
Ram,2015,2500 Crew Cab,Pickup
Ram,2014,2500 Crew Cab,Pickup
Ram,2013,2500 Crew Cab,Pickup
Ram,2012,2500 Crew Cab,Pickup
Ram,2011,2500 Crew Cab,Pickup
Ram,2021,2500 Mega Cab,Pickup
Ram,2019,2500 Mega Cab,Pickup
Ram,2018,2500 Mega Cab,Pickup
Ram,2017,2500 Mega Cab,Pickup
Ram,2016,2500 Mega Cab,Pickup
Ram,2015,2500 Mega Cab,Pickup
Ram,2014,2500 Mega Cab,Pickup
Ram,2013,2500 Mega Cab,Pickup
Ram,2012,2500 Mega Cab,Pickup
Ram,2011,2500 Mega Cab,Pickup
Ram,2019,2500 Regular Cab,Pickup
Ram,2018,2500 Regular Cab,Pickup
Ram,2017,2500 Regular Cab,Pickup
Ram,2016,2500 Regular Cab,Pickup
Ram,2015,2500 Regular Cab,Pickup
Ram,2014,2500 Regular Cab,Pickup
Ram,2013,2500 Regular Cab,Pickup
Ram,2012,2500 Regular Cab,Pickup
Ram,2011,2500 Regular Cab,Pickup
Ram,2020,3500 Crew Cab,Pickup
Ram,2019,3500 Crew Cab,Pickup
Ram,2018,3500 Crew Cab,Pickup
Ram,2017,3500 Crew Cab,Pickup
Ram,2016,3500 Crew Cab,Pickup
Ram,2015,3500 Crew Cab,Pickup
Ram,2014,3500 Crew Cab,Pickup
Ram,2013,3500 Crew Cab,Pickup
Ram,2012,3500 Crew Cab,Pickup
Ram,2011,3500 Crew Cab,Pickup
Ram,2019,3500 Mega Cab,Pickup
Ram,2018,3500 Mega Cab,Pickup
Ram,2017,3500 Mega Cab,Pickup
Ram,2016,3500 Mega Cab,Pickup
Ram,2015,3500 Mega Cab,Pickup
Ram,2014,3500 Mega Cab,Pickup
Ram,2013,3500 Mega Cab,Pickup
Ram,2012,3500 Mega Cab,Pickup
Ram,2011,3500 Mega Cab,Pickup
Ram,2019,3500 Regular Cab,Pickup
Ram,2018,3500 Regular Cab,Pickup
Ram,2017,3500 Regular Cab,Pickup
Ram,2016,3500 Regular Cab,Pickup
Ram,2015,3500 Regular Cab,Pickup
Ram,2014,3500 Regular Cab,Pickup
Ram,2013,3500 Regular Cab,Pickup
Ram,2012,3500 Regular Cab,Pickup
Ram,2011,3500 Regular Cab,Pickup
Ram,2012,C/V,Van/Minivan
Ram,2015,C/V Tradesman,Van/Minivan
Ram,2014,C/V Tradesman,Van/Minivan
Ram,2013,C/V Tradesman,Van/Minivan
Ram,2011,Dakota Crew Cab,Pickup
Ram,2011,Dakota Extended Cab,Pickup
Ram,2014,ProMaster 1500 Cargo,Van/Minivan
Ram,2014,ProMaster 2500 Cargo,Van/Minivan
Ram,2014,ProMaster 3500 Cargo,Van/Minivan
Ram,2021,ProMaster Cargo Van,Van/Minivan
Ram,2019,ProMaster Cargo Van,Van/Minivan
Ram,2018,ProMaster Cargo Van,Van/Minivan
Ram,2017,ProMaster Cargo Van,Van/Minivan
Ram,2016,ProMaster Cargo Van,Van/Minivan
Ram,2015,ProMaster Cargo Van,Van/Minivan
Ram,2021,ProMaster City,Van/Minivan
Ram,2019,ProMaster City,Van/Minivan
Ram,2018,ProMaster City,Van/Minivan
Ram,2017,ProMaster City,Van/Minivan
Ram,2016,ProMaster City,Van/Minivan
Ram,2015,ProMaster City,Van/Minivan
Ram,2021,ProMaster Window Van,Van/Minivan
Ram,2019,ProMaster Window Van,Van/Minivan
Ram,2018,ProMaster Window Van,Van/Minivan
Ram,2017,ProMaster Window Van,Van/Minivan
Ram,2016,ProMaster Window Van,Van/Minivan
Ram,2015,ProMaster Window Van,Van/Minivan
Rivian,2021,R1S,SUV
Rivian,2021,R1T,Pickup
Rolls-Royce,2018,Dawn,Convertible
Rolls-Royce,2017,Dawn,Convertible
Rolls-Royce,2016,Dawn,Convertible
Rolls-Royce,2018,Ghost,Sedan
Rolls-Royce,2017,Ghost,Sedan
Rolls-Royce,2016,Ghost,Sedan
Rolls-Royce,2015,Ghost,Sedan
Rolls-Royce,2014,Ghost,Sedan
Rolls-Royce,2013,Ghost,Sedan
Rolls-Royce,2012,Ghost,Sedan
Rolls-Royce,2011,Ghost,Sedan
Rolls-Royce,2010,Ghost,Sedan
Rolls-Royce,2018,Phantom,Sedan
Rolls-Royce,2016,Phantom,"Sedan, Convertible, Coupe"
Rolls-Royce,2015,Phantom,"Coupe, Convertible, Sedan"
Rolls-Royce,2014,Phantom,"Sedan, Coupe, Convertible"
Rolls-Royce,2013,Phantom,"Sedan, Coupe, Convertible"
Rolls-Royce,2012,Phantom,"Convertible, Coupe, Sedan"
Rolls-Royce,2011,Phantom,"Convertible, Sedan, Coupe"
Rolls-Royce,2010,Phantom,"Convertible, Sedan, Coupe"
Rolls-Royce,2009,Phantom,"Convertible, Coupe, Sedan"
Rolls-Royce,2008,Phantom,"Convertible, Sedan, Coupe"
Rolls-Royce,2007,Phantom,Sedan
Rolls-Royce,2006,Phantom,Sedan
Rolls-Royce,2005,Phantom,Sedan
Rolls-Royce,2018,Wraith,Coupe
Rolls-Royce,2017,Wraith,Coupe
Rolls-Royce,2016,Wraith,Coupe
Rolls-Royce,2015,Wraith,Coupe
Rolls-Royce,2014,Wraith,Coupe
Saab,1998,900,"Hatchback, Convertible"
Saab,1997,900,"Coupe, Hatchback, Convertible"
Saab,1996,900,"Hatchback, Convertible"
Saab,1995,900,"Hatchback, Convertible"
Saab,1994,900,"Coupe, Hatchback, Convertible"
Saab,1993,900,"Hatchback, Sedan, Convertible"
Saab,1992,900,"Sedan, Hatchback, Convertible"
Saab,1998,9000,Hatchback
Saab,1997,9000,Hatchback
Saab,1996,9000,Hatchback
Saab,1995,9000,"Hatchback, Sedan"
Saab,1994,9000,"Hatchback, Sedan"
Saab,1993,9000,"Hatchback, Sedan"
Saab,1992,9000,"Sedan, Hatchback"
Saab,2011,03-Sep,"Sedan, Convertible, Wagon"
Saab,2010,03-Sep,"Wagon, Convertible, Sedan"
Saab,2009,03-Sep,"Sedan, Convertible, Wagon"
Saab,2008,03-Sep,"Sedan, Convertible, Wagon"
Saab,2007,03-Sep,"Wagon, Sedan, Convertible"
Saab,2006,03-Sep,"Sedan, Convertible, Wagon"
Saab,2005,03-Sep,"Convertible, Sedan"
Saab,2004,03-Sep,"Sedan, Convertible"
Saab,2003,03-Sep,"Convertible, Sedan"
Saab,2002,03-Sep,"Convertible, Hatchback"
Saab,2001,03-Sep,"Hatchback, Convertible"
Saab,2000,03-Sep,"Hatchback, Convertible"
Saab,1999,03-Sep,"Hatchback, Convertible"
Saab,2011,05-Sep,Sedan
Saab,2010,05-Sep,Sedan
Saab,2009,05-Sep,"Sedan, Wagon"
Saab,2008,05-Sep,"Sedan, Wagon"
Saab,2007,05-Sep,"Sedan, Wagon"
Saab,2006,05-Sep,"Sedan, Wagon"
Saab,2005,05-Sep,"Sedan, Wagon"
Saab,2004,05-Sep,"Wagon, Sedan"
Saab,2003,05-Sep,"Sedan, Wagon"
Saab,2002,05-Sep,"Sedan, Wagon"
Saab,2001,05-Sep,"Sedan, Wagon"
Saab,2000,05-Sep,"Wagon, Sedan"
Saab,1999,05-Sep,"Sedan, Wagon"
Saab,2006,9-2X,Wagon
Saab,2005,9-2X,Wagon
Saab,2011,9-4X,SUV
Saab,2009,9-7X,SUV
Saab,2008,9-7X,SUV
Saab,2007,9-7X,SUV
Saab,2006,9-7X,SUV
Saab,2005,9-7X,SUV
Saturn,2008,Astra,Hatchback
Saturn,2009,Aura,Sedan
Saturn,2008,Aura,Sedan
Saturn,2007,Aura,Sedan
Saturn,2007,Ion,"Sedan, Coupe"
Saturn,2006,Ion,"Sedan, Coupe"
Saturn,2005,Ion,"Sedan, Coupe"
Saturn,2004,Ion,"Sedan, Coupe"
Saturn,2003,Ion,"Sedan, Coupe"
Saturn,2005,L-Series,Sedan
Saturn,2004,L-Series,"Sedan, Wagon"
Saturn,2003,L-Series,"Sedan, Wagon"
Saturn,2002,L-Series,"Sedan, Wagon"
Saturn,2001,L-Series,"Sedan, Wagon"
Saturn,2000,L-Series,"Sedan, Wagon"
Saturn,2010,Outlook,SUV
Saturn,2009,Outlook,SUV
Saturn,2008,Outlook,SUV
Saturn,2007,Outlook,SUV
Saturn,2007,Relay,Van/Minivan
Saturn,2006,Relay,Van/Minivan
Saturn,2005,Relay,Van/Minivan
Saturn,2009,SKY,Convertible
Saturn,2008,SKY,Convertible
Saturn,2007,SKY,Convertible
Saturn,2002,S-Series,"Coupe, Sedan"
Saturn,2001,S-Series,"Coupe, Sedan, Wagon"
Saturn,2000,S-Series,"Coupe, Sedan, Wagon"
Saturn,1999,S-Series,"Coupe, Sedan, Wagon"
Saturn,1998,S-Series,"Coupe, Sedan, Wagon"
Saturn,1997,S-Series,"Coupe, Sedan, Wagon"
Saturn,1996,S-Series,"Coupe, Sedan, Wagon"
Saturn,1995,S-Series,"Coupe, Sedan, Wagon"
Saturn,1994,S-Series,"Coupe, Sedan, Wagon"
Saturn,1993,S-Series,"Coupe, Sedan, Wagon"
Saturn,1992,S-Series,"Coupe, Sedan"
Saturn,2010,VUE,SUV
Saturn,2009,VUE,SUV
Saturn,2008,VUE,SUV
Saturn,2007,VUE,SUV
Saturn,2006,VUE,SUV
Saturn,2005,VUE,SUV
Saturn,2004,VUE,SUV
Saturn,2003,VUE,SUV
Saturn,2002,VUE,SUV
Scion,2016,FR-S,Coupe
Scion,2015,FR-S,Coupe
Scion,2014,FR-S,Coupe
Scion,2013,FR-S,Coupe
Scion,2016,iA,Sedan
Scion,2016,iM,Hatchback
Scion,2015,iQ,Hatchback
Scion,2014,iQ,Hatchback
Scion,2013,iQ,Hatchback
Scion,2012,iQ,Hatchback
Scion,2016,tC,Coupe
Scion,2015,tC,Coupe
Scion,2014,tC,Coupe
Scion,2013,tC,Coupe
Scion,2012,tC,Coupe
Scion,2011,tC,Coupe
Scion,2010,tC,Coupe
Scion,2009,tC,Coupe
Scion,2008,tC,Coupe
Scion,2007,tC,Coupe
Scion,2006,tC,Coupe
Scion,2005,tC,Coupe
Scion,2006,xA,Hatchback
Scion,2005,xA,Hatchback
Scion,2004,xA,Hatchback
Scion,2015,xB,Hatchback
Scion,2014,xB,Hatchback
Scion,2013,xB,Hatchback
Scion,2012,xB,Hatchback
Scion,2011,xB,Hatchback
Scion,2010,xB,Hatchback
Scion,2009,xB,Hatchback
Scion,2008,xB,Hatchback
Scion,2006,xB,Hatchback
Scion,2005,xB,Hatchback
Scion,2004,xB,Hatchback
Scion,2014,xD,Hatchback
Scion,2013,xD,Hatchback
Scion,2012,xD,Hatchback
Scion,2011,xD,Hatchback
Scion,2010,xD,Hatchback
Scion,2009,xD,Hatchback
Scion,2008,xD,Hatchback
smart,2017,fortwo,Hatchback
smart,2016,fortwo,Hatchback
smart,2015,fortwo,"Hatchback, Convertible"
smart,2014,fortwo,"Hatchback, Convertible"
smart,2013,fortwo,"Hatchback, Convertible"
smart,2012,fortwo,"Hatchback, Convertible"
smart,2011,fortwo,"Hatchback, Convertible"
smart,2010,fortwo,"Hatchback, Convertible"
smart,2009,fortwo,"Hatchback, Convertible"
smart,2008,fortwo,"Hatchback, Convertible"
smart,2017,fortwo cabrio,Convertible
smart,2018,fortwo electric drive,Hatchback
smart,2017,fortwo electric drive,Hatchback
smart,2016,fortwo electric drive,Hatchback
smart,2015,fortwo electric drive,"Hatchback, Convertible"
smart,2014,fortwo electric drive,"Hatchback, Convertible"
smart,2013,fortwo electric drive,"Hatchback, Convertible"
smart,2018,fortwo electric drive cabrio,Convertible
smart,2017,fortwo electric drive cabrio,Convertible
SRT,2014,Viper,Coupe
SRT,2013,Viper,Coupe
Subaru,2021,Ascent,SUV
Subaru,2020,Ascent,SUV
Subaru,2019,Ascent,SUV
Subaru,2007,B9 Tribeca,SUV
Subaru,2006,B9 Tribeca,SUV
Subaru,2006,Baja,Pickup
Subaru,2005,Baja,Pickup
Subaru,2004,Baja,Pickup
Subaru,2003,Baja,Pickup
Subaru,2026,BRZ,Coupe
Subaru,2025,BRZ,Coupe
Subaru,2024,BRZ,Coupe
Subaru,2023,BRZ,Coupe
Subaru,2022,BRZ,Coupe
Subaru,2020,BRZ,Coupe
Subaru,2019,BRZ,Coupe
Subaru,2018,BRZ,Coupe
Subaru,2017,BRZ,Coupe
Subaru,2016,BRZ,Coupe
Subaru,2015,BRZ,Coupe
Subaru,2014,BRZ,Coupe
Subaru,2013,BRZ,Coupe
Subaru,2021,Crosstrek,SUV
Subaru,2020,Crosstrek,SUV
Subaru,2019,Crosstrek,SUV
Subaru,2018,Crosstrek,SUV
Subaru,2017,Crosstrek,SUV
Subaru,2016,Crosstrek,SUV
Subaru,2021,Forester,SUV
Subaru,2020,Forester,SUV
Subaru,2019,Forester,SUV
Subaru,2018,Forester,SUV
Subaru,2017,Forester,SUV
Subaru,2016,Forester,SUV
Subaru,2015,Forester,SUV
Subaru,2014,Forester,SUV
Subaru,2013,Forester,SUV
Subaru,2012,Forester,SUV
Subaru,2011,Forester,SUV
Subaru,2010,Forester,SUV
Subaru,2009,Forester,SUV
Subaru,2008,Forester,SUV
Subaru,2007,Forester,SUV
Subaru,2006,Forester,SUV
Subaru,2005,Forester,SUV
Subaru,2004,Forester,SUV
Subaru,2003,Forester,SUV
Subaru,2002,Forester,SUV
Subaru,2001,Forester,SUV
Subaru,2000,Forester,SUV
Subaru,1999,Forester,SUV
Subaru,1998,Forester,SUV
Subaru,2021,Impreza,"Wagon,Sedan"
Subaru,2020,Impreza,"Wagon, Sedan"
Subaru,2019,Impreza,"Sedan, Wagon"
Subaru,2018,Impreza,"Wagon, Sedan"
Subaru,2017,Impreza,"Wagon, Sedan"
Subaru,2016,Impreza,"Wagon, Sedan"
Subaru,2015,Impreza,"Sedan, Wagon"
Subaru,2014,Impreza,"Sedan, Wagon"
Subaru,2013,Impreza,"Sedan, Wagon"
Subaru,2012,Impreza,"Sedan, Wagon"
Subaru,2011,Impreza,"Wagon, Sedan"
Subaru,2010,Impreza,"Sedan, Wagon"
Subaru,2009,Impreza,"Sedan, Wagon"
Subaru,2008,Impreza,"Sedan, Wagon"
Subaru,2007,Impreza,"Sedan, Wagon"
Subaru,2006,Impreza,"Wagon, Sedan"
Subaru,2005,Impreza,"Sedan, Wagon"
Subaru,2004,Impreza,"Wagon, Sedan"
Subaru,2003,Impreza,"Wagon, Sedan"
Subaru,2002,Impreza,"Wagon, Sedan"
Subaru,2001,Impreza,"Wagon, Sedan, Coupe"
Subaru,2000,Impreza,"Wagon, Sedan, Coupe"
Subaru,1999,Impreza,"Sedan, Coupe, Wagon"
Subaru,1998,Impreza,"Sedan, Wagon, Coupe"
Subaru,1997,Impreza,"Coupe, Wagon, Sedan"
Subaru,1996,Impreza,"Coupe, Sedan, Wagon"
Subaru,1995,Impreza,"Sedan, Wagon, Coupe"
Subaru,1994,Impreza,"Sedan, Wagon"
Subaru,1993,Impreza,"Wagon, Sedan"
Subaru,1994,Justy,Hatchback
Subaru,1993,Justy,Hatchback
Subaru,1992,Justy,Hatchback
Subaru,2021,Legacy,Sedan
Subaru,2020,Legacy,Sedan
Subaru,2019,Legacy,Sedan
Subaru,2018,Legacy,Sedan
Subaru,2017,Legacy,Sedan
Subaru,2016,Legacy,Sedan
Subaru,2015,Legacy,Sedan
Subaru,2014,Legacy,Sedan
Subaru,2013,Legacy,Sedan
Subaru,2012,Legacy,Sedan
Subaru,2011,Legacy,Sedan
Subaru,2010,Legacy,Sedan
Subaru,2009,Legacy,Sedan
Subaru,2008,Legacy,Sedan
Subaru,2007,Legacy,"Sedan, Wagon"
Subaru,2006,Legacy,"Wagon, Sedan"
Subaru,2005,Legacy,"Sedan, Wagon"
Subaru,2004,Legacy,"Sedan, Wagon"
Subaru,2003,Legacy,"Sedan, Wagon"
Subaru,2002,Legacy,"Wagon, Sedan"
Subaru,2001,Legacy,"Sedan, Wagon"
Subaru,2000,Legacy,"Wagon, Sedan"
Subaru,1999,Legacy,"Sedan, Wagon"
Subaru,1998,Legacy,"Sedan, Wagon"
Subaru,1997,Legacy,"Sedan, Wagon"
Subaru,1996,Legacy,"Sedan, Wagon"
Subaru,1995,Legacy,"Sedan, Wagon"
Subaru,1994,Legacy,"Sedan, Wagon"
Subaru,1993,Legacy,"Sedan, Wagon"
Subaru,1992,Legacy,"Sedan, Wagon"
Subaru,1994,Loyale,Wagon
Subaru,1993,Loyale,"Sedan, Wagon"
Subaru,1992,Loyale,"Sedan, Wagon"
Subaru,2021,Outback,SUV
Subaru,2020,Outback,SUV
Subaru,2019,Outback,SUV
Subaru,2018,Outback,SUV
Subaru,2017,Outback,SUV
Subaru,2016,Outback,SUV
Subaru,2015,Outback,SUV
Subaru,2014,Outback,Wagon
Subaru,2013,Outback,Wagon
Subaru,2012,Outback,Wagon
Subaru,2011,Outback,Wagon
Subaru,2010,Outback,Wagon
Subaru,2009,Outback,Wagon
Subaru,2008,Outback,Wagon
Subaru,2007,Outback,"Wagon, Sedan"
Subaru,2006,Outback,"Sedan, Wagon"
Subaru,2005,Outback,"Wagon, Sedan"
Subaru,2004,Outback,"Sedan, Wagon"
Subaru,2003,Outback,"Wagon, Sedan"
Subaru,2002,Outback,"Wagon, Sedan"
Subaru,2001,Outback,"Wagon, Sedan"
Subaru,2000,Outback,"Wagon, Sedan"
Subaru,1997,SVX,Coupe
Subaru,1996,SVX,Coupe
Subaru,1995,SVX,Coupe
Subaru,1994,SVX,Coupe
Subaru,1993,SVX,Coupe
Subaru,1992,SVX,Coupe
Subaru,2014,Tribeca,SUV
Subaru,2013,Tribeca,SUV
Subaru,2012,Tribeca,SUV
Subaru,2011,Tribeca,SUV
Subaru,2010,Tribeca,SUV
Subaru,2009,Tribeca,SUV
Subaru,2008,Tribeca,SUV
Subaru,2020,WRX,Sedan
Subaru,2019,WRX,Sedan
Subaru,2018,WRX,Sedan
Subaru,2017,WRX,Sedan
Subaru,2016,WRX,Sedan
Subaru,2015,WRX,Sedan
Subaru,2015,XV Crosstrek,SUV
Subaru,2014,XV Crosstrek,SUV
Subaru,2013,XV Crosstrek,SUV
Suzuki,2007,Aerio,Sedan
Suzuki,2006,Aerio,"Sedan, Wagon"
Suzuki,2005,Aerio,"Sedan, Wagon"
Suzuki,2004,Aerio,"Sedan, Wagon"
Suzuki,2003,Aerio,"Sedan, Wagon"
Suzuki,2002,Aerio,"Wagon, Sedan"
Suzuki,2012,Equator Crew Cab,Pickup
Suzuki,2011,Equator Crew Cab,Pickup
Suzuki,2010,Equator Crew Cab,Pickup
Suzuki,2009,Equator Crew Cab,Pickup
Suzuki,2012,Equator Extended Cab,Pickup
Suzuki,2011,Equator Extended Cab,Pickup
Suzuki,2010,Equator Extended Cab,Pickup
Suzuki,2009,Equator Extended Cab,Pickup
Suzuki,2002,Esteem,"Sedan, Wagon"
Suzuki,2001,Esteem,"Sedan, Wagon"
Suzuki,2000,Esteem,"Sedan, Wagon"
Suzuki,1999,Esteem,"Sedan, Wagon"
Suzuki,1998,Esteem,"Sedan, Wagon"
Suzuki,1997,Esteem,Sedan
Suzuki,1996,Esteem,Sedan
Suzuki,1995,Esteem,Sedan
Suzuki,2008,Forenza,"Sedan, Wagon"
Suzuki,2007,Forenza,"Sedan, Wagon"
Suzuki,2006,Forenza,"Sedan, Wagon"
Suzuki,2005,Forenza,"Sedan, Wagon"
Suzuki,2004,Forenza,Sedan
Suzuki,2013,Grand Vitara,SUV
Suzuki,2012,Grand Vitara,SUV
Suzuki,2011,Grand Vitara,SUV
Suzuki,2010,Grand Vitara,SUV
Suzuki,2009,Grand Vitara,SUV
Suzuki,2008,Grand Vitara,SUV
Suzuki,2007,Grand Vitara,SUV
Suzuki,2006,Grand Vitara,SUV
Suzuki,2005,Grand Vitara,SUV
Suzuki,2004,Grand Vitara,SUV
Suzuki,2003,Grand Vitara,SUV
Suzuki,2002,Grand Vitara,SUV
Suzuki,2001,Grand Vitara,SUV
Suzuki,2000,Grand Vitara,SUV
Suzuki,1999,Grand Vitara,SUV
Suzuki,2013,Kizashi,Sedan
Suzuki,2012,Kizashi,Sedan
Suzuki,2011,Kizashi,Sedan
Suzuki,2010,Kizashi,Sedan
Suzuki,2008,Reno,Hatchback
Suzuki,2007,Reno,Hatchback
Suzuki,2006,Reno,Hatchback
Suzuki,2005,Reno,Hatchback
Suzuki,1995,Samurai,SUV
Suzuki,1994,Samurai,SUV
Suzuki,1993,Samurai,SUV
Suzuki,1992,Samurai,SUV
Suzuki,1998,Sidekick,SUV
Suzuki,1997,Sidekick,SUV
Suzuki,1996,Sidekick,SUV
Suzuki,1995,Sidekick,SUV
Suzuki,1994,Sidekick,SUV
Suzuki,1993,Sidekick,SUV
Suzuki,1992,Sidekick,SUV
Suzuki,2001,Swift,Hatchback
Suzuki,2000,Swift,Hatchback
Suzuki,1999,Swift,Hatchback
Suzuki,1998,Swift,Hatchback
Suzuki,1997,Swift,Hatchback
Suzuki,1996,Swift,Hatchback
Suzuki,1995,Swift,Hatchback
Suzuki,1994,Swift,"Sedan, Hatchback"
Suzuki,1993,Swift,"Sedan, Hatchback"
Suzuki,1992,Swift,"Sedan, Hatchback"
Suzuki,2013,SX4,"Sedan, Hatchback"
Suzuki,2012,SX4,"Sedan, Hatchback"
Suzuki,2011,SX4,"Sedan, Hatchback"
Suzuki,2010,SX4,"Sedan, Hatchback"
Suzuki,2009,SX4,"Sedan, Hatchback"
Suzuki,2008,SX4,"Sedan, Hatchback"
Suzuki,2007,SX4,Hatchback
Suzuki,2006,Verona,Sedan
Suzuki,2005,Verona,Sedan
Suzuki,2004,Verona,Sedan
Suzuki,2004,Vitara,SUV
Suzuki,2003,Vitara,SUV
Suzuki,2002,Vitara,SUV
Suzuki,2001,Vitara,SUV
Suzuki,2000,Vitara,SUV
Suzuki,1999,Vitara,SUV
Suzuki,1998,X-90,SUV
Suzuki,1997,X-90,SUV
Suzuki,1996,X-90,SUV
Suzuki,2009,XL7,SUV
Suzuki,2008,XL7,SUV
Suzuki,2007,XL7,SUV
Suzuki,2006,XL-7,SUV
Suzuki,2005,XL-7,SUV
Suzuki,2004,XL-7,SUV
Suzuki,2003,XL-7,SUV
Suzuki,2002,XL-7,SUV
Suzuki,2001,XL-7,SUV
Tesla,2019,Model 3,Sedan
Tesla,2018,Model 3,Sedan
Tesla,2021,Model S,Sedan
Tesla,2019,Model S,Sedan
Tesla,2018,Model S,Sedan
Tesla,2017,Model S,Sedan
Tesla,2016,Model S,Sedan
Tesla,2015,Model S,Sedan
Tesla,2014,Model S,Sedan
Tesla,2013,Model S,Sedan
Tesla,2012,Model S,Sedan
Tesla,2021,Model X,SUV
Tesla,2019,Model X,SUV
Tesla,2018,Model X,SUV
Tesla,2017,Model X,SUV
Tesla,2016,Model X,SUV
Toyota,2020,86,Coupe
Toyota,2019,86,Coupe
Toyota,2018,86,Coupe
Toyota,2017,86,Coupe
Toyota,2021,4Runner,SUV
Toyota,2020,4Runner,SUV
Toyota,2019,4Runner,SUV
Toyota,2018,4Runner,SUV
Toyota,2017,4Runner,SUV
Toyota,2016,4Runner,SUV
Toyota,2015,4Runner,SUV
Toyota,2014,4Runner,SUV
Toyota,2013,4Runner,SUV
Toyota,2012,4Runner,SUV
Toyota,2011,4Runner,SUV
Toyota,2010,4Runner,SUV
Toyota,2009,4Runner,SUV
Toyota,2008,4Runner,SUV
Toyota,2007,4Runner,SUV
Toyota,2006,4Runner,SUV
Toyota,2005,4Runner,SUV
Toyota,2004,4Runner,SUV
Toyota,2003,4Runner,SUV
Toyota,2002,4Runner,SUV
Toyota,2001,4Runner,SUV
Toyota,2000,4Runner,SUV
Toyota,1999,4Runner,SUV
Toyota,1998,4Runner,SUV
Toyota,1997,4Runner,SUV
Toyota,1996,4Runner,SUV
Toyota,1995,4Runner,SUV
Toyota,1994,4Runner,SUV
Toyota,1993,4Runner,SUV
Toyota,1992,4Runner,SUV
Toyota,2021,Avalon,Sedan
Toyota,2020,Avalon,Sedan
Toyota,2019,Avalon,Sedan
Toyota,2018,Avalon,Sedan
Toyota,2017,Avalon,Sedan
Toyota,2016,Avalon,Sedan
Toyota,2015,Avalon,Sedan
Toyota,2014,Avalon,Sedan
Toyota,2013,Avalon,Sedan
Toyota,2012,Avalon,Sedan
Toyota,2011,Avalon,Sedan
Toyota,2010,Avalon,Sedan
Toyota,2009,Avalon,Sedan
Toyota,2008,Avalon,Sedan
Toyota,2007,Avalon,Sedan
Toyota,2006,Avalon,Sedan
Toyota,2005,Avalon,Sedan
Toyota,2004,Avalon,Sedan
Toyota,2003,Avalon,Sedan
Toyota,2002,Avalon,Sedan
Toyota,2001,Avalon,Sedan
Toyota,2000,Avalon,Sedan
Toyota,1999,Avalon,Sedan
Toyota,1998,Avalon,Sedan
Toyota,1997,Avalon,Sedan
Toyota,1996,Avalon,Sedan
Toyota,1995,Avalon,Sedan
Toyota,2021,Avalon Hybrid,Sedan
Toyota,2020,Avalon Hybrid,Sedan
Toyota,2019,Avalon Hybrid,Sedan
Toyota,2018,Avalon Hybrid,Sedan
Toyota,2017,Avalon Hybrid,Sedan
Toyota,2021,Camry,Sedan
Toyota,2020,Camry,Sedan
Toyota,2019,Camry,Sedan
Toyota,2018,Camry,Sedan
Toyota,2017,Camry,Sedan
Toyota,2016,Camry,Sedan
Toyota,2015,Camry,Sedan
Toyota,2014,Camry,Sedan
Toyota,2013,Camry,Sedan
Toyota,2012,Camry,Sedan
Toyota,2011,Camry,Sedan
Toyota,2010,Camry,Sedan
Toyota,2009,Camry,Sedan
Toyota,2008,Camry,Sedan
Toyota,2007,Camry,Sedan
Toyota,2006,Camry,Sedan
Toyota,2005,Camry,Sedan
Toyota,2004,Camry,Sedan
Toyota,2003,Camry,Sedan
Toyota,2002,Camry,Sedan
Toyota,2001,Camry,Sedan
Toyota,2000,Camry,Sedan
Toyota,1999,Camry,Sedan
Toyota,1998,Camry,Sedan
Toyota,1997,Camry,Sedan
Toyota,1996,Camry,"Sedan, Coupe, Wagon"
Toyota,1995,Camry,"Sedan, Coupe, Wagon"
Toyota,1994,Camry,"Coupe, Wagon, Sedan"
Toyota,1993,Camry,"Wagon, Sedan"
Toyota,1992,Camry,"Sedan, Wagon"
Toyota,2021,Camry Hybrid,Sedan
Toyota,2020,Camry Hybrid,Sedan
Toyota,2019,Camry Hybrid,Sedan
Toyota,2018,Camry Hybrid,Sedan
Toyota,2017,Camry Hybrid,Sedan
Toyota,2005,Celica,Hatchback
Toyota,2004,Celica,Hatchback
Toyota,2003,Celica,Hatchback
Toyota,2002,Celica,Hatchback
Toyota,2001,Celica,Hatchback
Toyota,2000,Celica,Hatchback
Toyota,1999,Celica,"Hatchback, Convertible"
Toyota,1998,Celica,"Coupe, Hatchback, Convertible"
Toyota,1997,Celica,"Hatchback, Coupe, Convertible"
Toyota,1996,Celica,"Hatchback, Convertible, Coupe"
Toyota,1995,Celica,"Hatchback, Convertible, Coupe"
Toyota,1994,Celica,"Hatchback, Coupe"
Toyota,1993,Celica,"Coupe, Hatchback, Convertible"
Toyota,1992,Celica,"Coupe, Convertible, Hatchback"
Toyota,2021,C-HR,SUV
Toyota,2020,C-HR,SUV
Toyota,2019,C-HR,SUV
Toyota,2018,C-HR,SUV
Toyota,2021,Corolla,Sedan
Toyota,2020,Corolla,Sedan
Toyota,2019,Corolla,Sedan
Toyota,2018,Corolla,Sedan
Toyota,2017,Corolla,Sedan
Toyota,2016,Corolla,Sedan
Toyota,2015,Corolla,Sedan
Toyota,2014,Corolla,Sedan
Toyota,2013,Corolla,Sedan
Toyota,2012,Corolla,Sedan
Toyota,2011,Corolla,Sedan
Toyota,2010,Corolla,Sedan
Toyota,2009,Corolla,Sedan
Toyota,2008,Corolla,Sedan
Toyota,2007,Corolla,Sedan
Toyota,2006,Corolla,Sedan
Toyota,2005,Corolla,Sedan
Toyota,2004,Corolla,Sedan
Toyota,2003,Corolla,Sedan
Toyota,2002,Corolla,Sedan
Toyota,2001,Corolla,Sedan
Toyota,2000,Corolla,Sedan
Toyota,1999,Corolla,Sedan
Toyota,1998,Corolla,Sedan
Toyota,1997,Corolla,Sedan
Toyota,1996,Corolla,"Sedan, Wagon"
Toyota,1995,Corolla,"Sedan, Wagon"
Toyota,1994,Corolla,"Sedan, Wagon"
Toyota,1993,Corolla,"Sedan, Wagon"
Toyota,1992,Corolla,"Sedan, Wagon"
Toyota,2021,Corolla Hatchback,Hatchback
Toyota,2020,Corolla Hatchback,Hatchback
Toyota,2019,Corolla Hatchback,Hatchback
Toyota,2021,Corolla Hybrid,Sedan
Toyota,2020,Corolla Hybrid,Sedan
Toyota,2018,Corolla iM,Hatchback
Toyota,2017,Corolla iM,Hatchback
Toyota,1992,Cressida,Sedan
Toyota,2005,Echo,Sedan
Toyota,2004,Echo,Sedan
Toyota,2003,Echo,Sedan
Toyota,2002,Echo,"Sedan, Coupe"
Toyota,2001,Echo,"Coupe, Sedan"
Toyota,2000,Echo,"Sedan, Coupe"
Toyota,2014,FJ Cruiser,SUV
Toyota,2013,FJ Cruiser,SUV
Toyota,2012,FJ Cruiser,SUV
Toyota,2011,FJ Cruiser,SUV
Toyota,2010,FJ Cruiser,SUV
Toyota,2009,FJ Cruiser,SUV
Toyota,2008,FJ Cruiser,SUV
Toyota,2007,FJ Cruiser,SUV
Toyota,2021,GR Supra,Coupe
Toyota,2020,GR Supra,Coupe
Toyota,2021,Highlander,SUV
Toyota,2020,Highlander,SUV
Toyota,2019,Highlander,SUV
Toyota,2018,Highlander,SUV
Toyota,2017,Highlander,SUV
Toyota,2016,Highlander,SUV
Toyota,2015,Highlander,SUV
Toyota,2014,Highlander,SUV
Toyota,2013,Highlander,SUV
Toyota,2012,Highlander,SUV
Toyota,2011,Highlander,SUV
Toyota,2010,Highlander,SUV
Toyota,2009,Highlander,SUV
Toyota,2008,Highlander,SUV
Toyota,2007,Highlander,SUV
Toyota,2006,Highlander,SUV
Toyota,2005,Highlander,SUV
Toyota,2004,Highlander,SUV
Toyota,2003,Highlander,SUV
Toyota,2002,Highlander,SUV
Toyota,2001,Highlander,SUV
Toyota,2021,Highlander Hybrid,SUV
Toyota,2020,Highlander Hybrid,SUV
Toyota,2019,Highlander Hybrid,SUV
Toyota,2018,Highlander Hybrid,SUV
Toyota,2017,Highlander Hybrid,SUV
Toyota,2021,Land Cruiser,SUV
Toyota,2020,Land Cruiser,SUV
Toyota,2019,Land Cruiser,SUV
Toyota,2018,Land Cruiser,SUV
Toyota,2017,Land Cruiser,SUV
Toyota,2016,Land Cruiser,SUV
Toyota,2015,Land Cruiser,SUV
Toyota,2014,Land Cruiser,SUV
Toyota,2013,Land Cruiser,SUV
Toyota,2011,Land Cruiser,SUV
Toyota,2010,Land Cruiser,SUV
Toyota,2009,Land Cruiser,SUV
Toyota,2008,Land Cruiser,SUV
Toyota,2007,Land Cruiser,SUV
Toyota,2006,Land Cruiser,SUV
Toyota,2005,Land Cruiser,SUV
Toyota,2004,Land Cruiser,SUV
Toyota,2003,Land Cruiser,SUV
Toyota,2002,Land Cruiser,SUV
Toyota,2001,Land Cruiser,SUV
Toyota,2000,Land Cruiser,SUV
Toyota,1999,Land Cruiser,SUV
Toyota,1998,Land Cruiser,SUV
Toyota,1997,Land Cruiser,SUV
Toyota,1996,Land Cruiser,SUV
Toyota,1995,Land Cruiser,SUV
Toyota,1994,Land Cruiser,SUV
Toyota,1993,Land Cruiser,SUV
Toyota,1992,Land Cruiser,SUV
Toyota,2013,Matrix,Wagon
Toyota,2012,Matrix,Wagon
Toyota,2011,Matrix,Wagon
Toyota,2010,Matrix,Wagon
Toyota,2009,Matrix,Wagon
Toyota,2008,Matrix,Wagon
Toyota,2007,Matrix,Wagon
Toyota,2006,Matrix,Wagon
Toyota,2005,Matrix,Wagon
Toyota,2004,Matrix,"Hatchback, Wagon"
Toyota,2003,Matrix,Wagon
Toyota,2019,Mirai,Sedan
Toyota,2018,Mirai,Sedan
Toyota,2017,Mirai,Sedan
Toyota,2016,Mirai,Sedan
Toyota,2005,MR2,Convertible
Toyota,2004,MR2,Convertible
Toyota,2003,MR2,Convertible
Toyota,2002,MR2,Convertible
Toyota,2001,MR2,Convertible
Toyota,2000,MR2,Convertible
Toyota,1995,MR2,Hatchback
Toyota,1994,MR2,Coupe
Toyota,1993,MR2,Coupe
Toyota,1992,MR2,Coupe
Toyota,1997,Paseo,"Hatchback, Convertible"
Toyota,1996,Paseo,Coupe
Toyota,1995,Paseo,Coupe
Toyota,1994,Paseo,Coupe
Toyota,1993,Paseo,Coupe
Toyota,1992,Paseo,Coupe
Toyota,1997,Previa,Van/Minivan
Toyota,1996,Previa,Van/Minivan
Toyota,1995,Previa,Van/Minivan
Toyota,1994,Previa,Van/Minivan
Toyota,1993,Previa,Van/Minivan
Toyota,1992,Previa,Van/Minivan
Toyota,2021,Prius,Hatchback
Toyota,2020,Prius,Hatchback
Toyota,2019,Prius,Hatchback
Toyota,2018,Prius,Hatchback
Toyota,2017,Prius,Hatchback
Toyota,2016,Prius,Hatchback
Toyota,2015,Prius,Hatchback
Toyota,2014,Prius,Hatchback
Toyota,2013,Prius,Hatchback
Toyota,2012,Prius,Hatchback
Toyota,2011,Prius,Hatchback
Toyota,2010,Prius,Hatchback
Toyota,2009,Prius,Hatchback
Toyota,2008,Prius,Hatchback
Toyota,2007,Prius,Hatchback
Toyota,2006,Prius,Hatchback
Toyota,2005,Prius,Hatchback
Toyota,2004,Prius,Sedan
Toyota,2003,Prius,Sedan
Toyota,2002,Prius,Sedan
Toyota,2001,Prius,Sedan
Toyota,2019,Prius c,Hatchback
Toyota,2018,Prius c,Hatchback
Toyota,2017,Prius c,Hatchback
Toyota,2016,Prius c,Hatchback
Toyota,2015,Prius c,Hatchback
Toyota,2014,Prius c,Hatchback
Toyota,2013,Prius c,Hatchback
Toyota,2012,Prius c,Hatchback
Toyota,2015,Prius Plug-in Hybrid,Hatchback
Toyota,2014,Prius Plug-in Hybrid,Hatchback
Toyota,2013,Prius Plug-in Hybrid,Hatchback
Toyota,2012,Prius Plug-in Hybrid,Hatchback
Toyota,2021,Prius Prime,Hatchback
Toyota,2020,Prius Prime,Hatchback
Toyota,2019,Prius Prime,Hatchback
Toyota,2018,Prius Prime,Hatchback
Toyota,2017,Prius Prime,Hatchback
Toyota,2017,Prius v,Wagon
Toyota,2016,Prius v,Wagon
Toyota,2015,Prius v,Wagon
Toyota,2014,Prius v,Wagon
Toyota,2013,Prius v,Wagon
Toyota,2012,Prius v,Wagon
Toyota,2021,RAV4,SUV
Toyota,2020,RAV4,SUV
Toyota,2019,RAV4,SUV
Toyota,2018,RAV4,SUV
Toyota,2017,RAV4,SUV
Toyota,2016,RAV4,SUV
Toyota,2015,RAV4,SUV
Toyota,2014,RAV4,SUV
Toyota,2013,RAV4,SUV
Toyota,2012,RAV4,SUV
Toyota,2011,RAV4,SUV
Toyota,2010,RAV4,SUV
Toyota,2009,RAV4,SUV
Toyota,2008,RAV4,SUV
Toyota,2007,RAV4,SUV
Toyota,2006,RAV4,SUV
Toyota,2005,RAV4,SUV
Toyota,2004,RAV4,SUV
Toyota,2003,RAV4,SUV
Toyota,2002,RAV4,SUV
Toyota,2001,RAV4,SUV
Toyota,2000,RAV4,SUV
Toyota,1999,RAV4,SUV
Toyota,1998,RAV4,SUV
Toyota,1997,RAV4,SUV
Toyota,1996,RAV4,SUV
Toyota,2021,RAV4 Hybrid,SUV
Toyota,2020,RAV4 Hybrid,SUV
Toyota,2019,RAV4 Hybrid,SUV
Toyota,2018,RAV4 Hybrid,SUV
Toyota,2017,RAV4 Hybrid,SUV
Toyota,2021,RAV4 Prime,SUV
Toyota,1995,Regular Cab,Pickup
Toyota,1994,Regular Cab,Pickup
Toyota,1993,Regular Cab,Pickup
Toyota,1992,Regular Cab,Pickup
Toyota,2021,Sequoia,SUV
Toyota,2020,Sequoia,SUV
Toyota,2019,Sequoia,SUV
Toyota,2018,Sequoia,SUV
Toyota,2017,Sequoia,SUV
Toyota,2016,Sequoia,SUV
Toyota,2015,Sequoia,SUV
Toyota,2014,Sequoia,SUV
Toyota,2013,Sequoia,SUV
Toyota,2012,Sequoia,SUV
Toyota,2011,Sequoia,SUV
Toyota,2010,Sequoia,SUV
Toyota,2009,Sequoia,SUV
Toyota,2008,Sequoia,SUV
Toyota,2007,Sequoia,SUV
Toyota,2006,Sequoia,SUV
Toyota,2005,Sequoia,SUV
Toyota,2004,Sequoia,SUV
Toyota,2003,Sequoia,SUV
Toyota,2002,Sequoia,SUV
Toyota,2001,Sequoia,SUV
Toyota,2021,Sienna,Van/Minivan
Toyota,2020,Sienna,Van/Minivan
Toyota,2019,Sienna,Van/Minivan
Toyota,2018,Sienna,Van/Minivan
Toyota,2017,Sienna,Van/Minivan
Toyota,2016,Sienna,Van/Minivan
Toyota,2015,Sienna,Van/Minivan
Toyota,2014,Sienna,Van/Minivan
Toyota,2013,Sienna,Van/Minivan
Toyota,2012,Sienna,Van/Minivan
Toyota,2011,Sienna,Van/Minivan
Toyota,2010,Sienna,Van/Minivan
Toyota,2009,Sienna,Van/Minivan
Toyota,2008,Sienna,Van/Minivan
Toyota,2007,Sienna,Van/Minivan
Toyota,2006,Sienna,Van/Minivan
Toyota,2005,Sienna,Van/Minivan
Toyota,2004,Sienna,Van/Minivan
Toyota,2003,Sienna,Van/Minivan
Toyota,2002,Sienna,Van/Minivan
Toyota,2001,Sienna,Van/Minivan
Toyota,2000,Sienna,Van/Minivan
Toyota,1999,Sienna,Van/Minivan
Toyota,1998,Sienna,Van/Minivan
Toyota,2008,Solara,"Coupe, Convertible"
Toyota,2007,Solara,"Convertible, Coupe"
Toyota,2006,Solara,"Coupe, Convertible"
Toyota,2005,Solara,"Coupe, Convertible"
Toyota,2004,Solara,"Coupe, Convertible"
Toyota,2003,Solara,"Coupe, Convertible"
Toyota,2002,Solara,"Coupe, Convertible"
Toyota,2001,Solara,"Coupe, Convertible"
Toyota,2000,Solara,"Coupe, Convertible"
Toyota,1999,Solara,Coupe
Toyota,1998,Supra,Hatchback
Toyota,1997,Supra,Hatchback
Toyota,1996,Supra,Hatchback
Toyota,1995,Supra,Hatchback
Toyota,1994,Supra,Hatchback
Toyota,1993,Supra,Hatchback
Toyota,1992,Supra,Hatchback
Toyota,1998,T100 Regular Cab,Pickup
Toyota,1997,T100 Regular Cab,Pickup
Toyota,1996,T100 Regular Cab,Pickup
Toyota,1995,T100 Regular Cab,Pickup
Toyota,1994,T100 Regular Cab,Pickup
Toyota,1993,T100 Regular Cab,Pickup
Toyota,1998,T100 Xtracab,Pickup
Toyota,1997,T100 Xtracab,Pickup
Toyota,1996,T100 Xtracab,Pickup
Toyota,1995,T100 Xtracab,Pickup
Toyota,2021,Tacoma Access Cab,Pickup
Toyota,2020,Tacoma Access Cab,Pickup
Toyota,2019,Tacoma Access Cab,Pickup
Toyota,2018,Tacoma Access Cab,Pickup
Toyota,2017,Tacoma Access Cab,Pickup
Toyota,2016,Tacoma Access Cab,Pickup
Toyota,2015,Tacoma Access Cab,Pickup
Toyota,2014,Tacoma Access Cab,Pickup
Toyota,2013,Tacoma Access Cab,Pickup
Toyota,2012,Tacoma Access Cab,Pickup
Toyota,2011,Tacoma Access Cab,Pickup
Toyota,2010,Tacoma Access Cab,Pickup
Toyota,2009,Tacoma Access Cab,Pickup
Toyota,2008,Tacoma Access Cab,Pickup
Toyota,2007,Tacoma Access Cab,Pickup
Toyota,2006,Tacoma Access Cab,Pickup
Toyota,2005,Tacoma Access Cab,Pickup
Toyota,2021,Tacoma Double Cab,Pickup
Toyota,2020,Tacoma Double Cab,Pickup
Toyota,2019,Tacoma Double Cab,Pickup
Toyota,2018,Tacoma Double Cab,Pickup
Toyota,2017,Tacoma Double Cab,Pickup
Toyota,2016,Tacoma Double Cab,Pickup
Toyota,2015,Tacoma Double Cab,Pickup
Toyota,2014,Tacoma Double Cab,Pickup
Toyota,2013,Tacoma Double Cab,Pickup
Toyota,2012,Tacoma Double Cab,Pickup
Toyota,2011,Tacoma Double Cab,Pickup
Toyota,2010,Tacoma Double Cab,Pickup
Toyota,2009,Tacoma Double Cab,Pickup
Toyota,2008,Tacoma Double Cab,Pickup
Toyota,2007,Tacoma Double Cab,Pickup
Toyota,2006,Tacoma Double Cab,Pickup
Toyota,2005,Tacoma Double Cab,Pickup
Toyota,2004,Tacoma Double Cab,Pickup
Toyota,2003,Tacoma Double Cab,Pickup
Toyota,2002,Tacoma Double Cab,Pickup
Toyota,2001,Tacoma Double Cab,Pickup
Toyota,2014,Tacoma Regular Cab,Pickup
Toyota,2013,Tacoma Regular Cab,Pickup
Toyota,2012,Tacoma Regular Cab,Pickup
Toyota,2011,Tacoma Regular Cab,Pickup
Toyota,2010,Tacoma Regular Cab,Pickup
Toyota,2009,Tacoma Regular Cab,Pickup
Toyota,2008,Tacoma Regular Cab,Pickup
Toyota,2007,Tacoma Regular Cab,Pickup
Toyota,2006,Tacoma Regular Cab,Pickup
Toyota,2005,Tacoma Regular Cab,Pickup
Toyota,2004,Tacoma Regular Cab,Pickup
Toyota,2003,Tacoma Regular Cab,Pickup
Toyota,2002,Tacoma Regular Cab,Pickup
Toyota,2001,Tacoma Regular Cab,Pickup
Toyota,2000,Tacoma Regular Cab,Pickup
Toyota,1999,Tacoma Regular Cab,Pickup
Toyota,1998,Tacoma Regular Cab,Pickup
Toyota,1997,Tacoma Regular Cab,Pickup
Toyota,1996,Tacoma Regular Cab,Pickup
Toyota,1995,Tacoma Regular Cab,Pickup
Toyota,2004,Tacoma Xtracab,Pickup
Toyota,2003,Tacoma Xtracab,Pickup
Toyota,2002,Tacoma Xtracab,Pickup
Toyota,2001,Tacoma Xtracab,Pickup
Toyota,2000,Tacoma Xtracab,Pickup
Toyota,1999,Tacoma Xtracab,Pickup
Toyota,1998,Tacoma Xtracab,Pickup
Toyota,1997,Tacoma Xtracab,Pickup
Toyota,1996,Tacoma Xtracab,Pickup
Toyota,1995,Tacoma Xtracab,Pickup
Toyota,1998,Tercel,Sedan
Toyota,1997,Tercel,Sedan
Toyota,1996,Tercel,Sedan
Toyota,1995,Tercel,Sedan
Toyota,1994,Tercel,Sedan
Toyota,1993,Tercel,"Coupe, Sedan"
Toyota,1992,Tercel,Sedan
Toyota,2006,Tundra Access Cab,Pickup
Toyota,2005,Tundra Access Cab,Pickup
Toyota,2004,Tundra Access Cab,Pickup
Toyota,2003,Tundra Access Cab,Pickup
Toyota,2002,Tundra Access Cab,Pickup
Toyota,2001,Tundra Access Cab,Pickup
Toyota,2000,Tundra Access Cab,Pickup
Toyota,2021,Tundra CrewMax,Pickup
Toyota,2020,Tundra CrewMax,Pickup
Toyota,2019,Tundra CrewMax,Pickup
Toyota,2018,Tundra CrewMax,Pickup
Toyota,2017,Tundra CrewMax,Pickup
Toyota,2016,Tundra CrewMax,Pickup
Toyota,2015,Tundra CrewMax,Pickup
Toyota,2014,Tundra CrewMax,Pickup
Toyota,2013,Tundra CrewMax,Pickup
Toyota,2012,Tundra CrewMax,Pickup
Toyota,2011,Tundra CrewMax,Pickup
Toyota,2010,Tundra CrewMax,Pickup
Toyota,2009,Tundra CrewMax,Pickup
Toyota,2008,Tundra CrewMax,Pickup
Toyota,2007,Tundra CrewMax,Pickup
Toyota,2021,Tundra Double Cab,Pickup
Toyota,2020,Tundra Double Cab,Pickup
Toyota,2019,Tundra Double Cab,Pickup
Toyota,2018,Tundra Double Cab,Pickup
Toyota,2017,Tundra Double Cab,Pickup
Toyota,2016,Tundra Double Cab,Pickup
Toyota,2015,Tundra Double Cab,Pickup
Toyota,2014,Tundra Double Cab,Pickup
Toyota,2013,Tundra Double Cab,Pickup
Toyota,2012,Tundra Double Cab,Pickup
Toyota,2011,Tundra Double Cab,Pickup
Toyota,2010,Tundra Double Cab,Pickup
Toyota,2009,Tundra Double Cab,Pickup
Toyota,2008,Tundra Double Cab,Pickup
Toyota,2007,Tundra Double Cab,Pickup
Toyota,2006,Tundra Double Cab,Pickup
Toyota,2005,Tundra Double Cab,Pickup
Toyota,2004,Tundra Double Cab,Pickup
Toyota,2017,Tundra Regular Cab,Pickup
Toyota,2016,Tundra Regular Cab,Pickup
Toyota,2015,Tundra Regular Cab,Pickup
Toyota,2014,Tundra Regular Cab,Pickup
Toyota,2013,Tundra Regular Cab,Pickup
Toyota,2012,Tundra Regular Cab,Pickup
Toyota,2011,Tundra Regular Cab,Pickup
Toyota,2010,Tundra Regular Cab,Pickup
Toyota,2009,Tundra Regular Cab,Pickup
Toyota,2008,Tundra Regular Cab,Pickup
Toyota,2007,Tundra Regular Cab,Pickup
Toyota,2006,Tundra Regular Cab,Pickup
Toyota,2005,Tundra Regular Cab,Pickup
Toyota,2004,Tundra Regular Cab,Pickup
Toyota,2003,Tundra Regular Cab,Pickup
Toyota,2002,Tundra Regular Cab,Pickup
Toyota,2001,Tundra Regular Cab,Pickup
Toyota,2000,Tundra Regular Cab,Pickup
Toyota,2021,Venza,SUV
Toyota,2015,Venza,Wagon
Toyota,2014,Venza,Wagon
Toyota,2013,Venza,SUV
Toyota,2012,Venza,Wagon
Toyota,2011,Venza,Wagon
Toyota,2010,Venza,Wagon
Toyota,2009,Venza,Wagon
Toyota,1995,Xtra Cab,Pickup
Toyota,1994,Xtra Cab,Pickup
Toyota,1993,Xtra Cab,Pickup
Toyota,1992,Xtra Cab,Pickup
Toyota,2020,Yaris,Sedan
Toyota,2019,Yaris,Sedan
Toyota,2018,Yaris,Hatchback
Toyota,2017,Yaris,Hatchback
Toyota,2016,Yaris,Hatchback
Toyota,2015,Yaris,Hatchback
Toyota,2014,Yaris,Hatchback
Toyota,2013,Yaris,Hatchback
Toyota,2012,Yaris,"Hatchback, Sedan"
Toyota,2011,Yaris,"Hatchback, Sedan"
Toyota,2010,Yaris,"Sedan, Hatchback"
Toyota,2009,Yaris,"Hatchback, Sedan"
Toyota,2008,Yaris,"Hatchback, Sedan"
Toyota,2007,Yaris,"Hatchback, Sedan"
Toyota,2020,Yaris Hatchback,Hatchback
Toyota,2018,Yaris iA,Sedan
Toyota,2017,Yaris iA,Sedan
Volkswagen,2019,Arteon,Sedan
Volkswagen,2021,Atlas,SUV
Volkswagen,2019,Atlas,SUV
Volkswagen,2018,Atlas,SUV
Volkswagen,2021,Atlas Cross Sport,SUV
Volkswagen,2019,Beetle,"Convertible, Coupe, Hatchback"
Volkswagen,2018,Beetle,"Hatchback, Convertible"
Volkswagen,2017,Beetle,"Hatchback, Convertible"
Volkswagen,2016,Beetle,"Hatchback, Convertible"
Volkswagen,2015,Beetle,"Hatchback, Convertible"
Volkswagen,2014,Beetle,"Hatchback, Convertible"
Volkswagen,2013,Beetle,"Hatchback, Convertible"
Volkswagen,2012,Beetle,Hatchback
Volkswagen,2002,Cabrio,Convertible
Volkswagen,2001,Cabrio,Convertible
Volkswagen,2000,Cabrio,Convertible
Volkswagen,1999,Cabrio,Convertible
Volkswagen,1998,Cabrio,Convertible
Volkswagen,1997,Cabrio,Convertible
Volkswagen,1996,Cabrio,Convertible
Volkswagen,1995,Cabrio,Convertible
Volkswagen,1999,Cabrio (New),Convertible
Volkswagen,1993,Cabriolet,Convertible
Volkswagen,1992,Cabriolet,Convertible
Volkswagen,2017,CC,Sedan
Volkswagen,2016,CC,Sedan
Volkswagen,2015,CC,Sedan
Volkswagen,2014,CC,Sedan
Volkswagen,2013,CC,Sedan
Volkswagen,2012,CC,Sedan
Volkswagen,2011,CC,Sedan
Volkswagen,2010,CC,Sedan
Volkswagen,2009,CC,Sedan
Volkswagen,1994,Corrado,Coupe
Volkswagen,1993,Corrado,Hatchback
Volkswagen,1992,Corrado,Coupe
Volkswagen,2019,e-Golf,Hatchback
Volkswagen,2018,e-Golf,Hatchback
Volkswagen,2017,e-Golf,Hatchback
Volkswagen,2016,e-Golf,Hatchback
Volkswagen,2015,e-Golf,Hatchback
Volkswagen,2016,Eos,Convertible
Volkswagen,2015,Eos,Convertible
Volkswagen,2014,Eos,Convertible
Volkswagen,2013,Eos,Convertible
Volkswagen,2012,Eos,Convertible
Volkswagen,2011,Eos,Convertible
Volkswagen,2010,Eos,Convertible
Volkswagen,2009,Eos,Convertible
Volkswagen,2008,Eos,Convertible
Volkswagen,2007,Eos,Convertible
Volkswagen,2003,Eurovan,Van/Minivan
Volkswagen,2002,Eurovan,Van/Minivan
Volkswagen,2001,Eurovan,Van/Minivan
Volkswagen,2000,Eurovan,Van/Minivan
Volkswagen,1999,Eurovan,Van/Minivan
Volkswagen,1993,Eurovan,Van/Minivan
Volkswagen,1993,Fox,"Coupe, Sedan"
Volkswagen,1992,Fox,"Sedan, Coupe"
Volkswagen,2009,GLI,Sedan
Volkswagen,2008,GLI,Sedan
Volkswagen,2021,Golf,Hatchback
Volkswagen,2019,Golf,Hatchback
Volkswagen,2018,Golf,Hatchback
Volkswagen,2017,Golf,Hatchback
Volkswagen,2016,Golf,Hatchback
Volkswagen,2015,Golf,Hatchback
Volkswagen,2014,Golf,Hatchback
Volkswagen,2013,Golf,Hatchback
Volkswagen,2012,Golf,Hatchback
Volkswagen,2011,Golf,Hatchback
Volkswagen,2010,Golf,Hatchback
Volkswagen,2006,Golf,Hatchback
Volkswagen,2005,Golf,Hatchback
Volkswagen,2004,Golf,Hatchback
Volkswagen,2003,Golf,Hatchback
Volkswagen,2002,Golf,Hatchback
Volkswagen,2001,Golf,Hatchback
Volkswagen,2000,Golf,Hatchback
Volkswagen,1999,Golf,Hatchback
Volkswagen,1998,Golf,Hatchback
Volkswagen,1997,Golf,Hatchback
Volkswagen,1996,Golf,Hatchback
Volkswagen,1992,Golf,Hatchback
Volkswagen,1999,Golf (New),Hatchback
Volkswagen,2019,Golf Alltrack,Wagon
Volkswagen,2018,Golf Alltrack,Wagon
Volkswagen,2017,Golf Alltrack,Wagon
Volkswagen,2019,Golf GTI,Hatchback
Volkswagen,2018,Golf GTI,Hatchback
Volkswagen,2017,Golf GTI,Hatchback
Volkswagen,2016,Golf GTI,Hatchback
Volkswagen,2015,Golf GTI,Hatchback
Volkswagen,1995,Golf III,Hatchback
Volkswagen,1994,Golf III,Hatchback
Volkswagen,1993,Golf III,Hatchback
Volkswagen,2019,Golf R,Hatchback
Volkswagen,2018,Golf R,Hatchback
Volkswagen,2017,Golf R,Hatchback
Volkswagen,2016,Golf R,Hatchback
Volkswagen,2015,Golf R,Hatchback
Volkswagen,2019,Golf SportWagen,Wagon
Volkswagen,2018,Golf SportWagen,Wagon
Volkswagen,2017,Golf SportWagen,Wagon
Volkswagen,2016,Golf SportWagen,Wagon
Volkswagen,2015,Golf SportWagen,Wagon
Volkswagen,2014,GTI,Hatchback
Volkswagen,2013,GTI,Hatchback
Volkswagen,2012,GTI,Hatchback
Volkswagen,2011,GTI,Hatchback
Volkswagen,2010,GTI,Hatchback
Volkswagen,2009,GTI,Hatchback
Volkswagen,2008,GTI,Hatchback
Volkswagen,2007,GTI,Hatchback
Volkswagen,2006,GTI,Hatchback
Volkswagen,2005,GTI,Hatchback
Volkswagen,2004,GTI,Hatchback
Volkswagen,2003,GTI,Hatchback
Volkswagen,2002,GTI,Hatchback
Volkswagen,2001,GTI,Hatchback
Volkswagen,2000,GTI,Hatchback
Volkswagen,1995,GTI,Hatchback
Volkswagen,1992,GTI,Hatchback
Volkswagen,1999,GTI (New),Hatchback
Volkswagen,2021,Jetta,Sedan
Volkswagen,2020,Jetta,Sedan
Volkswagen,2019,Jetta,Sedan
Volkswagen,2018,Jetta,Sedan
Volkswagen,2017,Jetta,Sedan
Volkswagen,2016,Jetta,Sedan
Volkswagen,2015,Jetta,Sedan
Volkswagen,2014,Jetta,Sedan
Volkswagen,2013,Jetta,Sedan
Volkswagen,2012,Jetta,Sedan
Volkswagen,2011,Jetta,"Sedan, Wagon"
Volkswagen,2010,Jetta,"Sedan, Wagon"
Volkswagen,2009,Jetta,"Sedan, Wagon"
Volkswagen,2008,Jetta,Sedan
Volkswagen,2007,Jetta,Sedan
Volkswagen,2006,Jetta,Sedan
Volkswagen,2005,Jetta,"Sedan, Wagon"
Volkswagen,2004,Jetta,"Wagon, Sedan"
Volkswagen,2003,Jetta,"Wagon, Sedan"
Volkswagen,2002,Jetta,"Sedan, Wagon"
Volkswagen,2001,Jetta,"Sedan, Wagon"
Volkswagen,2000,Jetta,Sedan
Volkswagen,1999,Jetta,Sedan
Volkswagen,1998,Jetta,Sedan
Volkswagen,1997,Jetta,Sedan
Volkswagen,1996,Jetta,Sedan
Volkswagen,1992,Jetta,Sedan
Volkswagen,2005,Jetta (New),Sedan
Volkswagen,1999,Jetta (New),Sedan
Volkswagen,2019,Jetta GLI,Sedan
Volkswagen,1995,Jetta III,Sedan
Volkswagen,1994,Jetta III,Sedan
Volkswagen,1993,Jetta III,Sedan
Volkswagen,2014,Jetta SportWagen,Wagon
Volkswagen,2013,Jetta SportWagen,Wagon
Volkswagen,2012,Jetta SportWagen,Wagon
Volkswagen,2010,New Beetle,"Hatchback, Convertible"
Volkswagen,2009,New Beetle,"Hatchback, Convertible"
Volkswagen,2008,New Beetle,"Hatchback, Convertible"
Volkswagen,2007,New Beetle,"Hatchback, Convertible"
Volkswagen,2006,New Beetle,"Hatchback, Convertible"
Volkswagen,2005,New Beetle,"Hatchback, Convertible"
Volkswagen,2004,New Beetle,"Hatchback, Convertible"
Volkswagen,2003,New Beetle,"Convertible, Hatchback"
Volkswagen,2002,New Beetle,Hatchback
Volkswagen,2001,New Beetle,Hatchback
Volkswagen,2000,New Beetle,Hatchback
Volkswagen,1999,New Beetle,Hatchback
Volkswagen,1998,New Beetle,Hatchback
Volkswagen,2021,Passat,Sedan
Volkswagen,2020,Passat,Sedan
Volkswagen,2019,Passat,Sedan
Volkswagen,2018,Passat,Sedan
Volkswagen,2017,Passat,Sedan
Volkswagen,2016,Passat,Sedan
Volkswagen,2015,Passat,Sedan
Volkswagen,2014,Passat,Sedan
Volkswagen,2013,Passat,Sedan
Volkswagen,2012,Passat,Sedan
Volkswagen,2010,Passat,"Sedan, Wagon"
Volkswagen,2009,Passat,"Wagon, Sedan"
Volkswagen,2008,Passat,"Sedan, Wagon"
Volkswagen,2007,Passat,"Sedan, Wagon"
Volkswagen,2006,Passat,Sedan
Volkswagen,2005,Passat,"Sedan, Wagon"
Volkswagen,2004,Passat,"Sedan, Wagon"
Volkswagen,2003,Passat,"Wagon, Sedan"
Volkswagen,2002,Passat,"Sedan, Wagon"
Volkswagen,2001,Passat,"Sedan, Wagon"
Volkswagen,2000,Passat,"Wagon, Sedan"
Volkswagen,1999,Passat,"Sedan, Wagon"
Volkswagen,1998,Passat,"Sedan, Wagon"
Volkswagen,1997,Passat,"Sedan, Wagon"
Volkswagen,1996,Passat,"Sedan, Wagon"
Volkswagen,1995,Passat,"Sedan, Wagon"
Volkswagen,1994,Passat,"Sedan, Wagon"
Volkswagen,1993,Passat,"Sedan, Wagon"
Volkswagen,1992,Passat,"Sedan, Wagon"
Volkswagen,2001,Passat (New),"Sedan, Wagon"
Volkswagen,2006,Phaeton,Sedan
Volkswagen,2005,Phaeton,Sedan
Volkswagen,2004,Phaeton,Sedan
Volkswagen,2008,R32,Hatchback
Volkswagen,2004,R32,Hatchback
Volkswagen,2009,Rabbit,Hatchback
Volkswagen,2008,Rabbit,Hatchback
Volkswagen,2007,Rabbit,Hatchback
Volkswagen,2006,Rabbit,Hatchback
Volkswagen,2014,Routan,Van/Minivan
Volkswagen,2013,Routan,Van/Minivan
Volkswagen,2012,Routan,Van/Minivan
Volkswagen,2011,Routan,Van/Minivan
Volkswagen,2010,Routan,Van/Minivan
Volkswagen,2009,Routan,Van/Minivan
Volkswagen,2026,Tiguan,SUV
Volkswagen,2025,Tiguan,SUV
Volkswagen,2024,Tiguan,SUV
Volkswagen,2023,Tiguan,SUV
Volkswagen,2022,Tiguan,SUV
Volkswagen,2021,Tiguan,SUV
Volkswagen,2020,Tiguan,SUV
Volkswagen,2019,Tiguan,SUV
Volkswagen,2018,Tiguan,SUV
Volkswagen,2017,Tiguan,SUV
Volkswagen,2016,Tiguan,SUV
Volkswagen,2015,Tiguan,SUV
Volkswagen,2014,Tiguan,SUV
Volkswagen,2013,Tiguan,SUV
Volkswagen,2012,Tiguan,SUV
Volkswagen,2011,Tiguan,SUV
Volkswagen,2010,Tiguan,SUV
Volkswagen,2009,Tiguan,SUV
Volkswagen,2018,Tiguan Limited,SUV
Volkswagen,2017,Tiguan Limited,SUV
Volkswagen,2017,Touareg,SUV
Volkswagen,2016,Touareg,SUV
Volkswagen,2015,Touareg,SUV
Volkswagen,2014,Touareg,SUV
Volkswagen,2013,Touareg,SUV
Volkswagen,2012,Touareg,SUV
Volkswagen,2011,Touareg,SUV
Volkswagen,2010,Touareg,SUV
Volkswagen,2007,Touareg,SUV
Volkswagen,2006,Touareg,SUV
Volkswagen,2005,Touareg,SUV
Volkswagen,2004,Touareg,SUV
Volkswagen,2009,Touareg 2,SUV
Volkswagen,2008,Touareg 2,SUV
Volvo,1993,240,"Sedan, Wagon"
Volvo,1992,240,"Wagon, Sedan"
Volvo,1992,740,"Wagon, Sedan"
Volvo,1997,850,"Sedan, Wagon"
Volvo,1996,850,"Wagon, Sedan"
Volvo,1995,850,"Wagon, Sedan"
Volvo,1994,850,"Wagon, Sedan"
Volvo,1993,850,Sedan
Volvo,1995,940,"Sedan, Wagon"
Volvo,1994,940,"Sedan, Wagon"
Volvo,1993,940,"Sedan, Wagon"
Volvo,1992,940,"Sedan, Wagon"
Volvo,1997,960,"Sedan, Wagon"
Volvo,1996,960,"Sedan, Wagon"
Volvo,1995,960,"Sedan, Wagon"
Volvo,1994,960,"Sedan, Wagon"
Volvo,1993,960,"Sedan, Wagon"
Volvo,1992,960,"Sedan, Wagon"
Volvo,2013,C30,Hatchback
Volvo,2012,C30,Hatchback
Volvo,2011,C30,Hatchback
Volvo,2010,C30,Hatchback
Volvo,2009,C30,Hatchback
Volvo,2008,C30,Hatchback
Volvo,2013,C70,Convertible
Volvo,2012,C70,Convertible
Volvo,2011,C70,Convertible
Volvo,2010,C70,Convertible
Volvo,2009,C70,Convertible
Volvo,2008,C70,Convertible
Volvo,2007,C70,Convertible
Volvo,2006,C70,Convertible
Volvo,2004,C70,Convertible
Volvo,2003,C70,Convertible
Volvo,2002,C70,"Convertible, Coupe"
Volvo,2001,C70,"Convertible, Coupe"
Volvo,2000,C70,"Coupe, Convertible"
Volvo,1999,C70,"Coupe, Convertible"
Volvo,1998,C70,"Coupe, Convertible"
Volvo,2011,S40,Sedan
Volvo,2010,S40,Sedan
Volvo,2009,S40,Sedan
Volvo,2008,S40,Sedan
Volvo,2007,S40,Sedan
Volvo,2006,S40,Sedan
Volvo,2005,S40,Sedan
Volvo,2004,S40,Sedan
Volvo,2003,S40,Sedan
Volvo,2002,S40,Sedan
Volvo,2001,S40,Sedan
Volvo,2000,S40,Sedan
Volvo,2004,S40 (New),Sedan
Volvo,2019,S60,Sedan
Volvo,2018,S60,Sedan
Volvo,2017,S60,Sedan
Volvo,2016,S60,Sedan
Volvo,2015,S60,Sedan
Volvo,2014,S60,Sedan
Volvo,2013,S60,Sedan
Volvo,2012,S60,Sedan
Volvo,2011,S60,Sedan
Volvo,2009,S60,Sedan
Volvo,2008,S60,Sedan
Volvo,2007,S60,Sedan
Volvo,2006,S60,Sedan
Volvo,2005,S60,Sedan
Volvo,2004,S60,Sedan
Volvo,2003,S60,Sedan
Volvo,2002,S60,Sedan
Volvo,2001,S60,Sedan
Volvo,2000,S70,Sedan
Volvo,1999,S70,Sedan
Volvo,1998,S70,Sedan
Volvo,2016,S80,Sedan
Volvo,2015,S80,Sedan
Volvo,2014,S80,Sedan
Volvo,2013,S80,Sedan
Volvo,2012,S80,Sedan
Volvo,2011,S80,Sedan
Volvo,2010,S80,Sedan
Volvo,2009,S80,Sedan
Volvo,2008,S80,Sedan
Volvo,2007,S80,Sedan
Volvo,2006,S80,Sedan
Volvo,2005,S80,Sedan
Volvo,2004,S80,Sedan
Volvo,2003,S80,Sedan
Volvo,2002,S80,Sedan
Volvo,2001,S80,Sedan
Volvo,2000,S80,Sedan
Volvo,1999,S80,Sedan
Volvo,2021,S90,Sedan
Volvo,2019,S90,Sedan
Volvo,2018,S90,Sedan
Volvo,2017,S90,Sedan
Volvo,1998,S90,Sedan
Volvo,1997,S90,Sedan
Volvo,2004,V40,Wagon
Volvo,2003,V40,Wagon
Volvo,2002,V40,Wagon
Volvo,2001,V40,Wagon
Volvo,2000,V40,Wagon
Volvo,2011,V50,Wagon
Volvo,2010,V50,Wagon
Volvo,2009,V50,Wagon
Volvo,2008,V50,Wagon
Volvo,2007,V50,Wagon
Volvo,2006,V50,Wagon
Volvo,2005,V50,Wagon
Volvo,2021,V60,Wagon
Volvo,2019,V60,Wagon
Volvo,2018,V60,Wagon
Volvo,2017,V60,Wagon
Volvo,2016,V60,Wagon
Volvo,2015,V60,Wagon
Volvo,2010,V70,Wagon
Volvo,2009,V70,Wagon
Volvo,2008,V70,Wagon
Volvo,2007,V70,Wagon
Volvo,2006,V70,Wagon
Volvo,2005,V70,Wagon
Volvo,2004,V70,Wagon
Volvo,2003,V70,Wagon
Volvo,2002,V70,Wagon
Volvo,2001,V70,Wagon
Volvo,2000,V70,Wagon
Volvo,1999,V70,Wagon
Volvo,1998,V70,Wagon
Volvo,2021,V90,Wagon
Volvo,2019,V90,Wagon
Volvo,2018,V90,Wagon
Volvo,2017,V90,Wagon
Volvo,1998,V90,Wagon
Volvo,1997,V90,Wagon
Volvo,2021,XC40,SUV
Volvo,2020,XC40,SUV
Volvo,2019,XC40,SUV
Volvo,2021,XC60,SUV
Volvo,2020,XC60,SUV
Volvo,2019,XC60,SUV
Volvo,2018,XC60,SUV
Volvo,2017,XC60,SUV
Volvo,2016,XC60,SUV
Volvo,2015,XC60,SUV
Volvo,2014,XC60,SUV
Volvo,2013,XC60,SUV
Volvo,2012,XC60,SUV
Volvo,2011,XC60,SUV
Volvo,2010,XC60,SUV
Volvo,2016,XC70,Wagon
Volvo,2015,XC70,Wagon
Volvo,2014,XC70,Wagon
Volvo,2013,XC70,Wagon
Volvo,2012,XC70,Wagon
Volvo,2011,XC70,Wagon
Volvo,2010,XC70,Wagon
Volvo,2009,XC70,Wagon
Volvo,2008,XC70,Wagon
Volvo,2007,XC70,Wagon
Volvo,2006,XC70,Wagon
Volvo,2005,XC70,Wagon
Volvo,2004,XC70,Wagon
Volvo,2003,XC70,Wagon
Volvo,2021,XC90,SUV
Volvo,2020,XC90,SUV1992
Volvo,2019,XC90,SUV2020
Volvo,2018,XC90,SUV
Volvo,2017,XC90,SUV
Volvo,2016,XC90,SUV
Volvo,2014,XC90,SUV
Volvo,2013,XC90,SUV
Volvo,2012,XC90,SUV
Volvo,2011,XC90,SUV
Volvo,2010,XC90,SUV
Volvo,2009,XC90,SUV
Volvo,2008,XC90,SUV
Volvo,2007,XC90,SUV
Volvo,2006,XC90,SUV
Volvo,2005,XC90,SUV
Volvo,2004,XC90,SUV
Volvo,2003,XC90,SUV
